user_id,product_id,event_type,timestamp
349,73,add_to_cart,2025-09-08 17:25:19.936687
320,10,add_to_cart,2025-07-13 17:25:19.936687
421,61,click,2025-07-21 17:25:19.936687
468,50,add_to_cart,2025-06-30 17:25:19.936687
49,122,click,2025-12-12 17:25:19.936687
405,175,purchase,2025-09-23 17:25:19.936687
74,1,click,2025-11-22 17:25:19.936687
192,38,click,2025-07-24 17:25:19.936687
261,190,add_to_cart,2025-08-05 17:25:19.936687
356,79,add_to_cart,2025-10-20 17:25:19.936687
70,190,click,2025-07-15 17:25:19.936687
90,184,click,2025-09-07 17:25:19.936687
260,67,click,2025-07-24 17:25:19.936687
126,17,purchase,2025-12-08 17:25:19.936687
231,296,click,2025-12-06 17:25:19.936687
295,209,click,2025-06-21 17:25:19.936687
498,41,click,2025-08-14 17:25:19.936687
419,115,click,2025-12-02 17:25:19.936687
129,100,click,2025-09-16 17:25:19.936687
280,139,add_to_cart,2025-11-19 17:25:19.936687
313,294,purchase,2025-12-11 17:25:19.936687
100,17,click,2025-09-28 17:25:19.936687
326,292,add_to_cart,2025-07-13 17:25:19.936687
297,74,click,2025-08-05 17:25:19.936687
182,263,click,2025-09-21 17:25:19.936687
174,16,click,2025-07-29 17:25:19.936687
316,14,click,2025-12-08 17:25:19.936687
364,281,add_to_cart,2025-10-18 17:25:19.936687
188,4,click,2025-10-17 17:25:19.936687
57,127,purchase,2025-09-27 17:25:19.936687
31,6,add_to_cart,2025-10-22 17:25:19.936687
84,129,add_to_cart,2025-09-13 17:25:19.936687
152,232,purchase,2025-06-28 17:25:19.936687
473,195,purchase,2025-11-05 17:25:19.936687
36,65,click,2025-12-06 17:25:19.936687
213,103,click,2025-08-22 17:25:19.936687
414,277,click,2025-09-23 17:25:19.936687
408,158,add_to_cart,2025-08-31 17:25:19.936687
364,224,click,2025-12-09 17:25:19.936687
106,289,purchase,2025-11-25 17:25:19.936687
414,278,click,2025-10-02 17:25:19.936687
342,182,click,2025-09-06 17:25:19.936687
220,4,click,2025-11-02 17:25:19.936687
391,215,add_to_cart,2025-09-19 17:25:19.936687
163,217,click,2025-11-09 17:25:19.936687
439,209,click,2025-06-27 17:25:19.936687
220,74,click,2025-10-12 17:25:19.937688
270,227,click,2025-08-24 17:25:19.937688
120,93,click,2025-12-10 17:25:19.937688
394,65,click,2025-11-08 17:25:19.937688
336,10,click,2025-06-28 17:25:19.937688
400,278,click,2025-10-20 17:25:19.937688
182,86,purchase,2025-10-07 17:25:19.937688
479,26,purchase,2025-10-12 17:25:19.937688
106,218,click,2025-08-26 17:25:19.937688
217,95,click,2025-11-11 17:25:19.937688
205,244,click,2025-11-22 17:25:19.937688
70,107,purchase,2025-11-08 17:25:19.937688
44,248,click,2025-12-13 17:25:19.937688
329,14,click,2025-06-20 17:25:19.937688
301,161,click,2025-07-01 17:25:19.937688
228,71,click,2025-10-23 17:25:19.937688
184,152,click,2025-10-11 17:25:19.937688
107,75,add_to_cart,2025-08-23 17:25:19.937688
84,215,click,2025-10-17 17:25:19.937688
338,51,click,2025-12-01 17:25:19.937688
250,143,click,2025-06-25 17:25:19.937688
363,36,add_to_cart,2025-08-28 17:25:19.937688
441,167,click,2025-12-12 17:25:19.937688
21,236,click,2025-11-22 17:25:19.937688
196,260,add_to_cart,2025-09-24 17:25:19.937688
178,192,purchase,2025-09-13 17:25:19.937688
417,202,click,2025-09-04 17:25:19.937688
475,262,click,2025-11-06 17:25:19.937688
7,185,click,2025-11-19 17:25:19.937688
70,158,purchase,2025-06-19 17:25:19.937688
127,246,click,2025-11-09 17:25:19.937688
399,110,click,2025-12-15 17:25:19.937688
466,99,click,2025-08-01 17:25:19.937688
160,241,click,2025-07-23 17:25:19.937688
248,202,click,2025-08-15 17:25:19.937688
203,122,purchase,2025-11-07 17:25:19.937688
148,117,click,2025-11-16 17:25:19.937688
472,96,purchase,2025-11-26 17:25:19.937688
143,234,click,2025-07-26 17:25:19.937688
432,67,purchase,2025-10-13 17:25:19.937688
199,218,add_to_cart,2025-08-19 17:25:19.937688
405,15,click,2025-07-16 17:25:19.937688
426,273,click,2025-06-22 17:25:19.937688
154,219,click,2025-10-10 17:25:19.937688
492,274,click,2025-08-16 17:25:19.937688
376,147,click,2025-11-20 17:25:19.937688
384,152,click,2025-06-26 17:25:19.937688
142,15,add_to_cart,2025-08-12 17:25:19.937688
313,84,add_to_cart,2025-12-10 17:25:19.937688
165,192,click,2025-11-14 17:25:19.937688
314,41,purchase,2025-11-29 17:25:19.937688
21,261,purchase,2025-06-25 17:25:19.937688
82,136,click,2025-10-24 17:25:19.937688
69,278,click,2025-09-07 17:25:19.937688
131,106,click,2025-08-06 17:25:19.937688
87,7,click,2025-08-28 17:25:19.937688
218,30,click,2025-07-13 17:25:19.937688
421,126,click,2025-10-06 17:25:19.937688
472,79,add_to_cart,2025-07-25 17:25:19.937688
305,67,add_to_cart,2025-09-06 17:25:19.937688
403,23,click,2025-07-02 17:25:19.937688
371,189,purchase,2025-09-16 17:25:19.937688
345,74,add_to_cart,2025-07-11 17:25:19.937688
341,5,click,2025-10-20 17:25:19.937688
384,82,add_to_cart,2025-10-21 17:25:19.937688
396,25,click,2025-07-02 17:25:19.937688
445,264,click,2025-08-11 17:25:19.937688
425,2,click,2025-06-29 17:25:19.937688
161,278,click,2025-11-28 17:25:19.937688
178,224,click,2025-10-02 17:25:19.937688
117,72,click,2025-11-24 17:25:19.937688
196,68,add_to_cart,2025-08-06 17:25:19.937688
383,94,add_to_cart,2025-12-13 17:25:19.937688
490,19,click,2025-11-22 17:25:19.937688
327,128,click,2025-10-25 17:25:19.937688
86,82,add_to_cart,2025-10-10 17:25:19.937688
289,254,click,2025-08-15 17:25:19.937688
81,221,click,2025-11-15 17:25:19.937688
152,97,click,2025-10-24 17:25:19.937688
61,52,add_to_cart,2025-08-17 17:25:19.937688
61,175,add_to_cart,2025-07-06 17:25:19.937688
354,182,add_to_cart,2025-11-15 17:25:19.937688
28,115,click,2025-10-01 17:25:19.937688
442,1,add_to_cart,2025-07-31 17:25:19.937688
43,63,click,2025-09-23 17:25:19.937688
169,248,click,2025-07-23 17:25:19.937688
423,231,click,2025-08-30 17:25:19.937688
86,226,add_to_cart,2025-10-21 17:25:19.937688
177,19,click,2025-11-10 17:25:19.937688
17,31,click,2025-10-26 17:25:19.937688
98,121,add_to_cart,2025-07-22 17:25:19.937688
454,24,purchase,2025-09-26 17:25:19.937688
494,211,add_to_cart,2025-09-03 17:25:19.937688
198,161,click,2025-08-13 17:25:19.937688
98,255,add_to_cart,2025-07-30 17:25:19.937688
65,59,add_to_cart,2025-12-11 17:25:19.937688
330,114,click,2025-09-06 17:25:19.937688
341,160,click,2025-06-26 17:25:19.937688
5,220,click,2025-09-07 17:25:19.938689
2,169,click,2025-06-26 17:25:19.938689
22,12,click,2025-06-23 17:25:19.938689
112,242,click,2025-08-30 17:25:19.938689
57,139,click,2025-12-02 17:25:19.938689
66,97,click,2025-08-21 17:25:19.938689
330,147,add_to_cart,2025-11-18 17:25:19.938689
98,182,click,2025-12-07 17:25:19.938689
144,57,click,2025-10-18 17:25:19.938689
368,42,add_to_cart,2025-11-08 17:25:19.938689
435,199,click,2025-09-14 17:25:19.938689
125,31,click,2025-07-16 17:25:19.938689
167,180,click,2025-10-05 17:25:19.938689
86,2,add_to_cart,2025-10-29 17:25:19.938689
76,288,purchase,2025-07-22 17:25:19.938689
344,138,add_to_cart,2025-08-08 17:25:19.938689
495,105,add_to_cart,2025-12-10 17:25:19.938689
424,218,click,2025-07-11 17:25:19.938689
294,222,purchase,2025-10-16 17:25:19.938689
444,105,purchase,2025-12-14 17:25:19.938689
59,127,click,2025-06-20 17:25:19.938689
138,265,add_to_cart,2025-09-24 17:25:19.938689
99,200,click,2025-12-03 17:25:19.938689
192,252,click,2025-10-28 17:25:19.938689
243,15,purchase,2025-12-08 17:25:19.938689
319,226,click,2025-12-07 17:25:19.938689
49,105,click,2025-07-18 17:25:19.938689
448,233,add_to_cart,2025-10-04 17:25:19.938689
32,219,purchase,2025-07-25 17:25:19.938689
391,277,add_to_cart,2025-07-25 17:25:19.938689
277,261,click,2025-12-04 17:25:19.938689
20,190,click,2025-08-17 17:25:19.938689
154,198,purchase,2025-07-30 17:25:19.938689
383,277,click,2025-09-25 17:25:19.938689
68,39,purchase,2025-07-28 17:25:19.938689
366,162,add_to_cart,2025-07-06 17:25:19.938689
372,121,add_to_cart,2025-08-31 17:25:19.938689
214,262,click,2025-06-28 17:25:19.938689
143,216,click,2025-09-06 17:25:19.938689
376,49,add_to_cart,2025-07-11 17:25:19.938689
232,92,click,2025-10-17 17:25:19.938689
213,129,add_to_cart,2025-10-10 17:25:19.938689
79,28,add_to_cart,2025-11-17 17:25:19.938689
214,148,click,2025-07-16 17:25:19.938689
116,65,add_to_cart,2025-10-11 17:25:19.938689
92,218,click,2025-12-11 17:25:19.938689
270,51,click,2025-08-14 17:25:19.938689
411,74,click,2025-09-12 17:25:19.938689
381,199,purchase,2025-12-11 17:25:19.938689
489,192,click,2025-09-22 17:25:19.938689
168,189,click,2025-10-28 17:25:19.938689
58,12,click,2025-11-20 17:25:19.938689
284,239,click,2025-10-06 17:25:19.938689
26,81,click,2025-07-11 17:25:19.938689
369,270,click,2025-09-09 17:25:19.938689
447,290,add_to_cart,2025-07-13 17:25:19.938689
66,48,click,2025-08-12 17:25:19.938689
409,209,click,2025-12-02 17:25:19.938689
248,35,click,2025-11-28 17:25:19.938689
254,119,purchase,2025-10-20 17:25:19.938689
387,65,click,2025-11-21 17:25:19.938689
456,242,add_to_cart,2025-10-07 17:25:19.938689
44,36,add_to_cart,2025-08-05 17:25:19.938689
97,252,add_to_cart,2025-09-22 17:25:19.938689
42,243,add_to_cart,2025-11-07 17:25:19.938689
500,42,click,2025-08-24 17:25:19.938689
227,69,add_to_cart,2025-12-05 17:25:19.938689
262,107,click,2025-09-05 17:25:19.938689
167,39,add_to_cart,2025-11-21 17:25:19.938689
436,69,purchase,2025-07-11 17:25:19.938689
279,180,purchase,2025-12-14 17:25:19.938689
89,12,click,2025-11-10 17:25:19.938689
379,204,click,2025-11-09 17:25:19.938689
178,36,click,2025-12-14 17:25:19.938689
427,126,click,2025-08-30 17:25:19.938689
403,63,click,2025-06-24 17:25:19.938689
197,82,click,2025-09-16 17:25:19.938689
307,299,purchase,2025-09-11 17:25:19.938689
267,34,click,2025-12-12 17:25:19.938689
268,240,add_to_cart,2025-09-13 17:25:19.938689
74,97,click,2025-10-31 17:25:19.938689
8,49,add_to_cart,2025-08-29 17:25:19.938689
408,146,purchase,2025-09-05 17:25:19.938689
476,125,click,2025-07-05 17:25:19.938689
297,189,click,2025-10-12 17:25:19.938689
164,57,click,2025-10-21 17:25:19.938689
485,109,purchase,2025-11-11 17:25:19.938689
85,5,click,2025-08-19 17:25:19.938689
72,24,click,2025-09-06 17:25:19.938689
55,221,click,2025-11-23 17:25:19.938689
393,294,click,2025-09-29 17:25:19.938689
47,10,purchase,2025-11-02 17:25:19.938689
399,165,click,2025-12-15 17:25:19.938689
432,215,click,2025-07-29 17:25:19.938689
238,126,click,2025-07-28 17:25:19.938689
104,267,purchase,2025-07-14 17:25:19.938689
210,280,click,2025-11-26 17:25:19.938689
42,88,add_to_cart,2025-08-27 17:25:19.938689
316,114,click,2025-08-26 17:25:19.938689
468,21,add_to_cart,2025-09-09 17:25:19.938689
454,148,purchase,2025-12-10 17:25:19.938689
268,245,click,2025-08-02 17:25:19.938689
386,266,click,2025-11-25 17:25:19.938689
263,217,click,2025-09-04 17:25:19.938689
336,240,add_to_cart,2025-07-20 17:25:19.938689
387,232,click,2025-11-01 17:25:19.938689
365,232,click,2025-10-07 17:25:19.938689
259,242,click,2025-09-02 17:25:19.938689
283,190,click,2025-06-27 17:25:19.938689
114,229,click,2025-07-11 17:25:19.938689
363,66,purchase,2025-07-31 17:25:19.938689
40,279,purchase,2025-10-02 17:25:19.938689
486,269,click,2025-12-15 17:25:19.938689
417,209,add_to_cart,2025-07-31 17:25:19.938689
220,16,add_to_cart,2025-07-16 17:25:19.938689
129,297,add_to_cart,2025-09-24 17:25:19.938689
8,220,click,2025-10-03 17:25:19.938689
101,257,click,2025-08-27 17:25:19.938689
416,268,add_to_cart,2025-12-02 17:25:19.938689
380,229,add_to_cart,2025-08-07 17:25:19.938689
176,119,click,2025-07-01 17:25:19.938689
107,178,click,2025-07-08 17:25:19.938689
101,20,click,2025-08-03 17:25:19.938689
260,36,click,2025-08-30 17:25:19.938689
478,108,click,2025-12-13 17:25:19.938689
454,189,click,2025-08-19 17:25:19.938689
366,178,click,2025-07-04 17:25:19.938689
246,96,add_to_cart,2025-09-14 17:25:19.938689
275,20,click,2025-07-15 17:25:19.938689
32,164,click,2025-09-16 17:25:19.938689
137,97,click,2025-11-21 17:25:19.938689
12,143,click,2025-07-01 17:25:19.938689
395,62,click,2025-11-03 17:25:19.938689
302,242,add_to_cart,2025-08-23 17:25:19.938689
375,238,click,2025-09-13 17:25:19.938689
16,131,purchase,2025-11-02 17:25:19.939691
129,93,purchase,2025-11-17 17:25:19.939691
63,91,add_to_cart,2025-09-16 17:25:19.939691
109,133,add_to_cart,2025-10-20 17:25:19.939691
375,123,add_to_cart,2025-08-30 17:25:19.939691
21,118,click,2025-08-01 17:25:19.939691
158,198,purchase,2025-11-24 17:25:19.939691
269,282,click,2025-10-07 17:25:19.939691
162,1,click,2025-12-10 17:25:19.939691
260,211,click,2025-07-14 17:25:19.939691
412,263,add_to_cart,2025-08-16 17:25:19.939691
102,212,click,2025-08-20 17:25:19.939691
223,87,purchase,2025-10-25 17:25:19.939691
59,153,click,2025-10-07 17:25:19.939691
247,187,add_to_cart,2025-06-22 17:25:19.939691
128,61,click,2025-09-14 17:25:19.939691
283,285,click,2025-07-18 17:25:19.939691
325,95,click,2025-09-26 17:25:19.939691
25,274,click,2025-07-20 17:25:19.939691
131,41,click,2025-10-03 17:25:19.939691
353,147,purchase,2025-08-31 17:25:19.939691
196,246,click,2025-08-02 17:25:19.939691
281,132,add_to_cart,2025-12-02 17:25:19.939691
404,297,click,2025-11-15 17:25:19.939691
418,123,click,2025-06-20 17:25:19.939691
154,143,click,2025-07-23 17:25:19.939691
382,182,click,2025-06-24 17:25:19.939691
133,192,purchase,2025-09-13 17:25:19.939691
227,207,add_to_cart,2025-09-25 17:25:19.939691
189,231,click,2025-06-19 17:25:19.939691
476,22,add_to_cart,2025-07-04 17:25:19.939691
477,80,click,2025-11-16 17:25:19.939691
265,130,add_to_cart,2025-11-16 17:25:19.939691
372,292,add_to_cart,2025-09-07 17:25:19.939691
486,276,add_to_cart,2025-10-29 17:25:19.939691
434,55,click,2025-07-02 17:25:19.939691
134,66,click,2025-11-19 17:25:19.939691
211,227,click,2025-07-25 17:25:19.939691
60,26,purchase,2025-07-09 17:25:19.939691
428,253,purchase,2025-07-12 17:25:19.939691
377,197,click,2025-06-19 17:25:19.939691
395,130,add_to_cart,2025-09-13 17:25:19.939691
450,243,purchase,2025-12-01 17:25:19.939691
431,212,click,2025-11-02 17:25:19.939691
364,190,add_to_cart,2025-07-18 17:25:19.939691
364,290,click,2025-10-29 17:25:19.939691
457,226,click,2025-07-18 17:25:19.939691
213,246,click,2025-08-24 17:25:19.939691
216,56,click,2025-08-13 17:25:19.939691
226,55,add_to_cart,2025-12-02 17:25:19.939691
470,276,click,2025-10-23 17:25:19.939691
131,153,click,2025-09-15 17:25:19.939691
76,53,click,2025-06-28 17:25:19.939691
476,111,click,2025-06-26 17:25:19.939691
286,204,click,2025-07-19 17:25:19.939691
474,112,click,2025-08-14 17:25:19.939691
496,258,click,2025-10-16 17:25:19.939691
277,16,add_to_cart,2025-11-28 17:25:19.939691
156,166,purchase,2025-06-27 17:25:19.939691
248,280,click,2025-09-21 17:25:19.939691
218,158,add_to_cart,2025-07-23 17:25:19.939691
190,249,purchase,2025-10-20 17:25:19.939691
417,181,add_to_cart,2025-09-22 17:25:19.939691
469,191,add_to_cart,2025-12-01 17:25:19.939691
163,139,add_to_cart,2025-09-01 17:25:19.939691
180,78,click,2025-10-19 17:25:19.939691
34,50,click,2025-08-08 17:25:19.939691
41,85,add_to_cart,2025-12-02 17:25:19.939691
307,183,click,2025-11-25 17:25:19.939691
431,183,purchase,2025-06-28 17:25:19.939691
338,4,add_to_cart,2025-11-01 17:25:19.939691
314,111,click,2025-11-12 17:25:19.939691
75,251,add_to_cart,2025-08-21 17:25:19.939691
441,133,click,2025-10-06 17:25:19.939691
279,100,add_to_cart,2025-09-28 17:25:19.939691
176,172,click,2025-12-04 17:25:19.939691
384,287,purchase,2025-08-15 17:25:19.939691
150,119,click,2025-12-09 17:25:19.939691
273,175,add_to_cart,2025-10-08 17:25:19.939691
325,30,purchase,2025-08-27 17:25:19.939691
108,55,click,2025-09-04 17:25:19.939691
139,196,add_to_cart,2025-08-21 17:25:19.939691
350,41,click,2025-07-13 17:25:19.939691
271,173,add_to_cart,2025-09-09 17:25:19.939691
347,219,click,2025-11-21 17:25:19.939691
419,208,purchase,2025-10-11 17:25:19.939691
289,158,purchase,2025-10-26 17:25:19.939691
212,228,click,2025-07-07 17:25:19.939691
381,85,click,2025-06-25 17:25:19.939691
272,173,add_to_cart,2025-06-24 17:25:19.939691
418,245,click,2025-08-18 17:25:19.939691
66,173,click,2025-07-09 17:25:19.939691
483,212,click,2025-08-13 17:25:19.939691
424,84,click,2025-07-29 17:25:19.939691
248,173,click,2025-08-13 17:25:19.939691
156,183,purchase,2025-07-22 17:25:19.939691
47,133,add_to_cart,2025-10-30 17:25:19.939691
423,288,add_to_cart,2025-07-03 17:25:19.939691
454,262,click,2025-07-31 17:25:19.939691
201,282,click,2025-12-06 17:25:19.939691
148,293,click,2025-09-08 17:25:19.939691
124,269,purchase,2025-11-05 17:25:19.939691
1,197,click,2025-10-22 17:25:19.939691
456,25,click,2025-08-20 17:25:19.939691
247,141,click,2025-08-23 17:25:19.939691
343,223,add_to_cart,2025-11-03 17:25:19.939691
128,20,add_to_cart,2025-07-03 17:25:19.939691
191,247,click,2025-07-14 17:25:19.939691
67,201,click,2025-11-14 17:25:19.939691
4,115,add_to_cart,2025-08-23 17:25:19.939691
442,189,click,2025-10-06 17:25:19.939691
409,26,add_to_cart,2025-06-23 17:25:19.940693
303,54,add_to_cart,2025-11-20 17:25:19.940693
294,170,add_to_cart,2025-10-19 17:25:19.940693
143,11,add_to_cart,2025-10-01 17:25:19.940693
191,27,purchase,2025-07-17 17:25:19.940693
21,83,purchase,2025-08-24 17:25:19.940693
227,290,click,2025-06-25 17:25:19.940693
313,38,click,2025-07-09 17:25:19.940693
117,87,add_to_cart,2025-07-25 17:25:19.940693
437,156,click,2025-09-17 17:25:19.940693
302,286,purchase,2025-07-28 17:25:19.940693
500,186,click,2025-09-05 17:25:19.940693
142,182,purchase,2025-12-10 17:25:19.940693
484,143,click,2025-07-29 17:25:19.940693
460,206,add_to_cart,2025-08-01 17:25:19.940693
401,142,click,2025-09-23 17:25:19.940693
39,185,purchase,2025-10-18 17:25:19.940693
393,241,click,2025-10-10 17:25:19.940693
355,8,click,2025-07-17 17:25:19.940693
252,72,click,2025-12-01 17:25:19.940693
333,288,purchase,2025-10-14 17:25:19.940693
207,95,click,2025-10-27 17:25:19.940693
210,157,add_to_cart,2025-09-11 17:25:19.940693
115,41,add_to_cart,2025-11-25 17:25:19.940693
225,269,purchase,2025-12-15 17:25:19.940693
134,155,add_to_cart,2025-08-12 17:25:19.940693
251,275,click,2025-12-05 17:25:19.940693
219,154,add_to_cart,2025-07-19 17:25:19.940693
407,53,add_to_cart,2025-08-30 17:25:19.940693
443,179,click,2025-09-05 17:25:19.940693
91,240,click,2025-09-19 17:25:19.940693
354,137,click,2025-08-03 17:25:19.940693
376,255,click,2025-08-25 17:25:19.940693
46,224,click,2025-06-22 17:25:19.940693
38,180,add_to_cart,2025-09-07 17:25:19.940693
142,182,purchase,2025-08-09 17:25:19.940693
100,259,click,2025-10-12 17:25:19.940693
328,243,add_to_cart,2025-10-13 17:25:19.940693
190,96,click,2025-07-15 17:25:19.940693
35,197,click,2025-11-29 17:25:19.940693
147,14,add_to_cart,2025-07-30 17:25:19.940693
30,120,purchase,2025-08-13 17:25:19.940693
334,269,click,2025-12-06 17:25:19.940693
84,171,click,2025-10-11 17:25:19.940693
369,72,click,2025-11-14 17:25:19.940693
281,179,click,2025-11-30 17:25:19.940693
424,170,add_to_cart,2025-08-26 17:25:19.940693
344,159,add_to_cart,2025-11-20 17:25:19.940693
270,154,add_to_cart,2025-09-03 17:25:19.940693
154,82,click,2025-10-03 17:25:19.940693
102,57,purchase,2025-09-07 17:25:19.940693
215,7,click,2025-09-13 17:25:19.940693
150,112,add_to_cart,2025-08-01 17:25:19.940693
432,48,click,2025-12-11 17:25:19.940693
83,80,purchase,2025-12-09 17:25:19.940693
110,33,add_to_cart,2025-10-12 17:25:19.940693
435,115,purchase,2025-12-04 17:25:19.940693
387,3,click,2025-06-23 17:25:19.940693
426,4,add_to_cart,2025-11-21 17:25:19.940693
275,260,add_to_cart,2025-07-28 17:25:19.940693
201,42,add_to_cart,2025-06-30 17:25:19.940693
284,9,click,2025-12-06 17:25:19.940693
468,145,click,2025-07-01 17:25:19.940693
173,97,click,2025-11-13 17:25:19.940693
327,276,click,2025-07-06 17:25:19.941691
206,142,purchase,2025-07-04 17:25:19.941691
63,278,add_to_cart,2025-09-04 17:25:19.941691
73,27,click,2025-11-30 17:25:19.941691
251,43,purchase,2025-10-05 17:25:19.941691
124,131,click,2025-11-13 17:25:19.941691
375,216,click,2025-11-11 17:25:19.941691
121,94,click,2025-09-05 17:25:19.941691
275,8,purchase,2025-10-01 17:25:19.941691
431,86,add_to_cart,2025-09-28 17:25:19.941691
500,138,click,2025-11-29 17:25:19.941691
398,246,add_to_cart,2025-11-19 17:25:19.941691
120,21,click,2025-08-24 17:25:19.941691
422,265,click,2025-11-25 17:25:19.941691
437,148,click,2025-07-20 17:25:19.941691
317,184,click,2025-11-29 17:25:19.941691
164,227,purchase,2025-07-14 17:25:19.941691
424,292,add_to_cart,2025-10-01 17:25:19.941691
465,36,click,2025-06-23 17:25:19.941691
286,246,click,2025-11-02 17:25:19.941691
265,73,click,2025-07-05 17:25:19.941691
320,150,click,2025-11-18 17:25:19.941691
161,1,click,2025-11-21 17:25:19.941691
376,69,click,2025-10-30 17:25:19.941691
308,293,add_to_cart,2025-09-06 17:25:19.941691
89,230,click,2025-11-23 17:25:19.941691
142,211,click,2025-10-02 17:25:19.941691
203,72,purchase,2025-10-27 17:25:19.941691
309,96,click,2025-10-12 17:25:19.941691
227,84,click,2025-11-30 17:25:19.941691
489,228,click,2025-08-14 17:25:19.941691
443,299,click,2025-10-27 17:25:19.941691
334,236,click,2025-12-03 17:25:19.941691
222,293,click,2025-09-27 17:25:19.941691
41,222,purchase,2025-11-11 17:25:19.941691
196,223,add_to_cart,2025-08-24 17:25:19.941691
68,281,add_to_cart,2025-11-14 17:25:19.941691
476,221,click,2025-09-20 17:25:19.941691
264,216,click,2025-07-16 17:25:19.941691
2,231,click,2025-06-28 17:25:19.941691
361,169,click,2025-07-13 17:25:19.941691
125,42,click,2025-08-29 17:25:19.941691
110,258,click,2025-10-11 17:25:19.941691
86,196,click,2025-09-12 17:25:19.941691
425,96,click,2025-09-10 17:25:19.941691
120,14,click,2025-07-08 17:25:19.941691
127,113,click,2025-10-30 17:25:19.941691
255,77,click,2025-08-20 17:25:19.941691
183,277,click,2025-11-11 17:25:19.941691
16,160,click,2025-09-07 17:25:19.941691
477,119,click,2025-10-13 17:25:19.941691
62,161,click,2025-12-04 17:25:19.941691
369,146,click,2025-08-18 17:25:19.941691
432,163,click,2025-11-02 17:25:19.941691
158,179,add_to_cart,2025-06-25 17:25:19.941691
268,89,click,2025-12-05 17:25:19.941691
35,223,click,2025-09-18 17:25:19.941691
267,266,click,2025-10-31 17:25:19.941691
64,239,click,2025-10-18 17:25:19.941691
494,34,click,2025-07-07 17:25:19.941691
50,167,purchase,2025-09-08 17:25:19.941691
469,125,add_to_cart,2025-07-20 17:25:19.941691
255,224,click,2025-10-25 17:25:19.941691
149,150,add_to_cart,2025-10-29 17:25:19.941691
325,189,click,2025-09-29 17:25:19.941691
304,43,click,2025-07-22 17:25:19.941691
276,29,add_to_cart,2025-08-06 17:25:19.941691
357,120,click,2025-09-05 17:25:19.941691
451,31,click,2025-11-14 17:25:19.941691
172,181,add_to_cart,2025-09-17 17:25:19.941691
417,162,click,2025-07-13 17:25:19.941691
201,128,purchase,2025-10-01 17:25:19.941691
445,255,add_to_cart,2025-06-30 17:25:19.941691
393,294,add_to_cart,2025-11-13 17:25:19.941691
324,254,click,2025-07-27 17:25:19.941691
35,130,click,2025-09-03 17:25:19.941691
465,12,add_to_cart,2025-10-24 17:25:19.941691
482,35,purchase,2025-08-30 17:25:19.941691
216,198,click,2025-11-04 17:25:19.941691
480,248,purchase,2025-11-10 17:25:19.941691
65,110,click,2025-11-21 17:25:19.942691
8,245,click,2025-06-19 17:25:19.942691
301,250,click,2025-07-01 17:25:19.942691
343,163,click,2025-08-23 17:25:19.942691
431,48,add_to_cart,2025-09-21 17:25:19.942691
424,71,click,2025-12-07 17:25:19.942691
332,134,purchase,2025-08-31 17:25:19.942691
438,239,click,2025-10-08 17:25:19.942691
76,68,click,2025-07-20 17:25:19.942691
174,278,add_to_cart,2025-10-07 17:25:19.942691
47,32,click,2025-08-09 17:25:19.942691
15,123,add_to_cart,2025-11-15 17:25:19.942691
361,22,click,2025-06-26 17:25:19.942691
147,155,click,2025-07-13 17:25:19.942691
26,110,click,2025-08-10 17:25:19.942691
308,271,purchase,2025-08-07 17:25:19.942691
93,300,click,2025-09-05 17:25:19.942691
406,115,add_to_cart,2025-08-22 17:25:19.942691
232,220,add_to_cart,2025-07-01 17:25:19.942691
21,230,click,2025-12-12 17:25:19.942691
307,252,add_to_cart,2025-07-29 17:25:19.942691
38,249,click,2025-08-16 17:25:19.942691
276,9,click,2025-10-15 17:25:19.942691
157,34,click,2025-10-06 17:25:19.942691
179,228,click,2025-09-15 17:25:19.942691
132,73,click,2025-06-23 17:25:19.942691
311,212,click,2025-08-03 17:25:19.942691
455,72,click,2025-10-21 17:25:19.942691
348,58,add_to_cart,2025-10-10 17:25:19.942691
28,220,click,2025-07-28 17:25:19.942691
260,275,add_to_cart,2025-06-19 17:25:19.942691
406,249,click,2025-10-14 17:25:19.942691
76,16,add_to_cart,2025-11-05 17:25:19.942691
429,75,click,2025-07-18 17:25:19.942691
67,106,click,2025-06-24 17:25:19.942691
342,136,click,2025-10-12 17:25:19.942691
492,74,click,2025-07-10 17:25:19.942691
194,254,click,2025-09-10 17:25:19.942691
472,18,add_to_cart,2025-11-10 17:25:19.942691
162,43,purchase,2025-12-02 17:25:19.942691
347,50,add_to_cart,2025-07-04 17:25:19.942691
439,3,click,2025-07-09 17:25:19.942691
361,232,click,2025-07-13 17:25:19.942691
257,219,purchase,2025-10-30 17:25:19.942691
72,59,click,2025-09-27 17:25:19.942691
87,284,purchase,2025-07-09 17:25:19.942691
422,64,click,2025-07-17 17:25:19.942691
262,70,purchase,2025-12-02 17:25:19.942691
214,142,purchase,2025-06-24 17:25:19.942691
153,202,add_to_cart,2025-09-28 17:25:19.942691
210,207,click,2025-08-22 17:25:19.942691
401,221,click,2025-12-15 17:25:19.942691
61,246,purchase,2025-11-27 17:25:19.942691
268,81,purchase,2025-08-17 17:25:19.942691
262,251,click,2025-10-19 17:25:19.942691
218,51,click,2025-08-03 17:25:19.942691
283,285,add_to_cart,2025-09-30 17:25:19.942691
136,204,click,2025-08-23 17:25:19.942691
467,25,add_to_cart,2025-10-13 17:25:19.942691
380,41,add_to_cart,2025-11-28 17:25:19.942691
362,69,purchase,2025-10-27 17:25:19.942691
449,4,click,2025-10-09 17:25:19.942691
441,240,click,2025-09-16 17:25:19.942691
93,31,click,2025-11-30 17:25:19.942691
109,117,purchase,2025-07-27 17:25:19.942691
241,195,click,2025-09-29 17:25:19.942691
355,90,click,2025-08-03 17:25:19.942691
424,178,click,2025-10-21 17:25:19.942691
142,145,click,2025-12-02 17:25:19.942691
291,202,add_to_cart,2025-06-29 17:25:19.942691
432,203,add_to_cart,2025-08-29 17:25:19.942691
237,24,add_to_cart,2025-10-07 17:25:19.942691
340,105,click,2025-10-15 17:25:19.942691
312,275,purchase,2025-11-03 17:25:19.942691
177,60,click,2025-10-20 17:25:19.942691
141,15,add_to_cart,2025-09-05 17:25:19.942691
189,85,click,2025-10-02 17:25:19.942691
486,197,click,2025-07-10 17:25:19.942691
49,235,click,2025-10-26 17:25:19.942691
302,263,click,2025-10-10 17:25:19.942691
369,6,add_to_cart,2025-08-09 17:25:19.942691
190,289,click,2025-09-27 17:25:19.942691
136,58,click,2025-06-27 17:25:19.942691
43,145,purchase,2025-06-21 17:25:19.942691
404,42,click,2025-10-17 17:25:19.942691
380,200,click,2025-12-13 17:25:19.942691
353,174,click,2025-10-05 17:25:19.942691
90,95,add_to_cart,2025-08-24 17:25:19.942691
295,217,click,2025-09-27 17:25:19.942691
341,111,purchase,2025-08-27 17:25:19.942691
245,180,click,2025-10-23 17:25:19.942691
433,163,click,2025-12-14 17:25:19.942691
192,119,click,2025-11-17 17:25:19.942691
318,228,add_to_cart,2025-11-30 17:25:19.942691
106,145,click,2025-09-12 17:25:19.942691
363,142,add_to_cart,2025-10-18 17:25:19.942691
310,122,click,2025-07-30 17:25:19.942691
382,285,click,2025-11-22 17:25:19.942691
233,226,purchase,2025-09-24 17:25:19.942691
265,257,add_to_cart,2025-07-09 17:25:19.942691
344,285,click,2025-10-03 17:25:19.942691
37,165,add_to_cart,2025-09-11 17:25:19.942691
305,221,add_to_cart,2025-09-20 17:25:19.942691
41,69,click,2025-09-10 17:25:19.942691
17,224,click,2025-09-13 17:25:19.942691
344,124,click,2025-09-13 17:25:19.942691
277,12,click,2025-10-06 17:25:19.942691
307,52,add_to_cart,2025-06-28 17:25:19.942691
59,129,click,2025-10-24 17:25:19.942691
423,135,click,2025-08-24 17:25:19.942691
183,145,click,2025-08-09 17:25:19.942691
41,127,purchase,2025-09-13 17:25:19.942691
39,226,add_to_cart,2025-09-09 17:25:19.942691
397,71,click,2025-08-20 17:25:19.942691
192,273,click,2025-11-12 17:25:19.942691
267,187,click,2025-10-16 17:25:19.942691
494,3,add_to_cart,2025-09-05 17:25:19.943691
147,285,click,2025-10-16 17:25:19.943691
395,22,purchase,2025-12-08 17:25:19.943691
333,166,click,2025-10-23 17:25:19.943691
127,246,click,2025-07-21 17:25:19.943691
46,234,add_to_cart,2025-10-31 17:25:19.943691
45,158,add_to_cart,2025-08-20 17:25:19.943691
1,151,click,2025-09-14 17:25:19.943691
168,213,add_to_cart,2025-11-15 17:25:19.943691
108,218,click,2025-07-15 17:25:19.943691
19,246,click,2025-07-21 17:25:19.943691
332,276,purchase,2025-11-24 17:25:19.943691
72,151,purchase,2025-10-20 17:25:19.943691
456,196,add_to_cart,2025-09-03 17:25:19.943691
445,21,click,2025-07-15 17:25:19.943691
109,257,add_to_cart,2025-11-29 17:25:19.943691
268,17,click,2025-09-18 17:25:19.943691
445,51,click,2025-09-06 17:25:19.943691
240,270,add_to_cart,2025-07-14 17:25:19.943691
417,83,click,2025-10-10 17:25:19.943691
301,124,purchase,2025-10-21 17:25:19.943691
90,290,click,2025-11-22 17:25:19.943691
103,262,click,2025-11-21 17:25:19.943691
476,49,add_to_cart,2025-08-24 17:25:19.943691
250,6,add_to_cart,2025-12-06 17:25:19.943691
453,117,click,2025-11-10 17:25:19.943691
8,118,click,2025-08-13 17:25:19.943691
153,263,add_to_cart,2025-06-26 17:25:19.943691
347,129,click,2025-08-20 17:25:19.943691
174,171,click,2025-07-24 17:25:19.943691
343,27,add_to_cart,2025-10-19 17:25:19.943691
158,199,click,2025-09-24 17:25:19.943691
493,97,purchase,2025-09-25 17:25:19.943691
431,17,add_to_cart,2025-11-23 17:25:19.943691
215,173,purchase,2025-08-02 17:25:19.943691
177,101,click,2025-10-27 17:25:19.943691
175,186,purchase,2025-07-25 17:25:19.943691
340,184,click,2025-09-18 17:25:19.943691
338,215,click,2025-11-03 17:25:19.943691
146,251,click,2025-09-11 17:25:19.943691
450,216,click,2025-08-25 17:25:19.943691
324,29,click,2025-08-24 17:25:19.943691
478,102,click,2025-09-25 17:25:19.943691
161,123,click,2025-09-11 17:25:19.943691
127,54,click,2025-10-31 17:25:19.943691
420,283,add_to_cart,2025-06-22 17:25:19.943691
82,102,click,2025-09-03 17:25:19.943691
485,117,add_to_cart,2025-12-01 17:25:19.943691
147,104,click,2025-10-28 17:25:19.943691
239,45,purchase,2025-07-20 17:25:19.943691
412,114,click,2025-10-02 17:25:19.943691
424,31,purchase,2025-12-10 17:25:19.943691
84,164,click,2025-10-22 17:25:19.943691
113,189,purchase,2025-09-24 17:25:19.943691
225,293,click,2025-10-01 17:25:19.943691
332,195,add_to_cart,2025-12-01 17:25:19.943691
378,292,add_to_cart,2025-12-05 17:25:19.943691
243,261,click,2025-08-11 17:25:19.943691
143,207,click,2025-07-02 17:25:19.943691
41,52,add_to_cart,2025-08-18 17:25:19.943691
423,49,click,2025-10-03 17:25:19.943691
258,6,click,2025-10-26 17:25:19.943691
447,224,add_to_cart,2025-07-04 17:25:19.943691
285,23,click,2025-06-22 17:25:19.943691
105,145,add_to_cart,2025-09-19 17:25:19.943691
202,110,click,2025-09-07 17:25:19.943691
450,212,click,2025-10-12 17:25:19.943691
307,300,click,2025-11-29 17:25:19.943691
331,41,add_to_cart,2025-07-27 17:25:19.943691
461,172,purchase,2025-11-08 17:25:19.943691
266,186,click,2025-08-20 17:25:19.943691
398,214,click,2025-07-16 17:25:19.943691
210,52,click,2025-08-14 17:25:19.943691
51,70,add_to_cart,2025-11-09 17:25:19.943691
118,196,click,2025-09-21 17:25:19.943691
201,151,click,2025-08-27 17:25:19.943691
377,109,click,2025-08-03 17:25:19.943691
39,118,click,2025-12-05 17:25:19.943691
28,95,click,2025-09-29 17:25:19.943691
259,256,click,2025-07-06 17:25:19.943691
84,44,add_to_cart,2025-08-25 17:25:19.943691
454,67,purchase,2025-07-05 17:25:19.943691
155,156,add_to_cart,2025-10-25 17:25:19.943691
117,206,click,2025-10-08 17:25:19.943691
2,274,click,2025-06-29 17:25:19.943691
93,155,click,2025-10-06 17:25:19.943691
166,179,add_to_cart,2025-12-01 17:25:19.943691
387,60,click,2025-07-20 17:25:19.943691
400,74,purchase,2025-09-25 17:25:19.943691
350,49,click,2025-12-15 17:25:19.943691
296,271,add_to_cart,2025-07-30 17:25:19.943691
258,73,add_to_cart,2025-12-06 17:25:19.943691
81,196,click,2025-06-26 17:25:19.943691
425,179,add_to_cart,2025-07-22 17:25:19.943691
268,48,purchase,2025-08-20 17:25:19.943691
419,72,purchase,2025-11-04 17:25:19.943691
235,113,add_to_cart,2025-09-13 17:25:19.943691
321,245,click,2025-08-24 17:25:19.943691
311,159,purchase,2025-11-05 17:25:19.943691
301,274,add_to_cart,2025-08-12 17:25:19.943691
463,268,click,2025-07-21 17:25:19.943691
474,30,click,2025-08-14 17:25:19.943691
357,97,click,2025-07-14 17:25:19.943691
213,251,click,2025-12-04 17:25:19.943691
62,7,add_to_cart,2025-08-12 17:25:19.943691
49,92,click,2025-09-09 17:25:19.943691
127,113,click,2025-09-01 17:25:19.943691
223,259,click,2025-08-24 17:25:19.943691
409,107,click,2025-07-03 17:25:19.943691
279,63,click,2025-08-25 17:25:19.943691
408,271,click,2025-10-19 17:25:19.943691
294,199,click,2025-08-24 17:25:19.943691
284,146,add_to_cart,2025-08-28 17:25:19.943691
277,61,click,2025-12-05 17:25:19.943691
438,120,click,2025-07-11 17:25:19.943691
107,61,click,2025-08-11 17:25:19.943691
146,26,click,2025-09-24 17:25:19.943691
420,115,click,2025-06-23 17:25:19.943691
99,40,click,2025-11-06 17:25:19.943691
429,116,click,2025-08-24 17:25:19.943691
375,136,click,2025-09-13 17:25:19.943691
73,277,click,2025-09-08 17:25:19.943691
437,299,add_to_cart,2025-10-09 17:25:19.943691
486,21,click,2025-07-20 17:25:19.943691
122,31,purchase,2025-12-11 17:25:19.943691
30,247,add_to_cart,2025-07-05 17:25:19.943691
188,27,add_to_cart,2025-08-03 17:25:19.943691
364,73,click,2025-08-13 17:25:19.943691
354,97,add_to_cart,2025-11-15 17:25:19.943691
288,161,click,2025-11-21 17:25:19.943691
451,300,click,2025-09-05 17:25:19.943691
195,299,click,2025-09-26 17:25:19.943691
156,287,purchase,2025-09-28 17:25:19.943691
172,212,click,2025-08-19 17:25:19.943691
335,76,purchase,2025-07-07 17:25:19.943691
41,143,click,2025-06-27 17:25:19.943691
63,34,purchase,2025-08-31 17:25:19.943691
23,4,purchase,2025-12-09 17:25:19.943691
360,98,purchase,2025-09-04 17:25:19.943691
75,217,click,2025-10-26 17:25:19.943691
48,28,purchase,2025-07-16 17:25:19.943691
160,201,purchase,2025-07-13 17:25:19.943691
313,273,click,2025-06-29 17:25:19.943691
118,127,click,2025-07-14 17:25:19.943691
100,202,add_to_cart,2025-07-04 17:25:19.943691
380,9,click,2025-10-22 17:25:19.943691
417,287,add_to_cart,2025-11-08 17:25:19.943691
408,88,click,2025-10-21 17:25:19.943691
167,19,click,2025-09-15 17:25:19.943691
290,81,click,2025-07-07 17:25:19.943691
440,107,click,2025-07-12 17:25:19.943691
156,230,click,2025-06-23 17:25:19.943691
421,112,add_to_cart,2025-10-05 17:25:19.943691
7,220,click,2025-09-30 17:25:19.944690
196,123,add_to_cart,2025-10-31 17:25:19.944690
421,244,add_to_cart,2025-11-09 17:25:19.944690
56,178,click,2025-12-13 17:25:19.944690
321,65,click,2025-09-29 17:25:19.944690
193,3,click,2025-09-30 17:25:19.944690
47,207,click,2025-10-27 17:25:19.944690
148,21,click,2025-07-20 17:25:19.944690
275,293,click,2025-08-31 17:25:19.944690
157,15,purchase,2025-06-23 17:25:19.944690
202,206,click,2025-11-15 17:25:19.944690
444,202,click,2025-12-09 17:25:19.944690
402,120,purchase,2025-10-20 17:25:19.944690
476,137,purchase,2025-11-10 17:25:19.944690
419,300,purchase,2025-09-21 17:25:19.944690
427,295,add_to_cart,2025-11-22 17:25:19.944690
495,25,click,2025-11-22 17:25:19.944690
479,234,purchase,2025-10-21 17:25:19.944690
475,121,purchase,2025-09-30 17:25:19.944690
126,90,click,2025-08-14 17:25:19.944690
395,200,click,2025-11-18 17:25:19.944690
305,180,click,2025-07-09 17:25:19.944690
369,76,click,2025-09-30 17:25:19.944690
294,137,click,2025-09-29 17:25:19.944690
64,138,add_to_cart,2025-09-11 17:25:19.944690
325,10,click,2025-11-01 17:25:19.944690
392,201,click,2025-10-08 17:25:19.944690
418,219,click,2025-09-08 17:25:19.944690
176,60,add_to_cart,2025-08-18 17:25:19.944690
116,147,click,2025-10-09 17:25:19.944690
440,107,click,2025-09-29 17:25:19.944690
204,38,add_to_cart,2025-07-23 17:25:19.944690
486,134,click,2025-10-02 17:25:19.944690
321,221,click,2025-09-24 17:25:19.944690
31,133,click,2025-12-14 17:25:19.944690
388,53,add_to_cart,2025-08-07 17:25:19.944690
113,62,add_to_cart,2025-07-12 17:25:19.944690
365,23,click,2025-09-20 17:25:19.944690
434,44,click,2025-10-29 17:25:19.944690
325,46,add_to_cart,2025-10-12 17:25:19.944690
414,147,purchase,2025-11-04 17:25:19.944690
376,216,add_to_cart,2025-08-04 17:25:19.944690
344,47,add_to_cart,2025-10-18 17:25:19.944690
443,24,click,2025-09-26 17:25:19.944690
67,145,add_to_cart,2025-11-27 17:25:19.944690
75,89,purchase,2025-08-30 17:25:19.944690
45,174,add_to_cart,2025-06-19 17:25:19.944690
260,64,purchase,2025-10-16 17:25:19.944690
154,119,click,2025-08-18 17:25:19.944690
155,223,purchase,2025-08-08 17:25:19.944690
430,156,add_to_cart,2025-09-28 17:25:19.944690
363,178,purchase,2025-07-18 17:25:19.944690
448,56,click,2025-11-27 17:25:19.944690
475,59,add_to_cart,2025-09-10 17:25:19.944690
234,220,add_to_cart,2025-10-07 17:25:19.944690
51,185,click,2025-06-21 17:25:19.944690
306,47,add_to_cart,2025-07-22 17:25:19.944690
262,102,add_to_cart,2025-09-13 17:25:19.944690
315,44,click,2025-07-19 17:25:19.944690
125,15,click,2025-08-07 17:25:19.944690
399,236,click,2025-08-14 17:25:19.944690
245,51,click,2025-08-05 17:25:19.944690
30,34,click,2025-10-10 17:25:19.944690
426,124,click,2025-11-07 17:25:19.944690
485,77,click,2025-07-13 17:25:19.944690
122,123,click,2025-08-09 17:25:19.944690
125,205,click,2025-07-19 17:25:19.944690
37,228,add_to_cart,2025-08-29 17:25:19.944690
170,70,click,2025-06-26 17:25:19.944690
124,230,add_to_cart,2025-10-26 17:25:19.944690
357,21,click,2025-09-04 17:25:19.944690
35,108,click,2025-09-26 17:25:19.944690
87,241,click,2025-09-01 17:25:19.944690
134,251,add_to_cart,2025-10-26 17:25:19.944690
196,135,add_to_cart,2025-11-18 17:25:19.944690
274,90,purchase,2025-11-16 17:25:19.944690
201,79,click,2025-12-08 17:25:19.944690
369,177,add_to_cart,2025-11-05 17:25:19.944690
285,298,click,2025-07-16 17:25:19.944690
77,102,add_to_cart,2025-10-18 17:25:19.944690
59,112,click,2025-11-12 17:25:19.944690
431,181,click,2025-07-02 17:25:19.944690
126,104,click,2025-10-06 17:25:19.944690
500,16,add_to_cart,2025-08-22 17:25:19.944690
401,96,click,2025-06-25 17:25:19.944690
109,293,click,2025-11-08 17:25:19.944690
224,146,click,2025-08-29 17:25:19.944690
496,2,purchase,2025-07-08 17:25:19.944690
278,119,click,2025-08-21 17:25:19.944690
68,94,purchase,2025-11-24 17:25:19.944690
69,191,purchase,2025-07-14 17:25:19.944690
165,3,purchase,2025-07-14 17:25:19.944690
489,111,purchase,2025-11-25 17:25:19.944690
305,177,purchase,2025-07-06 17:25:19.944690
397,257,click,2025-10-30 17:25:19.944690
162,22,click,2025-10-27 17:25:19.944690
365,220,add_to_cart,2025-08-19 17:25:19.944690
342,173,click,2025-07-31 17:25:19.944690
309,224,click,2025-08-27 17:25:19.944690
379,65,add_to_cart,2025-11-18 17:25:19.944690
343,277,click,2025-11-09 17:25:19.944690
435,249,purchase,2025-06-30 17:25:19.944690
387,260,add_to_cart,2025-10-26 17:25:19.944690
42,131,click,2025-12-08 17:25:19.944690
354,113,click,2025-08-24 17:25:19.944690
416,286,click,2025-07-08 17:25:19.944690
109,287,purchase,2025-11-27 17:25:19.944690
51,211,click,2025-11-16 17:25:19.944690
250,20,click,2025-07-27 17:25:19.944690
497,215,add_to_cart,2025-11-10 17:25:19.944690
341,251,click,2025-08-03 17:25:19.944690
430,271,click,2025-08-22 17:25:19.944690
383,180,click,2025-08-31 17:25:19.944690
492,194,click,2025-11-12 17:25:19.944690
21,79,click,2025-06-21 17:25:19.944690
300,180,purchase,2025-11-14 17:25:19.944690
139,163,click,2025-11-04 17:25:19.944690
359,202,click,2025-07-08 17:25:19.944690
324,14,click,2025-08-19 17:25:19.944690
499,246,click,2025-12-02 17:25:19.944690
385,14,purchase,2025-07-13 17:25:19.944690
92,99,click,2025-08-24 17:25:19.944690
447,33,purchase,2025-07-02 17:25:19.944690
280,257,click,2025-09-13 17:25:19.944690
125,34,add_to_cart,2025-11-15 17:25:19.944690
483,19,click,2025-07-17 17:25:19.944690
397,152,click,2025-08-06 17:25:19.944690
111,260,click,2025-12-07 17:25:19.944690
354,164,add_to_cart,2025-09-07 17:25:19.944690
139,77,click,2025-10-07 17:25:19.944690
484,137,click,2025-11-22 17:25:19.944690
435,208,add_to_cart,2025-09-09 17:25:19.944690
273,242,click,2025-10-12 17:25:19.944690
99,67,click,2025-07-24 17:25:19.944690
252,116,add_to_cart,2025-09-07 17:25:19.944690
338,202,click,2025-07-04 17:25:19.944690
104,250,add_to_cart,2025-10-27 17:25:19.944690
214,278,click,2025-06-26 17:25:19.944690
249,112,click,2025-11-26 17:25:19.944690
152,234,click,2025-10-18 17:25:19.944690
250,176,purchase,2025-10-18 17:25:19.944690
275,143,purchase,2025-09-17 17:25:19.944690
165,32,purchase,2025-07-30 17:25:19.944690
487,181,click,2025-09-23 17:25:19.944690
341,67,add_to_cart,2025-10-12 17:25:19.944690
8,4,click,2025-09-30 17:25:19.944690
284,286,click,2025-10-19 17:25:19.944690
5,269,add_to_cart,2025-09-07 17:25:19.944690
145,236,click,2025-08-15 17:25:19.944690
101,277,click,2025-11-02 17:25:19.944690
164,41,click,2025-07-27 17:25:19.944690
374,121,add_to_cart,2025-08-13 17:25:19.944690
147,275,click,2025-10-25 17:25:19.944690
64,231,click,2025-07-07 17:25:19.944690
91,86,purchase,2025-08-16 17:25:19.944690
117,63,click,2025-07-14 17:25:19.944690
354,192,click,2025-12-04 17:25:19.944690
267,293,add_to_cart,2025-11-08 17:25:19.944690
310,31,add_to_cart,2025-09-17 17:25:19.944690
173,146,click,2025-07-01 17:25:19.944690
47,107,add_to_cart,2025-09-03 17:25:19.944690
140,110,click,2025-07-20 17:25:19.944690
246,276,click,2025-07-09 17:25:19.944690
149,210,click,2025-09-18 17:25:19.944690
246,139,click,2025-12-04 17:25:19.944690
395,86,click,2025-09-18 17:25:19.944690
487,44,purchase,2025-07-15 17:25:19.944690
476,82,add_to_cart,2025-11-10 17:25:19.944690
5,64,purchase,2025-11-30 17:25:19.944690
465,55,add_to_cart,2025-07-07 17:25:19.944690
184,74,click,2025-08-25 17:25:19.944690
20,129,click,2025-07-17 17:25:19.944690
425,256,purchase,2025-07-02 17:25:19.944690
46,231,add_to_cart,2025-07-12 17:25:19.944690
12,137,purchase,2025-07-10 17:25:19.944690
70,112,click,2025-10-14 17:25:19.944690
17,146,click,2025-11-03 17:25:19.945689
371,33,click,2025-11-27 17:25:19.945689
147,260,click,2025-07-31 17:25:19.945689
154,87,click,2025-10-21 17:25:19.945689
304,265,click,2025-11-03 17:25:19.945689
108,30,add_to_cart,2025-10-29 17:25:19.945689
236,232,click,2025-11-06 17:25:19.945689
308,76,click,2025-11-12 17:25:19.945689
352,129,add_to_cart,2025-08-28 17:25:19.945689
70,271,click,2025-08-25 17:25:19.945689
183,89,click,2025-08-25 17:25:19.945689
250,170,click,2025-08-09 17:25:19.945689
228,128,purchase,2025-11-27 17:25:19.945689
102,174,click,2025-12-15 17:25:19.945689
75,26,purchase,2025-08-18 17:25:19.945689
417,61,click,2025-09-19 17:25:19.945689
446,67,click,2025-07-16 17:25:19.945689
216,26,click,2025-09-04 17:25:19.945689
407,83,click,2025-09-23 17:25:19.945689
399,60,click,2025-11-18 17:25:19.945689
411,39,add_to_cart,2025-08-31 17:25:19.945689
203,123,click,2025-11-01 17:25:19.945689
192,292,add_to_cart,2025-11-22 17:25:19.945689
249,277,add_to_cart,2025-11-02 17:25:19.945689
499,282,add_to_cart,2025-08-08 17:25:19.945689
242,191,click,2025-07-18 17:25:19.945689
465,292,purchase,2025-09-29 17:25:19.945689
179,152,click,2025-10-15 17:25:19.945689
437,233,click,2025-07-26 17:25:19.945689
462,146,add_to_cart,2025-07-09 17:25:19.945689
219,271,click,2025-12-12 17:25:19.945689
82,134,add_to_cart,2025-08-12 17:25:19.945689
92,171,click,2025-11-15 17:25:19.945689
435,28,click,2025-10-18 17:25:19.945689
175,136,click,2025-12-15 17:25:19.945689
239,241,click,2025-10-08 17:25:19.945689
260,228,click,2025-12-02 17:25:19.945689
391,287,click,2025-11-23 17:25:19.945689
365,34,add_to_cart,2025-08-30 17:25:19.945689
163,2,add_to_cart,2025-08-24 17:25:19.945689
48,195,add_to_cart,2025-08-20 17:25:19.945689
329,94,add_to_cart,2025-07-25 17:25:19.945689
328,135,click,2025-08-01 17:25:19.945689
116,204,purchase,2025-08-19 17:25:19.945689
429,250,click,2025-09-09 17:25:19.945689
337,147,click,2025-07-10 17:25:19.945689
337,254,add_to_cart,2025-11-01 17:25:19.945689
369,176,click,2025-08-12 17:25:19.945689
225,125,add_to_cart,2025-08-03 17:25:19.945689
352,251,click,2025-10-20 17:25:19.945689
328,131,click,2025-10-13 17:25:19.945689
147,50,click,2025-12-14 17:25:19.945689
63,93,click,2025-12-10 17:25:19.945689
294,220,purchase,2025-08-30 17:25:19.945689
323,20,purchase,2025-10-16 17:25:19.945689
443,205,click,2025-07-07 17:25:19.945689
325,91,click,2025-11-29 17:25:19.945689
13,173,click,2025-11-20 17:25:19.945689
431,189,add_to_cart,2025-10-01 17:25:19.945689
494,2,click,2025-07-21 17:25:19.945689
189,168,purchase,2025-11-05 17:25:19.945689
287,24,add_to_cart,2025-08-28 17:25:19.945689
208,68,purchase,2025-09-08 17:25:19.945689
114,194,click,2025-09-08 17:25:19.945689
480,84,add_to_cart,2025-10-23 17:25:19.945689
22,207,add_to_cart,2025-07-12 17:25:19.945689
349,49,add_to_cart,2025-10-29 17:25:19.945689
214,32,add_to_cart,2025-09-12 17:25:19.945689
171,170,click,2025-09-17 17:25:19.945689
323,129,add_to_cart,2025-07-19 17:25:19.945689
54,102,purchase,2025-10-05 17:25:19.945689
394,35,purchase,2025-09-03 17:25:19.945689
298,199,add_to_cart,2025-08-05 17:25:19.945689
320,77,click,2025-10-25 17:25:19.945689
126,14,click,2025-12-15 17:25:19.945689
277,131,purchase,2025-11-01 17:25:19.945689
464,238,click,2025-08-20 17:25:19.945689
204,280,click,2025-11-06 17:25:19.945689
194,65,click,2025-12-05 17:25:19.945689
169,138,add_to_cart,2025-08-12 17:25:19.945689
152,269,click,2025-06-19 17:25:19.945689
35,228,click,2025-09-11 17:25:19.945689
184,201,click,2025-08-03 17:25:19.945689
286,142,add_to_cart,2025-06-20 17:25:19.945689
57,100,purchase,2025-07-20 17:25:19.945689
222,138,click,2025-11-07 17:25:19.946689
303,168,click,2025-11-02 17:25:19.946689
163,99,add_to_cart,2025-10-20 17:25:19.946689
19,66,add_to_cart,2025-11-05 17:25:19.946689
370,47,add_to_cart,2025-11-07 17:25:19.946689
264,231,add_to_cart,2025-07-21 17:25:19.946689
282,146,purchase,2025-11-24 17:25:19.946689
113,207,click,2025-07-12 17:25:19.946689
488,146,click,2025-10-31 17:25:19.946689
327,152,add_to_cart,2025-12-13 17:25:19.946689
30,279,add_to_cart,2025-08-05 17:25:19.946689
135,140,click,2025-10-21 17:25:19.946689
67,151,purchase,2025-10-10 17:25:19.946689
65,21,add_to_cart,2025-09-18 17:25:19.946689
292,254,add_to_cart,2025-07-09 17:25:19.946689
25,64,click,2025-09-10 17:25:19.946689
37,218,click,2025-08-29 17:25:19.946689
1,72,add_to_cart,2025-11-05 17:25:19.946689
399,162,click,2025-11-17 17:25:19.946689
37,130,click,2025-09-04 17:25:19.946689
141,69,purchase,2025-08-27 17:25:19.946689
232,225,purchase,2025-08-29 17:25:19.946689
136,246,click,2025-12-05 17:25:19.946689
389,68,add_to_cart,2025-09-12 17:25:19.946689
188,107,click,2025-08-06 17:25:19.946689
128,109,click,2025-09-14 17:25:19.946689
201,103,add_to_cart,2025-10-23 17:25:19.946689
127,141,add_to_cart,2025-08-17 17:25:19.946689
257,65,click,2025-12-14 17:25:19.946689
164,134,click,2025-09-07 17:25:19.946689
35,199,click,2025-09-29 17:25:19.946689
194,155,purchase,2025-10-29 17:25:19.946689
191,79,add_to_cart,2025-10-09 17:25:19.946689
104,250,click,2025-11-02 17:25:19.946689
23,87,click,2025-08-10 17:25:19.946689
265,241,click,2025-09-13 17:25:19.946689
290,88,add_to_cart,2025-09-24 17:25:19.946689
430,172,add_to_cart,2025-11-27 17:25:19.946689
462,17,click,2025-06-27 17:25:19.946689
384,223,purchase,2025-07-10 17:25:19.946689
260,294,click,2025-10-15 17:25:19.946689
414,219,click,2025-07-26 17:25:19.946689
479,234,click,2025-07-12 17:25:19.946689
358,248,click,2025-10-10 17:25:19.946689
75,52,purchase,2025-09-21 17:25:19.946689
355,15,add_to_cart,2025-06-24 17:25:19.946689
72,112,click,2025-09-23 17:25:19.946689
259,184,click,2025-08-13 17:25:19.946689
398,7,click,2025-12-09 17:25:19.946689
188,51,click,2025-08-09 17:25:19.946689
461,241,add_to_cart,2025-11-24 17:25:19.946689
173,245,add_to_cart,2025-10-20 17:25:19.946689
480,186,click,2025-09-13 17:25:19.946689
290,287,click,2025-08-13 17:25:19.946689
45,92,click,2025-10-04 17:25:19.946689
61,106,purchase,2025-11-19 17:25:19.946689
83,13,click,2025-11-08 17:25:19.946689
123,146,click,2025-08-10 17:25:19.946689
358,119,click,2025-10-01 17:25:19.946689
16,203,click,2025-07-28 17:25:19.946689
66,141,click,2025-09-10 17:25:19.946689
424,115,add_to_cart,2025-07-26 17:25:19.946689
145,152,purchase,2025-09-27 17:25:19.946689
375,57,click,2025-09-09 17:25:19.946689
162,157,click,2025-10-29 17:25:19.946689
234,133,add_to_cart,2025-12-01 17:25:19.946689
380,163,add_to_cart,2025-09-08 17:25:19.946689
144,275,click,2025-11-06 17:25:19.946689
358,183,purchase,2025-11-16 17:25:19.946689
188,77,add_to_cart,2025-08-26 17:25:19.946689
322,44,click,2025-11-23 17:25:19.946689
450,206,click,2025-12-07 17:25:19.946689
474,38,add_to_cart,2025-07-09 17:25:19.946689
13,22,add_to_cart,2025-11-11 17:25:19.946689
184,73,click,2025-10-28 17:25:19.946689
111,241,click,2025-09-11 17:25:19.946689
415,154,click,2025-06-26 17:25:19.946689
290,237,add_to_cart,2025-11-30 17:25:19.946689
295,5,click,2025-11-14 17:25:19.946689
451,221,click,2025-11-21 17:25:19.946689
392,86,add_to_cart,2025-09-13 17:25:19.946689
215,177,click,2025-11-09 17:25:19.946689
462,259,add_to_cart,2025-11-09 17:25:19.946689
120,220,click,2025-07-06 17:25:19.946689
382,38,click,2025-11-01 17:25:19.946689
55,142,click,2025-08-02 17:25:19.946689
27,235,purchase,2025-06-24 17:25:19.946689
118,203,add_to_cart,2025-11-10 17:25:19.946689
221,294,click,2025-08-20 17:25:19.946689
231,172,purchase,2025-09-25 17:25:19.946689
53,125,add_to_cart,2025-09-04 17:25:19.946689
295,65,click,2025-07-31 17:25:19.946689
321,281,click,2025-12-15 17:25:19.946689
401,272,click,2025-07-26 17:25:19.946689
233,244,add_to_cart,2025-09-11 17:25:19.946689
158,15,add_to_cart,2025-09-15 17:25:19.946689
437,226,click,2025-09-20 17:25:19.946689
269,131,click,2025-08-07 17:25:19.946689
21,195,click,2025-08-23 17:25:19.946689
403,293,click,2025-11-14 17:25:19.946689
53,209,click,2025-07-21 17:25:19.946689
275,113,click,2025-10-21 17:25:19.946689
313,244,click,2025-09-29 17:25:19.946689
281,166,purchase,2025-09-08 17:25:19.946689
214,191,click,2025-09-03 17:25:19.946689
31,257,click,2025-11-04 17:25:19.946689
337,218,click,2025-10-04 17:25:19.946689
183,275,click,2025-10-17 17:25:19.946689
23,52,add_to_cart,2025-06-24 17:25:19.946689
32,158,click,2025-07-17 17:25:19.946689
446,55,click,2025-11-05 17:25:19.946689
74,14,click,2025-12-12 17:25:19.946689
10,269,click,2025-10-01 17:25:19.946689
484,90,click,2025-06-20 17:25:19.946689
456,27,add_to_cart,2025-12-15 17:25:19.946689
54,89,click,2025-12-02 17:25:19.946689
52,41,add_to_cart,2025-07-31 17:25:19.946689
148,268,click,2025-09-10 17:25:19.946689
160,138,click,2025-07-05 17:25:19.946689
370,6,click,2025-11-04 17:25:19.946689
14,242,purchase,2025-08-16 17:25:19.946689
178,162,click,2025-10-29 17:25:19.946689
412,180,click,2025-11-28 17:25:19.946689
366,297,click,2025-09-18 17:25:19.946689
500,6,add_to_cart,2025-10-01 17:25:19.946689
53,271,click,2025-10-17 17:25:19.946689
408,272,purchase,2025-07-13 17:25:19.946689
335,156,add_to_cart,2025-12-07 17:25:19.946689
22,85,purchase,2025-07-17 17:25:19.946689
30,200,click,2025-07-21 17:25:19.948184
191,10,add_to_cart,2025-11-19 17:25:19.948184
260,138,click,2025-09-06 17:25:19.948184
205,242,click,2025-07-01 17:25:19.948184
59,201,purchase,2025-09-24 17:25:19.948184
471,156,click,2025-10-23 17:25:19.948184
264,275,purchase,2025-09-21 17:25:19.948184
466,225,click,2025-09-25 17:25:19.948184
12,68,purchase,2025-07-26 17:25:19.948184
119,184,click,2025-09-10 17:25:19.948184
415,195,add_to_cart,2025-09-04 17:25:19.948184
462,42,click,2025-06-20 17:25:19.948184
290,151,click,2025-11-06 17:25:19.948184
338,84,add_to_cart,2025-06-28 17:25:19.948184
248,134,add_to_cart,2025-10-13 17:25:19.948184
354,298,click,2025-08-03 17:25:19.948184
127,30,click,2025-12-14 17:25:19.948184
75,9,click,2025-11-16 17:25:19.948184
361,170,click,2025-10-25 17:25:19.948184
204,290,click,2025-09-06 17:25:19.948184
49,168,add_to_cart,2025-09-04 17:25:19.948184
79,145,click,2025-11-13 17:25:19.948184
441,228,click,2025-12-07 17:25:19.948184
479,76,purchase,2025-12-05 17:25:19.948184
241,223,click,2025-08-14 17:25:19.948184
349,177,click,2025-10-01 17:25:19.948184
154,189,add_to_cart,2025-07-31 17:25:19.948184
274,46,add_to_cart,2025-10-23 17:25:19.948184
96,17,add_to_cart,2025-10-02 17:25:19.948184
214,66,add_to_cart,2025-09-10 17:25:19.948184
294,261,click,2025-07-21 17:25:19.948184
209,123,click,2025-12-11 17:25:19.948184
343,231,add_to_cart,2025-11-22 17:25:19.948184
88,125,click,2025-07-09 17:25:19.948184
306,112,click,2025-11-15 17:25:19.948184
264,272,add_to_cart,2025-09-01 17:25:19.948184
425,81,add_to_cart,2025-11-02 17:25:19.948184
390,246,click,2025-07-22 17:25:19.948184
325,215,purchase,2025-11-22 17:25:19.948184
428,235,add_to_cart,2025-08-20 17:25:19.948184
377,82,purchase,2025-12-04 17:25:19.948184
320,294,purchase,2025-06-21 17:25:19.948184
157,76,click,2025-09-22 17:25:19.948184
156,15,add_to_cart,2025-08-23 17:25:19.948184
139,220,add_to_cart,2025-11-21 17:25:19.948184
121,230,add_to_cart,2025-06-20 17:25:19.948184
65,265,add_to_cart,2025-08-21 17:25:19.948184
107,264,click,2025-07-27 17:25:19.948184
147,110,click,2025-10-05 17:25:19.948184
137,200,click,2025-11-17 17:25:19.948184
411,226,add_to_cart,2025-11-21 17:25:19.948184
162,185,add_to_cart,2025-09-20 17:25:19.948184
428,31,click,2025-09-07 17:25:19.948184
452,102,click,2025-07-29 17:25:19.948184
100,259,add_to_cart,2025-06-21 17:25:19.948184
338,99,click,2025-07-29 17:25:19.948184
399,299,click,2025-09-25 17:25:19.948184
307,285,click,2025-09-07 17:25:19.948184
141,266,purchase,2025-06-23 17:25:19.948184
83,140,add_to_cart,2025-06-21 17:25:19.948184
177,286,click,2025-11-27 17:25:19.948184
198,216,click,2025-08-26 17:25:19.948184
112,32,add_to_cart,2025-10-24 17:25:19.948184
56,88,add_to_cart,2025-11-11 17:25:19.948184
460,63,add_to_cart,2025-08-25 17:25:19.948184
179,279,click,2025-07-14 17:25:19.948184
421,74,click,2025-10-10 17:25:19.948184
401,124,purchase,2025-10-26 17:25:19.948184
186,269,click,2025-09-02 17:25:19.948184
471,285,click,2025-07-22 17:25:19.948184
218,121,add_to_cart,2025-11-03 17:25:19.948184
413,212,purchase,2025-11-11 17:25:19.948184
417,148,add_to_cart,2025-12-01 17:25:19.948184
316,78,add_to_cart,2025-07-25 17:25:19.948184
475,14,click,2025-09-08 17:25:19.948184
217,136,click,2025-10-08 17:25:19.948184
120,280,click,2025-09-22 17:25:19.948184
439,79,click,2025-06-30 17:25:19.948184
394,243,click,2025-11-16 17:25:19.948184
175,193,purchase,2025-07-22 17:25:19.948184
23,242,click,2025-09-19 17:25:19.948184
213,51,click,2025-10-31 17:25:19.948184
405,232,click,2025-10-17 17:25:19.948184
235,259,add_to_cart,2025-09-28 17:25:19.948184
13,218,click,2025-11-22 17:25:19.948184
101,206,purchase,2025-07-05 17:25:19.948184
417,120,click,2025-06-22 17:25:19.948184
24,80,add_to_cart,2025-12-02 17:25:19.948184
364,42,add_to_cart,2025-11-07 17:25:19.948184
11,21,click,2025-12-08 17:25:19.948184
273,10,add_to_cart,2025-06-23 17:25:19.948184
452,153,click,2025-09-27 17:25:19.949314
431,294,purchase,2025-09-26 17:25:19.949314
281,86,purchase,2025-11-05 17:25:19.949314
94,113,click,2025-11-11 17:25:19.949314
201,189,click,2025-10-23 17:25:19.949314
21,112,click,2025-07-04 17:25:19.949314
340,175,purchase,2025-06-19 17:25:19.949314
467,4,click,2025-11-28 17:25:19.949314
211,222,add_to_cart,2025-11-25 17:25:19.949314
140,221,add_to_cart,2025-11-04 17:25:19.949314
293,171,add_to_cart,2025-10-12 17:25:19.949314
298,213,click,2025-08-02 17:25:19.949314
401,253,click,2025-08-24 17:25:19.949314
101,124,click,2025-09-06 17:25:19.949314
304,128,click,2025-07-02 17:25:19.949314
359,213,click,2025-10-16 17:25:19.949314
28,112,click,2025-12-06 17:25:19.949314
41,85,click,2025-12-09 17:25:19.949314
355,4,click,2025-11-11 17:25:19.949314
303,65,click,2025-09-16 17:25:19.949314
496,120,click,2025-11-04 17:25:19.949314
146,243,click,2025-09-19 17:25:19.949314
256,137,click,2025-11-17 17:25:19.949314
462,247,click,2025-07-14 17:25:19.949314
227,45,add_to_cart,2025-11-08 17:25:19.949314
236,146,click,2025-12-14 17:25:19.949314
361,176,purchase,2025-11-21 17:25:19.949314
380,42,click,2025-11-08 17:25:19.949314
455,297,purchase,2025-10-18 17:25:19.949314
489,89,add_to_cart,2025-09-01 17:25:19.949314
13,218,add_to_cart,2025-12-09 17:25:19.949314
210,228,purchase,2025-06-22 17:25:19.949314
229,298,click,2025-08-30 17:25:19.949314
397,291,click,2025-11-05 17:25:19.949314
100,67,click,2025-06-20 17:25:19.949314
31,251,click,2025-09-02 17:25:19.949314
386,41,click,2025-09-13 17:25:19.949314
16,99,click,2025-11-22 17:25:19.949314
137,79,click,2025-11-10 17:25:19.949314
329,199,click,2025-09-27 17:25:19.949314
166,147,click,2025-07-31 17:25:19.949314
459,106,add_to_cart,2025-11-25 17:25:19.949314
310,193,purchase,2025-11-19 17:25:19.949314
440,122,click,2025-10-22 17:25:19.949314
470,77,click,2025-09-22 17:25:19.949314
481,112,click,2025-08-05 17:25:19.949314
100,297,add_to_cart,2025-08-21 17:25:19.949314
109,170,click,2025-10-18 17:25:19.949314
343,6,purchase,2025-07-05 17:25:19.949314
173,197,click,2025-10-03 17:25:19.949314
237,98,click,2025-11-12 17:25:19.949314
162,230,purchase,2025-10-25 17:25:19.949314
393,168,purchase,2025-08-04 17:25:19.949314
216,297,add_to_cart,2025-07-27 17:25:19.949314
264,265,click,2025-10-18 17:25:19.949314
263,8,add_to_cart,2025-10-20 17:25:19.949314
292,172,click,2025-08-18 17:25:19.949314
274,195,click,2025-11-09 17:25:19.949314
3,269,click,2025-11-14 17:25:19.949314
28,19,click,2025-11-26 17:25:19.949314
326,49,add_to_cart,2025-08-12 17:25:19.949314
492,158,click,2025-09-26 17:25:19.949314
428,66,purchase,2025-08-29 17:25:19.949314
149,59,click,2025-10-25 17:25:19.949314
28,159,click,2025-09-19 17:25:19.949314
488,271,add_to_cart,2025-09-22 17:25:19.949314
310,121,add_to_cart,2025-06-23 17:25:19.949314
438,254,purchase,2025-09-28 17:25:19.949314
65,261,add_to_cart,2025-07-30 17:25:19.949314
356,135,click,2025-09-06 17:25:19.949314
21,274,purchase,2025-07-11 17:25:19.949314
252,56,purchase,2025-10-17 17:25:19.949314
235,96,click,2025-07-23 17:25:19.949314
227,114,click,2025-08-18 17:25:19.949314
13,28,click,2025-06-24 17:25:19.949314
313,2,click,2025-08-12 17:25:19.949314
49,212,purchase,2025-12-04 17:25:19.949314
118,68,click,2025-06-21 17:25:19.950314
54,128,add_to_cart,2025-09-05 17:25:19.950314
138,24,click,2025-08-26 17:25:19.950314
53,253,click,2025-11-06 17:25:19.950314
44,230,add_to_cart,2025-11-27 17:25:19.950314
303,176,click,2025-09-20 17:25:19.950314
53,221,click,2025-09-07 17:25:19.950314
74,36,purchase,2025-07-14 17:25:19.950314
46,2,add_to_cart,2025-06-19 17:25:19.950314
13,274,click,2025-09-27 17:25:19.950314
165,177,click,2025-12-09 17:25:19.950314
102,264,click,2025-09-30 17:25:19.950314
280,186,add_to_cart,2025-10-22 17:25:19.950314
258,15,add_to_cart,2025-09-16 17:25:19.950314
470,279,click,2025-07-10 17:25:19.950314
337,194,add_to_cart,2025-07-30 17:25:19.950314
356,198,click,2025-07-24 17:25:19.950314
398,64,click,2025-10-11 17:25:19.950314
138,290,click,2025-10-10 17:25:19.950314
163,18,click,2025-09-09 17:25:19.950314
409,64,click,2025-08-24 17:25:19.950314
387,251,add_to_cart,2025-07-09 17:25:19.950314
111,17,click,2025-07-17 17:25:19.950314
102,141,add_to_cart,2025-12-03 17:25:19.950314
17,245,add_to_cart,2025-07-19 17:25:19.950314
268,290,add_to_cart,2025-07-22 17:25:19.950314
182,87,click,2025-07-02 17:25:19.950314
372,199,click,2025-11-25 17:25:19.950314
24,161,add_to_cart,2025-07-25 17:25:19.950314
29,140,click,2025-08-03 17:25:19.950314
171,76,add_to_cart,2025-09-23 17:25:19.950314
409,19,click,2025-08-26 17:25:19.950314
228,50,click,2025-08-12 17:25:19.950314
378,232,add_to_cart,2025-09-29 17:25:19.950314
188,295,purchase,2025-07-15 17:25:19.950314
346,12,click,2025-09-21 17:25:19.950314
230,15,click,2025-09-02 17:25:19.950314
321,28,add_to_cart,2025-10-01 17:25:19.950314
340,292,click,2025-08-25 17:25:19.950314
119,250,click,2025-11-15 17:25:19.950314
156,98,click,2025-09-03 17:25:19.950314
272,39,click,2025-10-09 17:25:19.950314
175,38,click,2025-07-01 17:25:19.950314
465,300,click,2025-11-19 17:25:19.950314
104,179,purchase,2025-08-01 17:25:19.950314
92,97,add_to_cart,2025-09-14 17:25:19.950314
186,282,purchase,2025-11-30 17:25:19.950314
460,238,click,2025-08-27 17:25:19.950314
283,164,click,2025-08-25 17:25:19.950314
181,97,purchase,2025-12-03 17:25:19.950314
170,257,click,2025-10-17 17:25:19.950314
187,262,add_to_cart,2025-09-28 17:25:19.950314
175,293,click,2025-08-01 17:25:19.950314
222,258,add_to_cart,2025-08-18 17:25:19.950314
233,249,purchase,2025-08-13 17:25:19.950314
162,245,click,2025-08-30 17:25:19.950314
421,251,click,2025-11-14 17:25:19.950314
134,123,click,2025-10-22 17:25:19.950314
391,169,click,2025-07-16 17:25:19.950314
480,175,click,2025-06-30 17:25:19.950314
224,269,add_to_cart,2025-11-20 17:25:19.950314
153,204,click,2025-08-29 17:25:19.950314
33,66,click,2025-07-12 17:25:19.950314
55,59,click,2025-08-10 17:25:19.950314
442,219,click,2025-09-25 17:25:19.950314
7,266,click,2025-11-10 17:25:19.950314
244,141,add_to_cart,2025-09-10 17:25:19.950314
313,236,purchase,2025-09-23 17:25:19.950314
126,218,click,2025-08-07 17:25:19.950314
12,15,click,2025-10-18 17:25:19.950314
16,138,add_to_cart,2025-07-07 17:25:19.950314
208,232,click,2025-12-10 17:25:19.950314
43,89,click,2025-07-10 17:25:19.950314
373,77,add_to_cart,2025-07-09 17:25:19.950314
484,136,click,2025-11-04 17:25:19.950314
461,110,click,2025-10-20 17:25:19.950314
135,91,purchase,2025-10-04 17:25:19.950314
228,190,click,2025-10-31 17:25:19.950314
111,73,purchase,2025-08-26 17:25:19.950314
307,173,click,2025-09-19 17:25:19.950314
457,35,add_to_cart,2025-10-21 17:25:19.950314
160,210,click,2025-06-21 17:25:19.950314
331,298,click,2025-08-15 17:25:19.950314
264,133,add_to_cart,2025-07-11 17:25:19.950314
225,283,purchase,2025-07-05 17:25:19.950314
471,198,click,2025-11-20 17:25:19.950314
217,32,add_to_cart,2025-10-27 17:25:19.950314
456,136,click,2025-08-08 17:25:19.950314
45,248,add_to_cart,2025-09-01 17:25:19.950314
214,146,add_to_cart,2025-08-30 17:25:19.950314
59,143,click,2025-12-09 17:25:19.950314
132,234,click,2025-07-14 17:25:19.950314
104,44,click,2025-09-27 17:25:19.950314
195,32,purchase,2025-10-28 17:25:19.950314
413,231,click,2025-10-31 17:25:19.950314
489,28,add_to_cart,2025-07-15 17:25:19.950314
157,160,click,2025-10-12 17:25:19.950314
98,207,add_to_cart,2025-12-14 17:25:19.950314
226,18,add_to_cart,2025-09-28 17:25:19.950314
412,103,add_to_cart,2025-10-13 17:25:19.950314
205,70,purchase,2025-09-07 17:25:19.950314
79,119,click,2025-10-17 17:25:19.950314
124,139,click,2025-09-18 17:25:19.950314
471,160,purchase,2025-08-01 17:25:19.950314
428,232,click,2025-12-01 17:25:19.950314
218,148,add_to_cart,2025-07-04 17:25:19.950314
4,243,add_to_cart,2025-12-10 17:25:19.950314
90,35,add_to_cart,2025-06-28 17:25:19.950314
104,239,click,2025-11-01 17:25:19.950314
393,149,click,2025-10-01 17:25:19.950314
119,111,add_to_cart,2025-07-13 17:25:19.950314
133,17,click,2025-06-19 17:25:19.950314
312,226,add_to_cart,2025-09-01 17:25:19.950314
96,140,click,2025-07-06 17:25:19.950314
468,144,click,2025-10-11 17:25:19.950314
434,260,click,2025-07-15 17:25:19.950314
331,217,purchase,2025-07-21 17:25:19.950314
143,162,click,2025-08-09 17:25:19.950314
288,92,click,2025-09-15 17:25:19.950314
28,174,purchase,2025-11-16 17:25:19.950314
278,205,add_to_cart,2025-12-06 17:25:19.950314
233,153,purchase,2025-08-29 17:25:19.950314
17,103,click,2025-07-19 17:25:19.950314
59,202,add_to_cart,2025-11-17 17:25:19.950314
90,280,click,2025-10-08 17:25:19.950314
492,65,add_to_cart,2025-08-02 17:25:19.950314
199,117,purchase,2025-07-30 17:25:19.950314
362,153,click,2025-07-15 17:25:19.950314
441,156,click,2025-07-22 17:25:19.950314
26,164,add_to_cart,2025-07-22 17:25:19.950314
25,82,click,2025-07-11 17:25:19.950314
394,6,add_to_cart,2025-11-10 17:25:19.950314
301,67,click,2025-06-29 17:25:19.950314
339,238,purchase,2025-12-07 17:25:19.950314
267,72,click,2025-08-03 17:25:19.950314
461,95,click,2025-11-28 17:25:19.950314
181,78,click,2025-08-01 17:25:19.950314
456,67,click,2025-08-04 17:25:19.950314
360,176,click,2025-11-01 17:25:19.950314
68,172,click,2025-07-19 17:25:19.950314
495,255,click,2025-09-28 17:25:19.950314
351,63,purchase,2025-09-20 17:25:19.950314
412,246,click,2025-07-09 17:25:19.950314
459,192,add_to_cart,2025-08-17 17:25:19.950314
491,71,click,2025-07-25 17:25:19.951815
321,229,click,2025-08-08 17:25:19.951815
49,63,click,2025-11-05 17:25:19.951815
175,297,add_to_cart,2025-06-20 17:25:19.951815
52,245,click,2025-12-02 17:25:19.951815
102,7,click,2025-06-22 17:25:19.951815
216,260,click,2025-06-22 17:25:19.951815
438,89,click,2025-11-19 17:25:19.951815
188,177,click,2025-09-26 17:25:19.951815
57,204,click,2025-07-02 17:25:19.951815
47,134,click,2025-10-04 17:25:19.951815
159,82,add_to_cart,2025-07-05 17:25:19.951815
489,21,click,2025-12-06 17:25:19.951815
174,128,click,2025-09-14 17:25:19.951815
242,195,click,2025-08-06 17:25:19.951815
282,194,click,2025-09-22 17:25:19.951815
241,184,click,2025-09-06 17:25:19.951815
370,247,add_to_cart,2025-12-14 17:25:19.951815
5,160,add_to_cart,2025-07-13 17:25:19.951815
84,194,click,2025-09-18 17:25:19.951815
308,110,click,2025-07-15 17:25:19.951815
361,66,click,2025-08-17 17:25:19.951815
459,254,click,2025-11-16 17:25:19.951815
248,283,purchase,2025-12-07 17:25:19.951815
54,60,add_to_cart,2025-08-09 17:25:19.951815
161,118,click,2025-10-21 17:25:19.951815
434,44,purchase,2025-10-21 17:25:19.951815
422,210,click,2025-10-16 17:25:19.951815
411,36,click,2025-11-01 17:25:19.951815
226,19,click,2025-07-28 17:25:19.951815
15,91,click,2025-07-27 17:25:19.951815
224,212,purchase,2025-07-31 17:25:19.951815
61,222,purchase,2025-07-24 17:25:19.951815
122,217,add_to_cart,2025-07-24 17:25:19.951815
277,223,click,2025-07-10 17:25:19.951815
46,98,add_to_cart,2025-06-25 17:25:19.951815
453,19,add_to_cart,2025-10-28 17:25:19.951815
390,297,click,2025-09-17 17:25:19.951815
294,26,click,2025-09-07 17:25:19.951815
62,28,add_to_cart,2025-09-14 17:25:19.951815
86,64,purchase,2025-11-28 17:25:19.951815
446,223,add_to_cart,2025-12-05 17:25:19.951815
210,80,click,2025-09-11 17:25:19.951815
78,51,click,2025-08-07 17:25:19.951815
202,102,purchase,2025-09-03 17:25:19.951815
302,176,add_to_cart,2025-07-25 17:25:19.951815
397,10,click,2025-08-01 17:25:19.951815
223,237,click,2025-10-09 17:25:19.951815
222,100,purchase,2025-06-26 17:25:19.951815
3,228,purchase,2025-12-14 17:25:19.951815
478,64,add_to_cart,2025-08-19 17:25:19.951815
6,19,click,2025-09-18 17:25:19.951815
93,141,add_to_cart,2025-08-18 17:25:19.951815
8,25,click,2025-11-24 17:25:19.951815
428,228,purchase,2025-08-17 17:25:19.951815
493,89,click,2025-06-22 17:25:19.951815
235,92,add_to_cart,2025-07-20 17:25:19.951815
108,42,add_to_cart,2025-10-03 17:25:19.951815
161,295,add_to_cart,2025-09-20 17:25:19.951815
209,81,click,2025-12-12 17:25:19.951815
240,107,click,2025-10-19 17:25:19.951815
331,111,add_to_cart,2025-08-20 17:25:19.951815
333,277,click,2025-11-20 17:25:19.951815
50,214,click,2025-08-25 17:25:19.951815
11,231,purchase,2025-07-02 17:25:19.951815
351,121,click,2025-09-03 17:25:19.951815
156,134,add_to_cart,2025-08-09 17:25:19.951815
492,208,click,2025-09-09 17:25:19.951815
70,257,add_to_cart,2025-10-29 17:25:19.951815
169,185,add_to_cart,2025-11-25 17:25:19.951815
272,286,add_to_cart,2025-07-10 17:25:19.951815
68,180,purchase,2025-06-24 17:25:19.951815
355,48,click,2025-11-23 17:25:19.951815
252,87,add_to_cart,2025-09-16 17:25:19.951815
48,19,add_to_cart,2025-12-09 17:25:19.951815
184,46,click,2025-08-10 17:25:19.951815
320,56,click,2025-10-28 17:25:19.951815
187,229,purchase,2025-09-08 17:25:19.951815
90,145,click,2025-11-15 17:25:19.951815
446,92,click,2025-08-13 17:25:19.951815
332,82,click,2025-06-24 17:25:19.951815
139,225,click,2025-09-14 17:25:19.951815
357,79,purchase,2025-11-11 17:25:19.951815
89,150,click,2025-11-12 17:25:19.951815
274,283,click,2025-12-01 17:25:19.951815
19,160,add_to_cart,2025-09-29 17:25:19.951815
471,156,click,2025-09-22 17:25:19.951815
311,156,add_to_cart,2025-10-06 17:25:19.951815
358,202,add_to_cart,2025-09-26 17:25:19.951815
374,117,add_to_cart,2025-06-29 17:25:19.951815
466,154,add_to_cart,2025-07-23 17:25:19.951815
154,119,click,2025-11-08 17:25:19.951815
390,199,click,2025-10-13 17:25:19.951815
260,263,click,2025-11-17 17:25:19.951815
108,184,click,2025-08-20 17:25:19.951815
371,148,click,2025-08-23 17:25:19.951815
285,166,click,2025-12-06 17:25:19.951815
59,75,click,2025-11-29 17:25:19.951815
125,236,click,2025-07-09 17:25:19.951815
354,272,click,2025-08-23 17:25:19.951815
273,179,click,2025-09-23 17:25:19.951815
107,283,click,2025-09-26 17:25:19.951815
299,51,add_to_cart,2025-06-25 17:25:19.951815
245,75,add_to_cart,2025-10-06 17:25:19.951815
336,144,add_to_cart,2025-08-23 17:25:19.951815
450,188,purchase,2025-10-21 17:25:19.951815
418,123,add_to_cart,2025-10-16 17:25:19.951815
247,251,add_to_cart,2025-09-04 17:25:19.951815
8,296,click,2025-11-02 17:25:19.951815
141,130,click,2025-07-03 17:25:19.951815
362,252,add_to_cart,2025-09-03 17:25:19.951815
8,180,click,2025-06-21 17:25:19.951815
478,110,click,2025-10-03 17:25:19.951815
352,78,click,2025-11-14 17:25:19.951815
484,2,click,2025-08-17 17:25:19.951815
495,276,add_to_cart,2025-09-17 17:25:19.951815
94,290,click,2025-10-24 17:25:19.951815
321,297,click,2025-06-23 17:25:19.951815
427,169,click,2025-12-15 17:25:19.951815
39,240,add_to_cart,2025-09-04 17:25:19.951815
81,23,add_to_cart,2025-08-20 17:25:19.951815
187,294,click,2025-11-16 17:25:19.951815
84,172,add_to_cart,2025-12-07 17:25:19.951815
88,286,click,2025-08-30 17:25:19.951815
242,193,add_to_cart,2025-11-13 17:25:19.951815
342,169,add_to_cart,2025-11-20 17:25:19.951815
93,118,purchase,2025-11-04 17:25:19.951815
86,6,click,2025-11-04 17:25:19.951815
44,132,click,2025-09-11 17:25:19.951815
137,93,click,2025-11-07 17:25:19.951815
421,251,click,2025-10-16 17:25:19.951815
74,10,click,2025-10-30 17:25:19.951815
36,51,click,2025-06-29 17:25:19.951815
101,294,click,2025-10-29 17:25:19.951815
476,129,purchase,2025-06-19 17:25:19.951815
156,249,click,2025-07-08 17:25:19.951815
426,102,purchase,2025-07-14 17:25:19.951815
255,83,add_to_cart,2025-06-28 17:25:19.951815
171,191,purchase,2025-07-12 17:25:19.951815
469,143,purchase,2025-07-22 17:25:19.951815
216,237,add_to_cart,2025-08-10 17:25:19.951815
170,287,add_to_cart,2025-09-08 17:25:19.951815
252,277,click,2025-08-27 17:25:19.951815
360,291,click,2025-11-18 17:25:19.951815
322,169,purchase,2025-12-06 17:25:19.951815
55,144,click,2025-09-01 17:25:19.951815
456,184,click,2025-07-25 17:25:19.951815
432,45,add_to_cart,2025-09-07 17:25:19.951815
91,243,click,2025-12-15 17:25:19.951815
278,268,add_to_cart,2025-08-20 17:25:19.951815
101,253,click,2025-09-25 17:25:19.951815
155,289,add_to_cart,2025-08-06 17:25:19.951815
377,212,click,2025-08-06 17:25:19.951815
349,177,purchase,2025-08-23 17:25:19.951815
451,21,click,2025-07-21 17:25:19.951815
364,52,add_to_cart,2025-10-14 17:25:19.951815
141,233,click,2025-11-11 17:25:19.951815
173,123,click,2025-08-22 17:25:19.951815
10,100,click,2025-11-01 17:25:19.951815
228,214,click,2025-10-20 17:25:19.951815
265,135,add_to_cart,2025-08-17 17:25:19.951815
438,218,click,2025-07-17 17:25:19.951815
248,88,click,2025-11-26 17:25:19.951815
247,280,click,2025-07-13 17:25:19.951815
155,40,purchase,2025-07-03 17:25:19.951815
34,240,click,2025-07-17 17:25:19.951815
499,136,click,2025-11-22 17:25:19.951815
129,182,add_to_cart,2025-10-07 17:25:19.951815
160,265,purchase,2025-09-05 17:25:19.951815
89,259,purchase,2025-08-11 17:25:19.951815
93,182,purchase,2025-08-20 17:25:19.951815
327,21,click,2025-11-21 17:25:19.951815
241,196,add_to_cart,2025-09-26 17:25:19.951815
323,212,add_to_cart,2025-11-29 17:25:19.952814
468,16,purchase,2025-10-19 17:25:19.952814
404,202,click,2025-07-21 17:25:19.952814
117,218,purchase,2025-12-14 17:25:19.952814
94,93,click,2025-09-24 17:25:19.952814
163,133,add_to_cart,2025-12-07 17:25:19.952814
99,139,click,2025-08-15 17:25:19.952814
113,157,click,2025-09-03 17:25:19.952814
359,70,click,2025-09-24 17:25:19.952814
91,15,click,2025-08-29 17:25:19.952814
346,235,add_to_cart,2025-08-18 17:25:19.952814
206,212,add_to_cart,2025-08-04 17:25:19.952814
17,290,add_to_cart,2025-12-05 17:25:19.952814
274,60,click,2025-07-20 17:25:19.952814
173,252,purchase,2025-09-01 17:25:19.952814
116,2,add_to_cart,2025-08-10 17:25:19.952814
349,236,click,2025-11-16 17:25:19.952814
468,19,add_to_cart,2025-09-25 17:25:19.952814
181,49,click,2025-08-23 17:25:19.952814
91,78,click,2025-07-20 17:25:19.952814
82,28,click,2025-07-18 17:25:19.952814
324,48,click,2025-10-16 17:25:19.952814
449,96,click,2025-07-11 17:25:19.952814
114,165,click,2025-06-25 17:25:19.952814
257,176,purchase,2025-11-28 17:25:19.952814
58,73,click,2025-10-15 17:25:19.952814
154,29,click,2025-06-26 17:25:19.952814
365,157,purchase,2025-10-16 17:25:19.952814
404,279,click,2025-10-18 17:25:19.952814
116,283,add_to_cart,2025-07-06 17:25:19.952814
343,7,click,2025-08-28 17:25:19.952814
266,182,click,2025-07-19 17:25:19.952814
315,109,click,2025-08-24 17:25:19.952814
203,206,purchase,2025-07-17 17:25:19.952814
41,234,click,2025-10-26 17:25:19.952814
105,187,click,2025-10-12 17:25:19.952814
389,8,purchase,2025-07-26 17:25:19.952814
378,53,purchase,2025-08-26 17:25:19.952814
193,199,click,2025-07-13 17:25:19.952814
401,137,add_to_cart,2025-11-04 17:25:19.952814
278,259,click,2025-07-21 17:25:19.952814
354,172,click,2025-11-03 17:25:19.952814
237,86,click,2025-06-28 17:25:19.952814
425,46,click,2025-12-14 17:25:19.952814
221,186,click,2025-07-18 17:25:19.952814
68,156,click,2025-07-29 17:25:19.952814
197,9,click,2025-06-25 17:25:19.952814
256,115,click,2025-08-12 17:25:19.952814
139,154,click,2025-07-08 17:25:19.952814
312,130,purchase,2025-11-02 17:25:19.952814
435,81,add_to_cart,2025-07-16 17:25:19.952814
149,290,click,2025-11-11 17:25:19.952814
99,147,purchase,2025-07-06 17:25:19.952814
76,295,click,2025-10-12 17:25:19.952814
282,269,click,2025-06-28 17:25:19.952814
371,133,click,2025-07-10 17:25:19.952814
403,50,click,2025-07-13 17:25:19.952814
109,23,add_to_cart,2025-07-30 17:25:19.952814
188,88,purchase,2025-11-14 17:25:19.952814
199,112,click,2025-10-11 17:25:19.952814
303,111,click,2025-10-17 17:25:19.952814
327,72,click,2025-06-20 17:25:19.952814
154,154,click,2025-07-24 17:25:19.952814
40,57,add_to_cart,2025-08-23 17:25:19.952814
133,257,add_to_cart,2025-10-09 17:25:19.952814
405,156,click,2025-07-03 17:25:19.952814
462,113,add_to_cart,2025-10-13 17:25:19.952814
132,47,click,2025-08-07 17:25:19.952814
279,238,purchase,2025-10-23 17:25:19.952814
362,106,click,2025-10-01 17:25:19.952814
84,187,add_to_cart,2025-06-27 17:25:19.952814
399,159,click,2025-08-11 17:25:19.952814
242,198,click,2025-07-11 17:25:19.952814
116,177,add_to_cart,2025-08-28 17:25:19.952814
109,261,click,2025-09-19 17:25:19.952814
221,287,purchase,2025-08-25 17:25:19.952814
392,293,click,2025-10-23 17:25:19.952814
41,143,purchase,2025-10-29 17:25:19.952814
368,197,purchase,2025-11-11 17:25:19.952814
147,225,click,2025-10-09 17:25:19.952814
112,43,click,2025-11-20 17:25:19.952814
103,151,add_to_cart,2025-10-05 17:25:19.952814
46,296,click,2025-09-19 17:25:19.952814
412,63,purchase,2025-08-31 17:25:19.952814
494,130,click,2025-10-21 17:25:19.952814
475,255,add_to_cart,2025-10-08 17:25:19.952814
324,214,click,2025-09-27 17:25:19.952814
378,73,add_to_cart,2025-09-11 17:25:19.952814
271,104,click,2025-07-12 17:25:19.952814
483,158,add_to_cart,2025-08-12 17:25:19.952814
421,272,click,2025-09-02 17:25:19.952814
385,238,click,2025-10-18 17:25:19.952814
195,158,purchase,2025-11-21 17:25:19.952814
367,109,add_to_cart,2025-11-19 17:25:19.952814
280,9,purchase,2025-09-08 17:25:19.952814
283,59,click,2025-11-24 17:25:19.952814
40,192,add_to_cart,2025-10-30 17:25:19.952814
447,136,add_to_cart,2025-08-16 17:25:19.952814
189,251,add_to_cart,2025-10-22 17:25:19.952814
164,146,click,2025-12-07 17:25:19.952814
482,58,click,2025-10-23 17:25:19.952814
477,177,purchase,2025-08-24 17:25:19.952814
24,288,click,2025-10-13 17:25:19.952814
24,245,purchase,2025-08-20 17:25:19.952814
490,48,click,2025-08-29 17:25:19.952814
4,100,purchase,2025-09-08 17:25:19.952814
323,213,add_to_cart,2025-07-02 17:25:19.952814
290,165,add_to_cart,2025-09-24 17:25:19.952814
441,126,click,2025-12-08 17:25:19.952814
433,121,purchase,2025-08-31 17:25:19.952814
471,88,click,2025-07-14 17:25:19.952814
181,217,add_to_cart,2025-08-26 17:25:19.952814
248,61,click,2025-07-08 17:25:19.952814
116,179,add_to_cart,2025-07-31 17:25:19.952814
279,190,purchase,2025-09-01 17:25:19.952814
365,163,click,2025-07-25 17:25:19.952814
69,81,add_to_cart,2025-12-05 17:25:19.952814
351,170,click,2025-11-27 17:25:19.952814
254,196,purchase,2025-10-25 17:25:19.952814
181,203,purchase,2025-07-26 17:25:19.952814
318,47,click,2025-11-04 17:25:19.952814
169,158,click,2025-09-07 17:25:19.952814
313,194,add_to_cart,2025-09-11 17:25:19.952814
249,279,click,2025-09-24 17:25:19.952814
188,269,click,2025-09-28 17:25:19.952814
54,199,click,2025-07-03 17:25:19.952814
326,224,click,2025-08-10 17:25:19.952814
357,263,click,2025-09-21 17:25:19.952814
313,166,click,2025-10-28 17:25:19.952814
138,180,click,2025-09-30 17:25:19.952814
168,192,add_to_cart,2025-09-23 17:25:19.952814
391,216,click,2025-10-28 17:25:19.952814
103,284,click,2025-09-28 17:25:19.952814
422,107,add_to_cart,2025-07-19 17:25:19.952814
85,98,purchase,2025-06-28 17:25:19.952814
317,230,click,2025-10-27 17:25:19.952814
212,257,add_to_cart,2025-09-23 17:25:19.952814
3,43,add_to_cart,2025-08-14 17:25:19.952814
384,242,click,2025-11-27 17:25:19.952814
179,42,click,2025-09-16 17:25:19.952814
342,95,click,2025-10-05 17:25:19.952814
303,254,add_to_cart,2025-07-23 17:25:19.952814
452,188,click,2025-12-06 17:25:19.952814
476,167,purchase,2025-10-27 17:25:19.952814
332,271,add_to_cart,2025-10-28 17:25:19.952814
38,125,click,2025-06-30 17:25:19.952814
499,161,click,2025-09-08 17:25:19.952814
420,87,click,2025-07-26 17:25:19.952814
239,226,click,2025-08-18 17:25:19.952814
169,145,click,2025-11-23 17:25:19.952814
453,248,add_to_cart,2025-10-01 17:25:19.952814
397,6,add_to_cart,2025-08-25 17:25:19.952814
343,31,click,2025-11-19 17:25:19.952814
314,197,click,2025-12-10 17:25:19.952814
306,232,click,2025-11-22 17:25:19.952814
30,296,click,2025-09-21 17:25:19.952814
190,135,add_to_cart,2025-08-01 17:25:19.952814
357,13,click,2025-10-10 17:25:19.952814
25,4,add_to_cart,2025-10-07 17:25:19.952814
112,178,purchase,2025-09-29 17:25:19.952814
411,234,add_to_cart,2025-11-04 17:25:19.952814
435,259,click,2025-10-17 17:25:19.952814
206,140,click,2025-09-24 17:25:19.952814
185,65,click,2025-06-23 17:25:19.952814
382,283,add_to_cart,2025-09-20 17:25:19.952814
496,205,add_to_cart,2025-08-05 17:25:19.952814
379,17,add_to_cart,2025-08-30 17:25:19.952814
47,200,add_to_cart,2025-07-03 17:25:19.952814
374,32,add_to_cart,2025-07-22 17:25:19.952814
228,212,purchase,2025-10-06 17:25:19.952814
39,273,click,2025-11-22 17:25:19.952814
16,290,purchase,2025-09-02 17:25:19.952814
22,291,add_to_cart,2025-09-27 17:25:19.952814
213,234,click,2025-07-31 17:25:19.952814
310,182,purchase,2025-07-20 17:25:19.952814
149,146,purchase,2025-07-26 17:25:19.952814
456,50,click,2025-10-13 17:25:19.952814
241,103,add_to_cart,2025-07-28 17:25:19.952814
272,33,click,2025-10-06 17:25:19.952814
59,89,click,2025-07-01 17:25:19.952814
287,241,click,2025-08-02 17:25:19.952814
426,266,click,2025-09-02 17:25:19.952814
202,223,click,2025-07-03 17:25:19.953836
32,236,click,2025-10-25 17:25:19.953836
443,153,add_to_cart,2025-12-14 17:25:19.953836
162,57,click,2025-07-19 17:25:19.953836
255,112,click,2025-08-19 17:25:19.953836
254,15,click,2025-08-20 17:25:19.953836
9,269,click,2025-12-12 17:25:19.953836
465,114,click,2025-10-25 17:25:19.953836
139,252,click,2025-08-27 17:25:19.953836
480,142,click,2025-12-09 17:25:19.953836
10,114,click,2025-12-15 17:25:19.953836
214,290,click,2025-09-24 17:25:19.953836
273,25,purchase,2025-09-13 17:25:19.953836
324,255,click,2025-08-24 17:25:19.953836
48,268,add_to_cart,2025-10-22 17:25:19.953836
436,126,click,2025-08-21 17:25:19.953836
111,250,click,2025-12-03 17:25:19.953836
153,287,click,2025-11-18 17:25:19.953836
123,53,purchase,2025-12-02 17:25:19.953836
405,43,click,2025-08-07 17:25:19.953836
357,166,add_to_cart,2025-11-30 17:25:19.953836
102,42,add_to_cart,2025-09-18 17:25:19.953836
241,176,click,2025-06-25 17:25:19.953836
321,67,purchase,2025-08-27 17:25:19.953836
191,66,click,2025-08-17 17:25:19.953836
217,83,click,2025-08-07 17:25:19.953836
51,105,click,2025-09-09 17:25:19.953836
292,287,click,2025-08-07 17:25:19.953836
81,186,click,2025-06-30 17:25:19.953836
489,284,add_to_cart,2025-07-12 17:25:19.953836
383,4,click,2025-07-01 17:25:19.953836
88,138,add_to_cart,2025-11-27 17:25:19.953836
194,179,click,2025-07-21 17:25:19.953836
104,237,purchase,2025-11-25 17:25:19.953836
271,18,click,2025-07-21 17:25:19.953836
96,9,add_to_cart,2025-09-15 17:25:19.953836
423,29,add_to_cart,2025-10-30 17:25:19.953836
379,144,click,2025-09-16 17:25:19.953836
198,149,click,2025-11-02 17:25:19.953836
1,64,click,2025-08-24 17:25:19.953836
495,187,click,2025-09-18 17:25:19.953836
407,227,click,2025-12-14 17:25:19.953836
378,118,add_to_cart,2025-06-28 17:25:19.953836
167,254,click,2025-09-19 17:25:19.953836
126,31,click,2025-07-22 17:25:19.953836
313,161,click,2025-09-17 17:25:19.953836
81,215,purchase,2025-06-25 17:25:19.953836
418,169,click,2025-06-30 17:25:19.953836
251,81,click,2025-10-10 17:25:19.953836
169,46,click,2025-09-16 17:25:19.953836
477,49,click,2025-12-02 17:25:19.953836
73,298,add_to_cart,2025-07-21 17:25:19.953836
141,283,add_to_cart,2025-11-11 17:25:19.953836
70,88,add_to_cart,2025-07-16 17:25:19.953836
262,121,click,2025-08-10 17:25:19.953836
340,3,purchase,2025-08-06 17:25:19.953836
308,227,click,2025-10-20 17:25:19.953836
245,79,click,2025-12-14 17:25:19.953836
3,145,click,2025-10-11 17:25:19.953836
337,242,click,2025-09-18 17:25:19.953836
63,32,click,2025-08-27 17:25:19.953836
49,263,click,2025-09-20 17:25:19.953836
76,211,click,2025-07-20 17:25:19.953836
368,71,click,2025-09-18 17:25:19.953836
175,197,add_to_cart,2025-09-16 17:25:19.953836
109,58,purchase,2025-10-25 17:25:19.953836
183,112,click,2025-08-20 17:25:19.953836
192,48,add_to_cart,2025-07-26 17:25:19.953836
65,185,purchase,2025-06-25 17:25:19.953836
337,165,purchase,2025-08-23 17:25:19.953836
451,215,click,2025-11-15 17:25:19.953836
474,121,add_to_cart,2025-10-15 17:25:19.953836
271,213,click,2025-11-12 17:25:19.953836
100,41,add_to_cart,2025-11-10 17:25:19.953836
32,289,add_to_cart,2025-08-17 17:25:19.953836
352,168,add_to_cart,2025-09-03 17:25:19.953836
128,34,click,2025-11-02 17:25:19.953836
452,275,add_to_cart,2025-09-30 17:25:19.953836
402,197,click,2025-11-28 17:25:19.953836
369,191,click,2025-11-01 17:25:19.953836
339,221,click,2025-08-30 17:25:19.953836
43,10,purchase,2025-07-02 17:25:19.953836
372,120,purchase,2025-11-20 17:25:19.953836
419,123,add_to_cart,2025-08-26 17:25:19.953836
488,247,click,2025-09-06 17:25:19.953836
78,221,click,2025-10-02 17:25:19.953836
314,261,click,2025-09-11 17:25:19.953836
289,58,click,2025-11-22 17:25:19.953836
270,128,click,2025-08-21 17:25:19.953836
162,187,click,2025-09-02 17:25:19.953836
189,205,click,2025-06-21 17:25:19.953836
247,86,purchase,2025-11-07 17:25:19.953836
388,104,add_to_cart,2025-08-27 17:25:19.953836
216,143,add_to_cart,2025-07-10 17:25:19.953836
315,205,click,2025-09-24 17:25:19.953836
413,129,click,2025-07-05 17:25:19.953836
339,246,click,2025-07-02 17:25:19.953836
390,38,click,2025-11-25 17:25:19.953836
377,109,add_to_cart,2025-11-23 17:25:19.953836
481,52,click,2025-10-23 17:25:19.953836
433,1,add_to_cart,2025-07-05 17:25:19.953836
168,11,purchase,2025-07-26 17:25:19.953836
339,235,click,2025-08-08 17:25:19.953836
193,128,click,2025-10-01 17:25:19.953836
453,214,purchase,2025-10-07 17:25:19.953836
283,243,add_to_cart,2025-07-03 17:25:19.953836
336,44,add_to_cart,2025-10-12 17:25:19.953836
390,6,add_to_cart,2025-10-27 17:25:19.953836
488,156,click,2025-08-21 17:25:19.953836
13,8,click,2025-09-20 17:25:19.953836
240,5,click,2025-12-15 17:25:19.953836
320,182,click,2025-11-25 17:25:19.953836
446,112,click,2025-10-20 17:25:19.953836
483,273,click,2025-07-22 17:25:19.953836
147,265,purchase,2025-11-17 17:25:19.953836
204,212,click,2025-06-21 17:25:19.953836
80,78,click,2025-11-12 17:25:19.953836
379,270,click,2025-09-26 17:25:19.953836
43,154,click,2025-10-23 17:25:19.953836
458,221,click,2025-11-14 17:25:19.953836
89,25,add_to_cart,2025-08-06 17:25:19.953836
148,208,add_to_cart,2025-11-16 17:25:19.953836
95,3,click,2025-09-12 17:25:19.953836
452,215,click,2025-07-23 17:25:19.953836
428,112,add_to_cart,2025-10-08 17:25:19.953836
151,192,click,2025-11-17 17:25:19.953836
2,47,click,2025-07-29 17:25:19.953836
376,221,click,2025-12-01 17:25:19.953836
22,187,purchase,2025-09-28 17:25:19.953836
371,50,click,2025-10-24 17:25:19.953836
313,197,purchase,2025-07-06 17:25:19.953836
485,216,click,2025-06-19 17:25:19.953836
328,221,click,2025-07-27 17:25:19.953836
7,90,add_to_cart,2025-09-04 17:25:19.953836
206,232,click,2025-07-23 17:25:19.953836
440,258,click,2025-07-03 17:25:19.953836
375,153,click,2025-09-21 17:25:19.953836
451,256,click,2025-07-03 17:25:19.953836
114,258,click,2025-10-22 17:25:19.953836
272,65,add_to_cart,2025-07-30 17:25:19.953836
83,190,add_to_cart,2025-10-10 17:25:19.953836
179,91,purchase,2025-10-24 17:25:19.953836
210,173,add_to_cart,2025-06-27 17:25:19.953836
500,247,add_to_cart,2025-07-16 17:25:19.953836
464,256,add_to_cart,2025-07-27 17:25:19.953836
328,116,purchase,2025-10-30 17:25:19.953836
124,49,click,2025-09-12 17:25:19.953836
481,227,click,2025-09-18 17:25:19.953836
113,69,add_to_cart,2025-07-29 17:25:19.953836
12,126,click,2025-12-09 17:25:19.953836
126,213,purchase,2025-06-22 17:25:19.953836
53,53,click,2025-07-27 17:25:19.953836
331,112,click,2025-07-12 17:25:19.953836
389,159,add_to_cart,2025-06-24 17:25:19.953836
283,240,click,2025-07-27 17:25:19.953836
140,150,purchase,2025-06-20 17:25:19.953836
401,139,purchase,2025-07-27 17:25:19.953836
390,113,add_to_cart,2025-09-20 17:25:19.953836
97,143,click,2025-08-02 17:25:19.954852
5,138,click,2025-09-30 17:25:19.954852
57,31,click,2025-09-07 17:25:19.954852
412,293,purchase,2025-08-30 17:25:19.954852
334,108,click,2025-10-12 17:25:19.954852
69,284,click,2025-11-09 17:25:19.954852
118,159,click,2025-11-30 17:25:19.954852
376,14,click,2025-07-21 17:25:19.954852
59,122,purchase,2025-08-26 17:25:19.954852
33,215,click,2025-11-14 17:25:19.954852
318,272,click,2025-09-22 17:25:19.954852
50,25,add_to_cart,2025-07-11 17:25:19.954852
368,294,add_to_cart,2025-07-21 17:25:19.954852
489,169,add_to_cart,2025-11-17 17:25:19.954852
19,103,add_to_cart,2025-07-17 17:25:19.954852
214,40,click,2025-08-09 17:25:19.954852
197,235,click,2025-11-19 17:25:19.954852
379,89,purchase,2025-11-25 17:25:19.954852
450,100,purchase,2025-07-24 17:25:19.954852
478,144,add_to_cart,2025-09-15 17:25:19.954852
47,82,add_to_cart,2025-07-09 17:25:19.954852
167,77,purchase,2025-06-27 17:25:19.954852
452,59,click,2025-08-24 17:25:19.954852
289,229,click,2025-09-09 17:25:19.954852
141,91,add_to_cart,2025-11-24 17:25:19.954852
84,1,purchase,2025-11-04 17:25:19.954852
182,269,add_to_cart,2025-08-17 17:25:19.954852
391,286,add_to_cart,2025-10-29 17:25:19.954852
79,197,click,2025-08-02 17:25:19.954852
215,274,click,2025-08-08 17:25:19.954852
14,78,click,2025-08-05 17:25:19.954852
215,141,purchase,2025-11-18 17:25:19.954852
403,288,click,2025-08-06 17:25:19.954852
128,71,click,2025-10-24 17:25:19.954852
310,50,purchase,2025-09-07 17:25:19.954852
477,80,click,2025-08-09 17:25:19.954852
248,235,add_to_cart,2025-09-28 17:25:19.954852
404,287,click,2025-08-04 17:25:19.954852
29,155,click,2025-09-19 17:25:19.954852
280,60,add_to_cart,2025-10-25 17:25:19.954852
338,33,purchase,2025-09-30 17:25:19.954852
319,127,click,2025-11-22 17:25:19.954852
202,221,add_to_cart,2025-09-14 17:25:19.954852
361,200,click,2025-07-17 17:25:19.954852
57,126,click,2025-08-30 17:25:19.954852
392,41,click,2025-11-26 17:25:19.954852
218,275,purchase,2025-11-12 17:25:19.954852
62,297,click,2025-12-01 17:25:19.954852
157,85,click,2025-10-26 17:25:19.954852
202,89,add_to_cart,2025-08-11 17:25:19.954852
17,42,click,2025-12-12 17:25:19.954852
322,120,click,2025-10-24 17:25:19.954852
6,279,click,2025-07-27 17:25:19.954852
58,33,add_to_cart,2025-07-08 17:25:19.954852
325,276,click,2025-08-14 17:25:19.954852
412,153,purchase,2025-10-27 17:25:19.954852
318,90,click,2025-10-14 17:25:19.954852
169,104,click,2025-10-27 17:25:19.954852
453,12,add_to_cart,2025-09-14 17:25:19.954852
82,160,click,2025-10-03 17:25:19.954852
474,196,purchase,2025-07-05 17:25:19.954852
468,262,click,2025-09-21 17:25:19.954852
425,91,click,2025-09-10 17:25:19.954852
433,197,click,2025-09-07 17:25:19.954852
219,69,click,2025-06-21 17:25:19.954852
177,220,click,2025-06-30 17:25:19.954852
204,214,click,2025-09-09 17:25:19.954852
71,146,click,2025-07-14 17:25:19.954852
387,233,click,2025-11-16 17:25:19.954852
266,234,click,2025-07-09 17:25:19.954852
98,214,click,2025-11-24 17:25:19.954852
345,61,click,2025-10-08 17:25:19.954852
291,78,click,2025-07-20 17:25:19.954852
208,95,click,2025-10-21 17:25:19.954852
2,216,add_to_cart,2025-09-23 17:25:19.954852
124,213,add_to_cart,2025-07-10 17:25:19.954852
280,200,click,2025-09-06 17:25:19.954852
74,31,click,2025-09-12 17:25:19.954852
166,290,click,2025-06-28 17:25:19.954852
22,135,purchase,2025-07-23 17:25:19.954852
154,83,click,2025-11-17 17:25:19.954852
427,47,click,2025-08-14 17:25:19.954852
439,206,click,2025-10-26 17:25:19.954852
295,77,purchase,2025-10-01 17:25:19.954852
219,259,add_to_cart,2025-12-04 17:25:19.954852
157,92,click,2025-09-14 17:25:19.954852
495,100,click,2025-10-06 17:25:19.954852
230,195,purchase,2025-07-25 17:25:19.954852
20,192,click,2025-08-10 17:25:19.954852
475,68,click,2025-12-04 17:25:19.954852
41,242,add_to_cart,2025-10-15 17:25:19.954852
438,90,click,2025-09-01 17:25:19.954852
148,10,click,2025-10-17 17:25:19.954852
108,264,click,2025-09-26 17:25:19.954852
403,268,purchase,2025-11-18 17:25:19.954852
84,118,click,2025-10-13 17:25:19.955840
483,250,add_to_cart,2025-09-12 17:25:19.955840
367,59,click,2025-10-05 17:25:19.955840
322,195,purchase,2025-08-28 17:25:19.955840
414,50,purchase,2025-06-21 17:25:19.955840
309,296,click,2025-11-20 17:25:19.955840
290,97,click,2025-07-01 17:25:19.955840
406,127,add_to_cart,2025-08-28 17:25:19.955840
323,246,add_to_cart,2025-08-26 17:25:19.955840
134,87,click,2025-07-10 17:25:19.955840
207,77,add_to_cart,2025-08-12 17:25:19.955840
283,204,click,2025-10-06 17:25:19.955840
266,146,click,2025-08-25 17:25:19.955840
73,149,add_to_cart,2025-12-11 17:25:19.955840
481,111,click,2025-07-28 17:25:19.955840
352,129,click,2025-07-23 17:25:19.955840
48,253,purchase,2025-09-25 17:25:19.955840
326,166,add_to_cart,2025-08-19 17:25:19.955840
233,297,purchase,2025-10-27 17:25:19.955840
443,137,add_to_cart,2025-08-10 17:25:19.955840
100,279,add_to_cart,2025-09-23 17:25:19.955840
59,11,click,2025-08-25 17:25:19.955840
258,71,click,2025-07-05 17:25:19.955840
413,159,click,2025-08-25 17:25:19.955840
452,216,click,2025-08-23 17:25:19.955840
65,26,purchase,2025-09-03 17:25:19.955840
83,286,click,2025-06-19 17:25:19.955840
154,162,click,2025-11-13 17:25:19.955840
473,102,add_to_cart,2025-10-08 17:25:19.955840
266,69,click,2025-09-11 17:25:19.955840
309,133,click,2025-07-11 17:25:19.956839
79,189,click,2025-09-11 17:25:19.956839
315,211,add_to_cart,2025-10-09 17:25:19.956839
150,243,click,2025-11-24 17:25:19.956839
435,166,click,2025-10-18 17:25:19.956839
48,61,click,2025-12-08 17:25:19.956839
405,279,click,2025-11-09 17:25:19.956839
379,113,click,2025-09-08 17:25:19.956839
248,30,purchase,2025-10-21 17:25:19.956839
278,161,click,2025-09-21 17:25:19.956839
356,234,click,2025-10-12 17:25:19.956839
98,170,purchase,2025-09-04 17:25:19.956839
414,186,add_to_cart,2025-06-29 17:25:19.956839
25,57,click,2025-08-26 17:25:19.956839
493,240,click,2025-09-10 17:25:19.956839
284,257,purchase,2025-06-22 17:25:19.956839
449,201,click,2025-10-09 17:25:19.956839
369,106,click,2025-08-01 17:25:19.956839
301,290,click,2025-08-02 17:25:19.956839
68,101,click,2025-10-19 17:25:19.956839
7,97,add_to_cart,2025-09-01 17:25:19.956839
305,153,click,2025-10-23 17:25:19.956839
137,29,click,2025-09-22 17:25:19.956839
164,153,add_to_cart,2025-10-29 17:25:19.956839
83,73,click,2025-09-02 17:25:19.956839
385,254,click,2025-07-13 17:25:19.956839
138,4,click,2025-09-06 17:25:19.956839
420,237,add_to_cart,2025-08-28 17:25:19.956839
73,38,click,2025-09-26 17:25:19.956839
237,20,add_to_cart,2025-08-10 17:25:19.956839
46,113,click,2025-07-10 17:25:19.956839
106,23,add_to_cart,2025-07-28 17:25:19.956839
416,136,add_to_cart,2025-10-18 17:25:19.956839
288,248,purchase,2025-09-25 17:25:19.956839
262,97,click,2025-07-10 17:25:19.956839
176,33,click,2025-11-13 17:25:19.956839
166,135,click,2025-08-20 17:25:19.956839
145,255,click,2025-10-24 17:25:19.956839
330,278,click,2025-09-12 17:25:19.956839
370,133,click,2025-08-16 17:25:19.956839
283,238,purchase,2025-09-16 17:25:19.956839
54,15,purchase,2025-08-17 17:25:19.956839
178,277,click,2025-11-10 17:25:19.956839
419,126,click,2025-08-15 17:25:19.956839
244,17,add_to_cart,2025-11-12 17:25:19.956839
341,50,click,2025-08-17 17:25:19.956839
127,135,click,2025-10-16 17:25:19.956839
409,118,click,2025-12-13 17:25:19.956839
412,60,click,2025-12-10 17:25:19.956839
367,125,add_to_cart,2025-07-21 17:25:19.956839
271,116,purchase,2025-12-12 17:25:19.956839
132,173,click,2025-09-06 17:25:19.957859
93,187,click,2025-10-24 17:25:19.957859
379,88,click,2025-09-04 17:25:19.957859
73,203,purchase,2025-10-06 17:25:19.957859
411,182,purchase,2025-07-03 17:25:19.957859
410,168,click,2025-07-05 17:25:19.957859
403,181,purchase,2025-11-12 17:25:19.957859
248,300,click,2025-12-10 17:25:19.957859
348,130,click,2025-08-10 17:25:19.957859
273,149,add_to_cart,2025-07-23 17:25:19.957859
43,209,click,2025-11-19 17:25:19.957859
377,111,click,2025-11-07 17:25:19.957859
41,137,add_to_cart,2025-10-26 17:25:19.957859
170,211,click,2025-11-27 17:25:19.957859
434,146,click,2025-09-11 17:25:19.957859
212,84,click,2025-09-19 17:25:19.957859
493,30,click,2025-07-07 17:25:19.957859
168,65,click,2025-09-18 17:25:19.957859
39,24,click,2025-11-22 17:25:19.957859
369,211,add_to_cart,2025-07-16 17:25:19.957859
245,222,purchase,2025-10-01 17:25:19.957859
151,90,click,2025-09-13 17:25:19.957859
111,106,click,2025-11-16 17:25:19.957859
480,172,add_to_cart,2025-10-23 17:25:19.957859
436,230,purchase,2025-08-23 17:25:19.957859
47,77,click,2025-09-29 17:25:19.957859
63,68,purchase,2025-08-18 17:25:19.957859
225,92,click,2025-11-21 17:25:19.957859
366,88,purchase,2025-08-13 17:25:19.957859
69,50,click,2025-12-11 17:25:19.957859
299,103,purchase,2025-12-14 17:25:19.957859
432,46,click,2025-08-27 17:25:19.957859
290,179,purchase,2025-09-27 17:25:19.957859
296,267,click,2025-09-04 17:25:19.957859
203,268,click,2025-08-14 17:25:19.957859
61,8,add_to_cart,2025-07-03 17:25:19.957859
434,265,add_to_cart,2025-08-14 17:25:19.957859
451,78,add_to_cart,2025-11-29 17:25:19.957859
318,240,click,2025-11-15 17:25:19.957859
314,258,add_to_cart,2025-08-09 17:25:19.957859
161,196,purchase,2025-08-04 17:25:19.957859
331,131,click,2025-10-07 17:25:19.957859
16,261,click,2025-11-10 17:25:19.957859
338,242,purchase,2025-08-02 17:25:19.957859
94,171,add_to_cart,2025-09-14 17:25:19.957859
304,147,add_to_cart,2025-10-04 17:25:19.957859
138,270,purchase,2025-07-31 17:25:19.957859
338,149,add_to_cart,2025-11-22 17:25:19.957859
38,299,add_to_cart,2025-07-01 17:25:19.957859
127,28,purchase,2025-12-14 17:25:19.957859
275,149,purchase,2025-11-26 17:25:19.957859
164,280,add_to_cart,2025-11-13 17:25:19.957859
443,182,click,2025-12-02 17:25:19.957859
319,166,click,2025-10-22 17:25:19.957859
77,17,click,2025-11-09 17:25:19.957859
174,150,add_to_cart,2025-09-02 17:25:19.957859
387,45,click,2025-09-23 17:25:19.957859
458,189,click,2025-08-25 17:25:19.957859
358,139,click,2025-08-04 17:25:19.957859
321,61,add_to_cart,2025-07-08 17:25:19.957859
376,294,purchase,2025-08-10 17:25:19.957859
91,33,purchase,2025-10-27 17:25:19.957859
238,299,click,2025-09-23 17:25:19.957859
264,112,click,2025-09-28 17:25:19.957859
179,291,click,2025-09-21 17:25:19.957859
494,37,click,2025-06-20 17:25:19.957859
490,100,add_to_cart,2025-07-13 17:25:19.957859
209,23,click,2025-09-07 17:25:19.957859
73,218,click,2025-06-27 17:25:19.957859
390,89,click,2025-07-29 17:25:19.957859
107,209,click,2025-10-20 17:25:19.957859
345,271,click,2025-07-15 17:25:19.957859
295,237,click,2025-11-21 17:25:19.957859
369,209,click,2025-12-01 17:25:19.957859
444,278,click,2025-09-04 17:25:19.957859
284,206,click,2025-09-09 17:25:19.957859
353,78,add_to_cart,2025-09-30 17:25:19.957859
182,98,purchase,2025-09-03 17:25:19.957859
37,94,click,2025-10-12 17:25:19.958838
137,80,add_to_cart,2025-08-25 17:25:19.958838
338,38,purchase,2025-08-15 17:25:19.958838
56,228,click,2025-08-27 17:25:19.958838
187,134,click,2025-08-15 17:25:19.958838
341,196,click,2025-10-23 17:25:19.958838
258,282,click,2025-07-02 17:25:19.958838
445,101,add_to_cart,2025-06-20 17:25:19.958838
58,75,click,2025-11-26 17:25:19.958838
363,294,purchase,2025-09-18 17:25:19.958838
123,208,click,2025-12-05 17:25:19.958838
188,83,purchase,2025-08-11 17:25:19.958838
230,143,purchase,2025-10-25 17:25:19.958838
168,56,purchase,2025-10-23 17:25:19.958838
420,287,add_to_cart,2025-10-08 17:25:19.958838
114,211,click,2025-12-09 17:25:19.958838
252,179,add_to_cart,2025-07-29 17:25:19.958838
107,58,click,2025-08-08 17:25:19.958838
37,73,purchase,2025-09-04 17:25:19.958838
335,215,click,2025-07-20 17:25:19.958838
92,266,click,2025-10-08 17:25:19.958838
18,73,purchase,2025-09-16 17:25:19.958838
354,271,click,2025-09-12 17:25:19.958838
63,234,click,2025-08-20 17:25:19.958838
150,19,click,2025-08-17 17:25:19.958838
139,113,add_to_cart,2025-11-10 17:25:19.958838
186,63,add_to_cart,2025-11-25 17:25:19.958838
185,184,add_to_cart,2025-10-24 17:25:19.958838
205,277,purchase,2025-07-22 17:25:19.958838
260,162,click,2025-12-13 17:25:19.958838
214,243,click,2025-09-26 17:25:19.958838
256,145,add_to_cart,2025-09-13 17:25:19.958838
135,146,add_to_cart,2025-09-07 17:25:19.958838
61,81,click,2025-07-07 17:25:19.958838
363,43,click,2025-07-12 17:25:19.958838
310,293,click,2025-08-22 17:25:19.958838
88,176,click,2025-10-04 17:25:19.958838
324,69,click,2025-11-06 17:25:19.958838
476,56,click,2025-10-27 17:25:19.958838
207,119,click,2025-07-22 17:25:19.958838
129,204,click,2025-07-19 17:25:19.958838
311,55,add_to_cart,2025-06-20 17:25:19.958838
3,38,purchase,2025-10-28 17:25:19.958838
462,243,click,2025-06-19 17:25:19.958838
422,201,click,2025-08-15 17:25:19.958838
242,236,purchase,2025-07-19 17:25:19.958838
121,15,click,2025-08-25 17:25:19.958838
385,144,purchase,2025-10-17 17:25:19.958838
102,77,click,2025-12-09 17:25:19.958838
38,263,purchase,2025-08-19 17:25:19.958838
341,185,click,2025-11-15 17:25:19.958838
496,55,click,2025-08-06 17:25:19.958838
413,4,purchase,2025-09-14 17:25:19.958838
133,299,purchase,2025-12-09 17:25:19.958838
497,40,click,2025-08-07 17:25:19.958838
202,230,purchase,2025-11-21 17:25:19.958838
348,286,click,2025-07-07 17:25:19.958838
21,138,add_to_cart,2025-11-13 17:25:19.958838
242,103,click,2025-09-12 17:25:19.958838
455,7,click,2025-09-19 17:25:19.958838
451,164,add_to_cart,2025-08-12 17:25:19.958838
109,276,click,2025-11-08 17:25:19.958838
303,49,click,2025-08-28 17:25:19.958838
84,96,click,2025-08-13 17:25:19.958838
83,59,click,2025-08-12 17:25:19.958838
291,231,add_to_cart,2025-12-12 17:25:19.958838
452,177,click,2025-06-23 17:25:19.958838
69,90,add_to_cart,2025-09-06 17:25:19.958838
129,282,click,2025-10-16 17:25:19.958838
196,36,click,2025-09-26 17:25:19.958838
140,171,click,2025-08-28 17:25:19.958838
444,126,add_to_cart,2025-09-29 17:25:19.958838
283,299,click,2025-10-16 17:25:19.958838
312,204,click,2025-08-09 17:25:19.959840
234,289,click,2025-12-10 17:25:19.959840
23,97,purchase,2025-11-25 17:25:19.959840
153,238,click,2025-09-24 17:25:19.959840
277,173,add_to_cart,2025-11-18 17:25:19.959840
61,88,click,2025-07-14 17:25:19.959840
319,17,click,2025-07-09 17:25:19.959840
378,140,click,2025-07-29 17:25:19.959840
52,254,click,2025-10-12 17:25:19.959840
344,278,click,2025-06-25 17:25:19.959840
153,151,purchase,2025-07-01 17:25:19.959840
237,140,click,2025-09-14 17:25:19.959840
311,114,click,2025-08-01 17:25:19.959840
302,68,click,2025-09-25 17:25:19.959840
32,179,click,2025-10-15 17:25:19.959840
55,125,click,2025-08-29 17:25:19.959840
352,233,purchase,2025-07-25 17:25:19.959840
389,147,click,2025-09-08 17:25:19.959840
36,111,add_to_cart,2025-09-07 17:25:19.959840
110,238,click,2025-07-01 17:25:19.959840
490,3,click,2025-11-11 17:25:19.959840
177,211,click,2025-08-11 17:25:19.959840
362,25,click,2025-09-24 17:25:19.959840
314,184,click,2025-09-16 17:25:19.959840
295,61,click,2025-12-13 17:25:19.959840
336,123,click,2025-08-10 17:25:19.959840
97,55,add_to_cart,2025-10-24 17:25:19.959840
369,163,click,2025-09-07 17:25:19.959840
213,187,add_to_cart,2025-07-05 17:25:19.959840
317,39,click,2025-11-09 17:25:19.959840
137,185,purchase,2025-09-06 17:25:19.959840
6,83,click,2025-11-02 17:25:19.959840
499,195,click,2025-10-13 17:25:19.959840
109,34,purchase,2025-06-20 17:25:19.959840
35,113,click,2025-08-14 17:25:19.959840
39,230,click,2025-12-10 17:25:19.959840
150,283,click,2025-10-08 17:25:19.959840
425,287,click,2025-07-20 17:25:19.959840
118,155,purchase,2025-10-20 17:25:19.959840
261,165,add_to_cart,2025-07-13 17:25:19.959840
426,182,add_to_cart,2025-09-22 17:25:19.959840
87,239,purchase,2025-11-22 17:25:19.959840
465,137,click,2025-08-23 17:25:19.959840
76,266,click,2025-09-15 17:25:19.959840
471,187,add_to_cart,2025-10-02 17:25:19.959840
464,40,click,2025-11-24 17:25:19.959840
451,167,click,2025-08-28 17:25:19.959840
414,260,click,2025-11-12 17:25:19.959840
313,143,purchase,2025-08-20 17:25:19.959840
383,204,click,2025-11-09 17:25:19.959840
214,176,add_to_cart,2025-11-05 17:25:19.959840
457,262,click,2025-09-28 17:25:19.959840
285,252,click,2025-09-02 17:25:19.959840
239,200,add_to_cart,2025-11-03 17:25:19.959840
165,199,purchase,2025-11-24 17:25:19.959840
87,196,click,2025-09-16 17:25:19.959840
141,77,click,2025-07-26 17:25:19.959840
160,19,click,2025-11-25 17:25:19.959840
46,62,add_to_cart,2025-10-25 17:25:19.959840
372,281,click,2025-12-12 17:25:19.959840
495,250,click,2025-06-24 17:25:19.959840
112,227,add_to_cart,2025-07-23 17:25:19.959840
407,127,click,2025-10-06 17:25:19.959840
45,58,click,2025-08-20 17:25:19.959840
401,204,purchase,2025-07-06 17:25:19.959840
247,243,purchase,2025-12-09 17:25:19.959840
104,252,purchase,2025-06-30 17:25:19.959840
85,199,click,2025-07-31 17:25:19.959840
450,240,purchase,2025-07-29 17:25:19.959840
485,139,add_to_cart,2025-09-16 17:25:19.959840
134,122,click,2025-07-13 17:25:19.959840
108,49,add_to_cart,2025-10-19 17:25:19.959840
18,115,click,2025-07-23 17:25:19.959840
94,251,add_to_cart,2025-06-21 17:25:19.959840
150,7,add_to_cart,2025-08-11 17:25:19.959840
246,219,add_to_cart,2025-11-01 17:25:19.959840
289,77,click,2025-09-01 17:25:19.960965
414,179,add_to_cart,2025-08-28 17:25:19.960965
209,145,click,2025-10-22 17:25:19.960965
126,154,purchase,2025-11-08 17:25:19.960965
235,121,add_to_cart,2025-12-12 17:25:19.960965
416,124,click,2025-12-01 17:25:19.960965
426,150,click,2025-07-20 17:25:19.960965
499,268,add_to_cart,2025-07-20 17:25:19.960965
462,1,click,2025-06-20 17:25:19.960965
122,161,add_to_cart,2025-08-30 17:25:19.960965
138,244,click,2025-11-11 17:25:19.960965
495,251,add_to_cart,2025-08-13 17:25:19.960965
115,64,click,2025-12-12 17:25:19.960965
420,299,click,2025-07-09 17:25:19.960965
162,248,purchase,2025-07-29 17:25:19.960965
201,297,add_to_cart,2025-10-23 17:25:19.960965
234,115,click,2025-11-16 17:25:19.960965
28,295,purchase,2025-12-07 17:25:19.960965
11,1,click,2025-11-27 17:25:19.960965
206,41,add_to_cart,2025-09-27 17:25:19.961966
167,173,click,2025-07-11 17:25:19.961966
247,88,click,2025-08-28 17:25:19.961966
47,98,click,2025-11-01 17:25:19.961966
246,88,click,2025-11-23 17:25:19.961966
127,251,purchase,2025-10-01 17:25:19.961966
147,141,purchase,2025-12-11 17:25:19.961966
118,71,click,2025-08-19 17:25:19.961966
399,137,click,2025-11-03 17:25:19.961966
382,99,purchase,2025-12-14 17:25:19.961966
412,151,click,2025-06-23 17:25:19.961966
152,175,click,2025-11-06 17:25:19.961966
72,167,click,2025-09-08 17:25:19.961966
363,257,click,2025-08-21 17:25:19.961966
137,224,click,2025-07-05 17:25:19.961966
175,65,add_to_cart,2025-11-06 17:25:19.961966
289,69,click,2025-08-04 17:25:19.961966
446,67,purchase,2025-07-27 17:25:19.961966
481,50,click,2025-08-13 17:25:19.961966
19,91,click,2025-09-06 17:25:19.961966
195,115,click,2025-11-13 17:25:19.961966
330,57,add_to_cart,2025-08-30 17:25:19.961966
424,18,click,2025-07-22 17:25:19.961966
175,272,click,2025-06-28 17:25:19.961966
490,130,add_to_cart,2025-10-23 17:25:19.961966
449,269,click,2025-09-11 17:25:19.961966
413,80,add_to_cart,2025-09-15 17:25:19.961966
434,299,purchase,2025-09-15 17:25:19.961966
354,202,click,2025-08-14 17:25:19.961966
499,225,click,2025-09-12 17:25:19.961966
141,159,click,2025-10-16 17:25:19.961966
246,204,add_to_cart,2025-07-28 17:25:19.961966
385,137,click,2025-06-29 17:25:19.961966
418,73,add_to_cart,2025-11-28 17:25:19.961966
93,48,add_to_cart,2025-08-29 17:25:19.961966
432,18,click,2025-10-05 17:25:19.961966
239,267,add_to_cart,2025-08-25 17:25:19.961966
205,19,click,2025-10-29 17:25:19.961966
48,100,click,2025-09-12 17:25:19.961966
433,116,add_to_cart,2025-09-23 17:25:19.961966
245,74,click,2025-07-05 17:25:19.961966
320,280,click,2025-09-20 17:25:19.961966
317,269,add_to_cart,2025-06-26 17:25:19.961966
413,125,add_to_cart,2025-07-31 17:25:19.961966
295,116,click,2025-08-01 17:25:19.961966
128,174,add_to_cart,2025-06-25 17:25:19.961966
344,181,click,2025-07-24 17:25:19.961966
282,226,purchase,2025-11-13 17:25:19.961966
17,157,add_to_cart,2025-10-12 17:25:19.961966
71,164,click,2025-07-21 17:25:19.961966
269,71,click,2025-08-12 17:25:19.961966
325,222,add_to_cart,2025-07-25 17:25:19.961966
282,126,purchase,2025-07-27 17:25:19.961966
305,145,click,2025-08-09 17:25:19.961966
451,176,click,2025-07-06 17:25:19.961966
7,152,click,2025-08-09 17:25:19.961966
314,182,click,2025-06-28 17:25:19.961966
305,85,add_to_cart,2025-10-08 17:25:19.961966
103,121,click,2025-10-02 17:25:19.961966
309,129,add_to_cart,2025-09-11 17:25:19.961966
193,6,purchase,2025-07-25 17:25:19.961966
241,183,purchase,2025-08-17 17:25:19.961966
62,38,click,2025-08-27 17:25:19.961966
17,116,add_to_cart,2025-10-05 17:25:19.961966
171,102,purchase,2025-07-19 17:25:19.961966
25,8,click,2025-10-25 17:25:19.961966
251,218,click,2025-07-14 17:25:19.961966
253,207,purchase,2025-10-13 17:25:19.961966
387,78,click,2025-11-01 17:25:19.961966
207,55,purchase,2025-11-20 17:25:19.961966
29,228,click,2025-07-28 17:25:19.961966
117,88,click,2025-07-11 17:25:19.961966
491,10,click,2025-09-29 17:25:19.961966
416,290,click,2025-11-16 17:25:19.961966
282,164,click,2025-06-27 17:25:19.961966
380,239,click,2025-06-23 17:25:19.961966
144,144,click,2025-09-05 17:25:19.961966
25,18,click,2025-12-07 17:25:19.961966
310,71,click,2025-06-23 17:25:19.961966
156,175,add_to_cart,2025-09-11 17:25:19.961966
73,288,click,2025-10-09 17:25:19.961966
120,299,add_to_cart,2025-08-04 17:25:19.961966
312,248,add_to_cart,2025-09-18 17:25:19.961966
321,193,click,2025-11-25 17:25:19.961966
93,268,click,2025-09-29 17:25:19.961966
86,204,purchase,2025-11-16 17:25:19.961966
336,123,add_to_cart,2025-10-20 17:25:19.961966
425,58,click,2025-10-22 17:25:19.961966
499,201,add_to_cart,2025-12-14 17:25:19.961966
364,112,click,2025-10-29 17:25:19.961966
435,128,click,2025-11-24 17:25:19.961966
118,36,click,2025-07-28 17:25:19.961966
233,234,click,2025-09-18 17:25:19.961966
199,47,purchase,2025-08-26 17:25:19.961966
206,115,purchase,2025-11-03 17:25:19.961966
413,255,add_to_cart,2025-10-02 17:25:19.961966
339,223,click,2025-10-03 17:25:19.961966
147,124,click,2025-10-28 17:25:19.961966
450,160,click,2025-07-04 17:25:19.961966
425,96,click,2025-08-30 17:25:19.961966
429,107,click,2025-11-11 17:25:19.961966
271,120,click,2025-11-27 17:25:19.961966
387,101,click,2025-11-18 17:25:19.961966
139,103,purchase,2025-09-01 17:25:19.961966
181,166,purchase,2025-08-26 17:25:19.961966
430,186,click,2025-08-23 17:25:19.961966
30,32,add_to_cart,2025-06-28 17:25:19.961966
57,66,click,2025-08-17 17:25:19.961966
232,179,click,2025-07-31 17:25:19.961966
146,267,purchase,2025-09-28 17:25:19.961966
435,37,add_to_cart,2025-09-11 17:25:19.961966
384,201,click,2025-11-22 17:25:19.961966
48,49,click,2025-08-10 17:25:19.961966
194,275,purchase,2025-06-27 17:25:19.961966
224,168,click,2025-07-11 17:25:19.961966
136,263,click,2025-08-23 17:25:19.961966
22,133,purchase,2025-11-01 17:25:19.961966
6,298,click,2025-08-20 17:25:19.961966
204,176,click,2025-10-17 17:25:19.961966
239,11,click,2025-08-22 17:25:19.961966
185,201,purchase,2025-10-24 17:25:19.961966
360,297,add_to_cart,2025-09-04 17:25:19.961966
292,3,click,2025-11-21 17:25:19.961966
335,214,click,2025-09-05 17:25:19.961966
220,296,click,2025-08-06 17:25:19.961966
116,32,click,2025-09-15 17:25:19.961966
313,48,click,2025-11-15 17:25:19.961966
49,252,click,2025-07-22 17:25:19.961966
173,199,click,2025-12-14 17:25:19.961966
82,89,purchase,2025-12-12 17:25:19.961966
322,109,click,2025-09-28 17:25:19.961966
333,291,click,2025-11-08 17:25:19.961966
45,108,click,2025-11-13 17:25:19.961966
335,40,add_to_cart,2025-11-28 17:25:19.961966
20,52,click,2025-09-03 17:25:19.961966
448,112,click,2025-07-09 17:25:19.961966
221,295,add_to_cart,2025-08-23 17:25:19.961966
123,68,purchase,2025-07-08 17:25:19.961966
234,189,add_to_cart,2025-11-12 17:25:19.961966
221,209,click,2025-10-26 17:25:19.961966
323,65,click,2025-10-14 17:25:19.961966
339,62,add_to_cart,2025-10-30 17:25:19.961966
3,258,click,2025-07-28 17:25:19.961966
182,134,click,2025-10-25 17:25:19.961966
206,122,purchase,2025-09-14 17:25:19.961966
320,171,add_to_cart,2025-10-25 17:25:19.961966
40,210,add_to_cart,2025-06-28 17:25:19.961966
59,296,purchase,2025-09-01 17:25:19.961966
439,89,add_to_cart,2025-09-09 17:25:19.961966
62,167,add_to_cart,2025-08-07 17:25:19.961966
132,28,click,2025-10-18 17:25:19.961966
60,238,purchase,2025-08-11 17:25:19.961966
372,63,click,2025-10-08 17:25:19.961966
331,255,click,2025-08-12 17:25:19.961966
122,41,click,2025-08-08 17:25:19.961966
479,29,click,2025-11-02 17:25:19.961966
107,279,click,2025-08-10 17:25:19.961966
96,80,click,2025-11-08 17:25:19.961966
347,51,click,2025-07-14 17:25:19.961966
414,112,click,2025-09-16 17:25:19.961966
235,90,click,2025-08-12 17:25:19.961966
386,229,click,2025-12-01 17:25:19.961966
62,150,click,2025-07-02 17:25:19.961966
256,243,add_to_cart,2025-07-03 17:25:19.961966
49,138,click,2025-10-14 17:25:19.961966
393,135,click,2025-10-15 17:25:19.961966
348,89,click,2025-09-29 17:25:19.963197
159,15,purchase,2025-11-28 17:25:19.963197
124,174,add_to_cart,2025-07-12 17:25:19.963197
482,90,click,2025-10-06 17:25:19.963197
317,213,purchase,2025-11-22 17:25:19.963197
207,61,add_to_cart,2025-11-08 17:25:19.963197
48,220,add_to_cart,2025-08-04 17:25:19.963197
409,61,click,2025-07-21 17:25:19.963197
420,166,add_to_cart,2025-06-29 17:25:19.963197
136,12,click,2025-11-24 17:25:19.963197
201,216,add_to_cart,2025-07-08 17:25:19.963197
250,77,purchase,2025-10-31 17:25:19.963197
314,232,purchase,2025-09-02 17:25:19.963197
357,112,click,2025-06-29 17:25:19.963197
368,66,purchase,2025-06-20 17:25:19.963197
429,182,click,2025-09-22 17:25:19.963197
318,204,click,2025-10-21 17:25:19.963197
295,206,click,2025-09-30 17:25:19.963197
480,286,add_to_cart,2025-11-04 17:25:19.963197
314,105,click,2025-12-03 17:25:19.963197
500,242,click,2025-10-23 17:25:19.963197
209,235,click,2025-07-29 17:25:19.963197
355,176,add_to_cart,2025-11-11 17:25:19.963197
485,211,purchase,2025-09-24 17:25:19.963197
211,31,add_to_cart,2025-12-07 17:25:19.963197
192,235,click,2025-12-03 17:25:19.963197
44,242,purchase,2025-11-24 17:25:19.963197
29,153,add_to_cart,2025-11-06 17:25:19.963197
59,196,add_to_cart,2025-07-05 17:25:19.963197
71,269,add_to_cart,2025-08-21 17:25:19.963197
92,170,purchase,2025-08-11 17:25:19.963197
265,232,add_to_cart,2025-06-30 17:25:19.963197
383,184,click,2025-12-09 17:25:19.963197
220,275,click,2025-10-22 17:25:19.963197
390,32,add_to_cart,2025-08-17 17:25:19.963197
413,177,click,2025-09-28 17:25:19.963197
442,65,add_to_cart,2025-07-28 17:25:19.963197
401,198,click,2025-09-08 17:25:19.963197
400,27,click,2025-07-21 17:25:19.963197
215,151,click,2025-11-23 17:25:19.963197
479,268,add_to_cart,2025-11-09 17:25:19.963197
387,85,add_to_cart,2025-11-26 17:25:19.963197
277,66,click,2025-08-18 17:25:19.963197
64,133,click,2025-07-22 17:25:19.963197
346,82,click,2025-07-23 17:25:19.963197
292,98,click,2025-10-09 17:25:19.963197
490,73,click,2025-10-31 17:25:19.963197
485,30,add_to_cart,2025-06-23 17:25:19.963197
245,125,purchase,2025-11-26 17:25:19.963197
470,210,click,2025-10-05 17:25:19.963197
62,272,click,2025-09-02 17:25:19.963197
426,213,add_to_cart,2025-07-07 17:25:19.963197
332,133,purchase,2025-09-03 17:25:19.963197
170,157,purchase,2025-12-09 17:25:19.963197
445,47,click,2025-10-27 17:25:19.963197
269,22,click,2025-10-24 17:25:19.963197
267,83,click,2025-10-04 17:25:19.963197
54,234,add_to_cart,2025-12-05 17:25:19.963197
16,60,add_to_cart,2025-08-02 17:25:19.963197
8,188,click,2025-11-14 17:25:19.963197
104,58,purchase,2025-10-14 17:25:19.963197
59,259,click,2025-07-24 17:25:19.963197
313,162,purchase,2025-07-15 17:25:19.963197
40,2,click,2025-10-26 17:25:19.963197
237,271,click,2025-11-13 17:25:19.963197
443,143,click,2025-11-20 17:25:19.963197
386,188,click,2025-11-24 17:25:19.963197
94,224,add_to_cart,2025-09-12 17:25:19.963197
222,180,click,2025-09-29 17:25:19.963197
204,23,add_to_cart,2025-09-03 17:25:19.963197
138,37,click,2025-07-24 17:25:19.963197
300,107,click,2025-11-05 17:25:19.963197
395,297,add_to_cart,2025-10-01 17:25:19.963197
207,229,purchase,2025-11-07 17:25:19.963197
336,97,click,2025-07-08 17:25:19.963197
81,281,purchase,2025-11-14 17:25:19.963197
218,110,add_to_cart,2025-07-20 17:25:19.963197
2,37,click,2025-09-29 17:25:19.963197
178,40,add_to_cart,2025-10-11 17:25:19.963197
396,85,click,2025-06-22 17:25:19.963197
371,188,click,2025-10-06 17:25:19.963197
346,240,add_to_cart,2025-11-15 17:25:19.963197
279,19,click,2025-09-15 17:25:19.963197
146,261,click,2025-06-30 17:25:19.963197
318,158,click,2025-07-05 17:25:19.963197
224,112,add_to_cart,2025-10-03 17:25:19.963197
369,144,add_to_cart,2025-07-02 17:25:19.963197
384,256,click,2025-08-27 17:25:19.963197
62,18,purchase,2025-08-12 17:25:19.963197
294,184,click,2025-09-13 17:25:19.963197
239,287,add_to_cart,2025-08-29 17:25:19.963197
195,131,purchase,2025-09-03 17:25:19.963197
166,281,add_to_cart,2025-06-30 17:25:19.963197
451,245,click,2025-11-05 17:25:19.963197
222,8,add_to_cart,2025-12-11 17:25:19.963197
61,193,click,2025-12-10 17:25:19.963197
129,7,add_to_cart,2025-10-15 17:25:19.963197
478,136,click,2025-11-30 17:25:19.963197
173,19,click,2025-09-19 17:25:19.963197
480,139,click,2025-08-28 17:25:19.963197
156,177,click,2025-07-22 17:25:19.963197
405,11,click,2025-09-24 17:25:19.963197
378,41,purchase,2025-08-15 17:25:19.963197
110,114,click,2025-07-04 17:25:19.963197
269,180,click,2025-10-13 17:25:19.963197
411,194,click,2025-09-10 17:25:19.963197
356,196,add_to_cart,2025-10-08 17:25:19.963197
391,225,click,2025-08-03 17:25:19.963197
278,261,click,2025-11-04 17:25:19.963197
74,116,click,2025-07-16 17:25:19.963197
487,150,add_to_cart,2025-10-21 17:25:19.963197
437,118,click,2025-06-24 17:25:19.963197
463,165,click,2025-09-22 17:25:19.963197
207,252,add_to_cart,2025-08-30 17:25:19.963197
388,267,click,2025-06-21 17:25:19.963197
480,44,click,2025-09-22 17:25:19.963197
279,181,click,2025-09-16 17:25:19.963197
375,77,purchase,2025-11-13 17:25:19.963197
326,116,click,2025-11-20 17:25:19.963197
472,67,click,2025-11-29 17:25:19.963197
340,13,click,2025-11-25 17:25:19.963197
357,92,purchase,2025-12-14 17:25:19.963197
340,246,click,2025-09-28 17:25:19.963197
204,267,click,2025-11-02 17:25:19.963197
161,139,add_to_cart,2025-10-06 17:25:19.963197
28,244,purchase,2025-11-10 17:25:19.963197
392,273,add_to_cart,2025-10-31 17:25:19.963197
257,191,click,2025-06-21 17:25:19.963197
165,97,click,2025-10-10 17:25:19.963197
63,205,click,2025-12-13 17:25:19.963197
22,137,add_to_cart,2025-08-19 17:25:19.963197
70,77,add_to_cart,2025-07-08 17:25:19.963197
381,37,add_to_cart,2025-11-01 17:25:19.963197
405,286,click,2025-11-21 17:25:19.963197
96,135,add_to_cart,2025-07-04 17:25:19.963197
163,142,purchase,2025-07-05 17:25:19.963197
79,254,purchase,2025-11-11 17:25:19.963197
5,48,add_to_cart,2025-11-27 17:25:19.963197
316,255,add_to_cart,2025-11-01 17:25:19.963197
120,134,click,2025-08-26 17:25:19.963197
302,290,click,2025-07-23 17:25:19.963197
178,208,click,2025-07-14 17:25:19.963197
176,101,click,2025-09-13 17:25:19.963197
390,46,click,2025-11-15 17:25:19.963197
217,70,click,2025-07-02 17:25:19.963197
56,136,add_to_cart,2025-10-10 17:25:19.963197
366,280,click,2025-07-19 17:25:19.963197
187,67,click,2025-06-19 17:25:19.963197
232,4,click,2025-12-06 17:25:19.963197
255,224,click,2025-08-21 17:25:19.963197
413,1,click,2025-12-08 17:25:19.963197
455,290,purchase,2025-11-12 17:25:19.963197
104,109,click,2025-07-23 17:25:19.963197
77,265,click,2025-12-04 17:25:19.963197
230,63,click,2025-09-11 17:25:19.963197
402,266,add_to_cart,2025-08-08 17:25:19.963197
258,138,add_to_cart,2025-11-29 17:25:19.963197
264,44,click,2025-06-19 17:25:19.963197
331,262,purchase,2025-10-01 17:25:19.963197
481,216,add_to_cart,2025-10-06 17:25:19.963197
182,121,click,2025-09-28 17:25:19.963197
381,152,click,2025-12-14 17:25:19.963197
256,213,click,2025-11-19 17:25:19.963197
38,234,click,2025-07-15 17:25:19.963197
176,111,add_to_cart,2025-07-16 17:25:19.963197
27,222,click,2025-07-29 17:25:19.963197
276,226,click,2025-07-24 17:25:19.963197
140,210,click,2025-09-12 17:25:19.963197
299,71,click,2025-07-01 17:25:19.963197
445,89,purchase,2025-12-11 17:25:19.963197
287,262,click,2025-11-18 17:25:19.963197
91,188,click,2025-10-05 17:25:19.963197
480,112,add_to_cart,2025-10-25 17:25:19.963197
61,239,click,2025-07-27 17:25:19.963197
458,256,click,2025-08-04 17:25:19.963197
451,150,click,2025-11-28 17:25:19.963197
365,127,click,2025-11-09 17:25:19.963197
347,274,click,2025-09-08 17:25:19.963197
163,139,click,2025-11-11 17:25:19.963197
351,103,click,2025-08-12 17:25:19.963197
143,242,click,2025-11-29 17:25:19.963197
400,117,click,2025-08-28 17:25:19.963197
253,214,purchase,2025-09-19 17:25:19.963197
269,17,click,2025-12-06 17:25:19.963197
369,179,add_to_cart,2025-10-26 17:25:19.963197
291,224,add_to_cart,2025-08-26 17:25:19.963197
500,270,click,2025-09-26 17:25:19.963197
459,134,add_to_cart,2025-10-25 17:25:19.963197
187,114,add_to_cart,2025-10-13 17:25:19.963197
405,132,click,2025-11-13 17:25:19.963197
499,139,purchase,2025-09-10 17:25:19.963197
438,232,click,2025-11-29 17:25:19.963197
459,92,click,2025-08-14 17:25:19.963197
414,267,add_to_cart,2025-06-22 17:25:19.963197
304,99,click,2025-08-30 17:25:19.963197
291,207,add_to_cart,2025-08-11 17:25:19.963197
86,8,purchase,2025-12-09 17:25:19.963197
166,93,purchase,2025-08-26 17:25:19.963197
415,158,click,2025-08-11 17:25:19.963197
462,99,purchase,2025-12-06 17:25:19.963197
408,225,click,2025-11-15 17:25:19.963197
114,208,click,2025-11-21 17:25:19.963197
433,73,click,2025-10-12 17:25:19.963197
480,59,add_to_cart,2025-06-28 17:25:19.963197
356,287,click,2025-08-07 17:25:19.963197
416,64,click,2025-10-22 17:25:19.963197
183,256,click,2025-10-29 17:25:19.963197
207,48,click,2025-10-12 17:25:19.963197
256,279,purchase,2025-08-25 17:25:19.963197
235,198,click,2025-08-23 17:25:19.964641
442,158,click,2025-10-17 17:25:19.964641
355,7,add_to_cart,2025-12-02 17:25:19.964641
3,248,click,2025-09-20 17:25:19.964641
208,232,add_to_cart,2025-09-26 17:25:19.964641
197,106,click,2025-12-02 17:25:19.964641
341,98,click,2025-08-01 17:25:19.964641
125,268,click,2025-09-22 17:25:19.964641
138,60,click,2025-06-26 17:25:19.964641
339,140,add_to_cart,2025-12-14 17:25:19.964641
25,190,click,2025-07-09 17:25:19.964641
68,125,purchase,2025-12-08 17:25:19.964641
61,163,click,2025-11-10 17:25:19.964641
29,60,click,2025-07-04 17:25:19.964641
383,31,add_to_cart,2025-12-01 17:25:19.964641
19,76,add_to_cart,2025-11-12 17:25:19.964641
171,243,add_to_cart,2025-07-20 17:25:19.964641
450,258,add_to_cart,2025-12-07 17:25:19.964641
74,190,click,2025-11-06 17:25:19.964641
61,296,add_to_cart,2025-11-20 17:25:19.964641
427,177,click,2025-07-19 17:25:19.964641
153,288,click,2025-07-28 17:25:19.964641
276,294,purchase,2025-11-21 17:25:19.964641
48,207,click,2025-08-23 17:25:19.964641
211,215,add_to_cart,2025-09-16 17:25:19.964641
343,141,click,2025-07-26 17:25:19.964641
408,85,click,2025-11-01 17:25:19.964641
139,182,click,2025-11-25 17:25:19.964641
110,128,click,2025-09-18 17:25:19.964641
482,269,click,2025-11-06 17:25:19.964641
183,39,click,2025-06-24 17:25:19.964641
28,23,add_to_cart,2025-09-21 17:25:19.964641
197,242,click,2025-10-16 17:25:19.964641
191,107,click,2025-12-02 17:25:19.964641
315,142,add_to_cart,2025-09-19 17:25:19.964641
389,145,purchase,2025-10-10 17:25:19.964641
51,280,click,2025-10-01 17:25:19.964641
149,245,purchase,2025-06-24 17:25:19.964641
268,191,click,2025-07-25 17:25:19.964641
50,290,click,2025-10-06 17:25:19.964641
388,179,add_to_cart,2025-11-28 17:25:19.964641
246,112,purchase,2025-06-26 17:25:19.964641
113,214,click,2025-11-23 17:25:19.964641
170,138,click,2025-11-20 17:25:19.964641
468,200,click,2025-08-08 17:25:19.964641
166,7,click,2025-07-19 17:25:19.964641
409,13,add_to_cart,2025-08-23 17:25:19.964641
14,80,click,2025-07-03 17:25:19.964641
203,286,click,2025-06-29 17:25:19.964641
288,159,click,2025-07-13 17:25:19.964641
395,272,purchase,2025-10-14 17:25:19.964641
189,201,click,2025-11-29 17:25:19.964641
402,150,add_to_cart,2025-08-26 17:25:19.964641
155,296,purchase,2025-08-23 17:25:19.964641
55,293,click,2025-12-14 17:25:19.964641
182,272,add_to_cart,2025-09-08 17:25:19.964641
210,43,add_to_cart,2025-09-28 17:25:19.964641
376,15,click,2025-08-30 17:25:19.964641
471,248,click,2025-08-22 17:25:19.964641
75,172,add_to_cart,2025-08-29 17:25:19.964641
277,218,click,2025-06-21 17:25:19.964641
428,137,click,2025-07-26 17:25:19.964641
133,227,click,2025-07-23 17:25:19.964641
343,44,add_to_cart,2025-09-30 17:25:19.964641
425,20,click,2025-11-08 17:25:19.964641
59,119,click,2025-08-02 17:25:19.964641
345,234,click,2025-09-27 17:25:19.964641
489,262,add_to_cart,2025-07-21 17:25:19.964641
182,83,click,2025-11-20 17:25:19.964641
458,31,click,2025-07-06 17:25:19.964641
406,274,click,2025-08-17 17:25:19.964641
339,234,click,2025-09-26 17:25:19.964641
321,28,click,2025-07-15 17:25:19.964641
64,252,add_to_cart,2025-11-28 17:25:19.964641
327,253,add_to_cart,2025-06-27 17:25:19.964641
260,239,add_to_cart,2025-08-03 17:25:19.964641
193,175,click,2025-11-11 17:25:19.964641
143,194,click,2025-12-04 17:25:19.964641
104,180,purchase,2025-08-17 17:25:19.964641
460,295,click,2025-08-25 17:25:19.964641
406,215,add_to_cart,2025-11-02 17:25:19.964641
214,203,purchase,2025-11-05 17:25:19.964641
242,250,add_to_cart,2025-10-23 17:25:19.964641
431,257,click,2025-08-09 17:25:19.964641
209,75,click,2025-11-21 17:25:19.964641
93,202,click,2025-09-27 17:25:19.964641
430,142,add_to_cart,2025-08-16 17:25:19.964641
142,206,add_to_cart,2025-12-01 17:25:19.964641
434,199,add_to_cart,2025-10-02 17:25:19.964641
404,171,click,2025-09-06 17:25:19.964641
434,228,add_to_cart,2025-08-07 17:25:19.964641
112,179,add_to_cart,2025-06-26 17:25:19.964641
417,275,click,2025-08-18 17:25:19.964641
375,62,click,2025-11-01 17:25:19.964641
59,204,add_to_cart,2025-06-20 17:25:19.964641
43,133,click,2025-06-29 17:25:19.964641
207,72,click,2025-07-02 17:25:19.964641
268,78,click,2025-11-26 17:25:19.964641
296,189,add_to_cart,2025-07-23 17:25:19.964641
118,71,click,2025-08-22 17:25:19.964641
20,263,click,2025-07-02 17:25:19.964641
222,46,add_to_cart,2025-09-08 17:25:19.964641
166,224,add_to_cart,2025-11-17 17:25:19.964641
131,250,add_to_cart,2025-11-26 17:25:19.964641
156,76,click,2025-06-29 17:25:19.964641
184,74,click,2025-09-28 17:25:19.964641
90,142,add_to_cart,2025-09-11 17:25:19.964641
94,73,purchase,2025-12-04 17:25:19.964641
13,102,click,2025-10-21 17:25:19.964641
461,94,click,2025-08-23 17:25:19.964641
322,69,click,2025-12-04 17:25:19.964641
293,65,add_to_cart,2025-10-24 17:25:19.964641
433,193,click,2025-09-09 17:25:19.964641
230,62,click,2025-12-08 17:25:19.964641
322,20,click,2025-10-19 17:25:19.964641
292,241,click,2025-11-22 17:25:19.964641
438,203,click,2025-08-29 17:25:19.964641
26,300,purchase,2025-10-16 17:25:19.964641
75,195,add_to_cart,2025-08-09 17:25:19.964641
456,62,click,2025-09-18 17:25:19.964641
364,107,click,2025-09-29 17:25:19.964641
424,125,click,2025-10-07 17:25:19.964641
299,267,add_to_cart,2025-06-26 17:25:19.964641
150,202,click,2025-08-01 17:25:19.964641
148,162,purchase,2025-08-26 17:25:19.964641
8,112,add_to_cart,2025-08-09 17:25:19.964641
29,32,click,2025-07-17 17:25:19.964641
296,98,add_to_cart,2025-10-17 17:25:19.964641
474,247,add_to_cart,2025-06-23 17:25:19.964641
414,261,click,2025-07-02 17:25:19.964641
209,191,click,2025-11-28 17:25:19.964641
128,29,click,2025-09-02 17:25:19.964641
340,48,click,2025-09-15 17:25:19.964641
116,250,click,2025-10-25 17:25:19.964641
439,226,click,2025-12-14 17:25:19.964641
144,272,click,2025-09-06 17:25:19.964641
430,153,click,2025-07-05 17:25:19.964641
318,285,purchase,2025-10-29 17:25:19.964641
235,180,add_to_cart,2025-08-21 17:25:19.964641
7,153,add_to_cart,2025-09-19 17:25:19.965454
464,234,click,2025-11-11 17:25:19.965454
45,23,add_to_cart,2025-09-26 17:25:19.965454
443,94,purchase,2025-09-13 17:25:19.965454
239,245,click,2025-08-23 17:25:19.965454
440,290,add_to_cart,2025-10-05 17:25:19.965454
432,160,click,2025-06-29 17:25:19.965454
155,285,purchase,2025-09-27 17:25:19.965454
181,9,purchase,2025-11-08 17:25:19.965454
215,185,purchase,2025-07-15 17:25:19.965454
88,295,click,2025-11-15 17:25:19.965454
256,135,click,2025-06-19 17:25:19.965454
73,110,click,2025-12-08 17:25:19.965454
419,69,click,2025-11-11 17:25:19.965454
179,136,click,2025-11-12 17:25:19.965454
212,96,click,2025-07-31 17:25:19.965454
293,119,add_to_cart,2025-07-01 17:25:19.965454
234,274,click,2025-08-30 17:25:19.965454
465,177,purchase,2025-10-25 17:25:19.965454
239,237,click,2025-07-29 17:25:19.965454
223,272,click,2025-09-02 17:25:19.965454
119,277,add_to_cart,2025-07-14 17:25:19.965454
313,138,add_to_cart,2025-07-22 17:25:19.965454
264,132,click,2025-10-20 17:25:19.965454
207,44,add_to_cart,2025-10-23 17:25:19.965454
95,123,click,2025-12-01 17:25:19.965454
373,136,purchase,2025-08-28 17:25:19.965454
222,126,purchase,2025-07-04 17:25:19.965454
366,275,click,2025-07-23 17:25:19.965454
276,64,purchase,2025-11-02 17:25:19.965454
380,296,add_to_cart,2025-09-16 17:25:19.965454
231,232,purchase,2025-09-05 17:25:19.965454
309,51,purchase,2025-08-10 17:25:19.965454
119,137,add_to_cart,2025-09-23 17:25:19.965454
268,158,click,2025-07-20 17:25:19.965454
433,56,click,2025-11-17 17:25:19.965454
273,81,purchase,2025-08-31 17:25:19.965454
64,232,add_to_cart,2025-12-01 17:25:19.965454
298,128,click,2025-09-21 17:25:19.965454
350,126,click,2025-09-20 17:25:19.965454
413,80,add_to_cart,2025-10-09 17:25:19.965454
403,175,click,2025-09-19 17:25:19.965454
494,145,click,2025-10-13 17:25:19.965454
11,126,click,2025-12-02 17:25:19.965454
98,182,add_to_cart,2025-07-04 17:25:19.965454
434,219,click,2025-10-23 17:25:19.965454
71,278,click,2025-10-18 17:25:19.965454
364,83,add_to_cart,2025-08-10 17:25:19.965454
58,141,add_to_cart,2025-10-22 17:25:19.965454
290,95,click,2025-06-28 17:25:19.965454
251,194,click,2025-06-19 17:25:19.965454
276,110,click,2025-11-07 17:25:19.965454
50,52,add_to_cart,2025-09-30 17:25:19.965454
358,103,click,2025-07-22 17:25:19.965454
216,101,click,2025-07-05 17:25:19.965454
394,142,purchase,2025-06-19 17:25:19.965454
416,201,purchase,2025-11-02 17:25:19.965454
52,199,click,2025-10-31 17:25:19.965454
271,284,click,2025-09-10 17:25:19.965454
485,217,click,2025-07-01 17:25:19.965454
84,46,click,2025-09-27 17:25:19.965454
387,28,click,2025-07-22 17:25:19.965454
293,2,click,2025-11-02 17:25:19.965454
126,17,click,2025-09-13 17:25:19.965454
296,77,click,2025-07-21 17:25:19.965454
72,165,purchase,2025-11-02 17:25:19.965454
296,97,add_to_cart,2025-06-28 17:25:19.965454
236,105,click,2025-08-27 17:25:19.965454
56,24,purchase,2025-12-09 17:25:19.965454
407,200,add_to_cart,2025-11-04 17:25:19.965454
360,35,purchase,2025-10-15 17:25:19.965454
395,2,click,2025-12-14 17:25:19.965454
110,289,click,2025-09-30 17:25:19.965454
192,138,click,2025-10-31 17:25:19.965454
392,62,click,2025-11-08 17:25:19.965454
93,299,click,2025-09-12 17:25:19.965454
350,197,add_to_cart,2025-08-09 17:25:19.965454
56,59,click,2025-06-24 17:25:19.965454
60,265,add_to_cart,2025-08-31 17:25:19.965454
138,188,click,2025-07-28 17:25:19.965454
39,63,add_to_cart,2025-10-17 17:25:19.965454
28,279,click,2025-10-22 17:25:19.965454
49,30,purchase,2025-08-31 17:25:19.965454
420,171,click,2025-11-15 17:25:19.965454
125,21,purchase,2025-09-10 17:25:19.965454
13,299,click,2025-07-27 17:25:19.965454
480,201,add_to_cart,2025-09-21 17:25:19.965454
36,135,click,2025-08-05 17:25:19.965454
101,272,add_to_cart,2025-08-19 17:25:19.965454
282,23,add_to_cart,2025-07-04 17:25:19.965454
86,87,add_to_cart,2025-09-11 17:25:19.965454
4,31,click,2025-12-13 17:25:19.965454
223,121,add_to_cart,2025-07-30 17:25:19.965454
338,69,click,2025-11-04 17:25:19.965454
448,134,click,2025-07-03 17:25:19.965454
166,146,click,2025-07-17 17:25:19.965454
383,263,click,2025-08-01 17:25:19.965454
344,293,add_to_cart,2025-07-28 17:25:19.965454
383,86,click,2025-09-21 17:25:19.965454
376,16,click,2025-07-23 17:25:19.965454
471,216,add_to_cart,2025-12-06 17:25:19.965454
278,116,purchase,2025-07-29 17:25:19.965454
130,118,add_to_cart,2025-10-30 17:25:19.965454
31,270,add_to_cart,2025-09-24 17:25:19.965454
375,162,click,2025-08-21 17:25:19.965454
11,188,add_to_cart,2025-12-06 17:25:19.965454
476,104,purchase,2025-08-09 17:25:19.965454
302,141,click,2025-10-06 17:25:19.965454
96,167,click,2025-08-19 17:25:19.965454
190,300,purchase,2025-08-19 17:25:19.965454
453,28,purchase,2025-07-30 17:25:19.965454
192,272,click,2025-08-11 17:25:19.965454
486,50,click,2025-12-12 17:25:19.965454
266,156,add_to_cart,2025-09-21 17:25:19.965454
424,121,click,2025-12-06 17:25:19.965454
128,140,click,2025-08-05 17:25:19.965454
238,16,add_to_cart,2025-08-14 17:25:19.965454
408,49,click,2025-10-01 17:25:19.965454
355,164,click,2025-07-11 17:25:19.965454
428,62,purchase,2025-10-20 17:25:19.965454
112,154,add_to_cart,2025-07-08 17:25:19.965454
316,150,purchase,2025-07-04 17:25:19.965454
446,73,add_to_cart,2025-09-25 17:25:19.965454
343,69,add_to_cart,2025-11-23 17:25:19.965454
145,177,add_to_cart,2025-10-07 17:25:19.965454
65,2,click,2025-12-09 17:25:19.965454
247,119,add_to_cart,2025-11-27 17:25:19.965454
223,7,click,2025-07-26 17:25:19.965454
479,255,add_to_cart,2025-08-21 17:25:19.965454
490,75,click,2025-09-21 17:25:19.965454
313,195,click,2025-07-09 17:25:19.965454
439,187,click,2025-09-28 17:25:19.965454
106,3,add_to_cart,2025-10-18 17:25:19.965454
181,184,purchase,2025-10-07 17:25:19.965454
184,273,purchase,2025-12-10 17:25:19.965454
226,52,click,2025-10-01 17:25:19.966450
265,263,click,2025-08-06 17:25:19.966450
278,133,click,2025-08-19 17:25:19.966450
397,225,click,2025-10-07 17:25:19.966450
89,61,add_to_cart,2025-08-23 17:25:19.966450
176,16,purchase,2025-09-06 17:25:19.966450
18,229,click,2025-07-27 17:25:19.966450
371,195,click,2025-08-27 17:25:19.966450
460,251,click,2025-09-24 17:25:19.966450
424,48,click,2025-12-09 17:25:19.966450
401,235,add_to_cart,2025-10-16 17:25:19.966450
399,121,add_to_cart,2025-08-30 17:25:19.966450
106,50,add_to_cart,2025-10-05 17:25:19.966450
271,41,click,2025-07-13 17:25:19.966450
463,22,click,2025-09-08 17:25:19.966450
319,182,click,2025-10-24 17:25:19.966450
167,5,click,2025-09-24 17:25:19.966450
13,145,add_to_cart,2025-06-27 17:25:19.966450
337,78,add_to_cart,2025-11-18 17:25:19.966450
32,231,add_to_cart,2025-10-31 17:25:19.966450
393,297,click,2025-06-22 17:25:19.966450
40,209,add_to_cart,2025-08-15 17:25:19.966450
148,163,click,2025-07-14 17:25:19.966450
218,168,click,2025-07-02 17:25:19.966450
219,278,click,2025-09-23 17:25:19.966450
469,237,click,2025-11-19 17:25:19.966450
82,176,add_to_cart,2025-11-11 17:25:19.966450
333,53,add_to_cart,2025-10-30 17:25:19.966450
208,10,click,2025-10-25 17:25:19.966450
201,146,click,2025-10-08 17:25:19.966450
447,227,click,2025-11-05 17:25:19.966450
332,236,click,2025-10-27 17:25:19.966450
428,242,click,2025-11-01 17:25:19.966450
38,71,add_to_cart,2025-11-26 17:25:19.966450
211,158,click,2025-08-18 17:25:19.966450
444,19,add_to_cart,2025-11-10 17:25:19.966450
327,55,click,2025-09-16 17:25:19.966450
249,215,click,2025-10-07 17:25:19.966450
227,209,click,2025-07-17 17:25:19.966450
48,21,add_to_cart,2025-07-05 17:25:19.966450
18,282,click,2025-08-05 17:25:19.966450
400,249,click,2025-07-21 17:25:19.966450
439,28,purchase,2025-09-02 17:25:19.966450
295,296,click,2025-07-01 17:25:19.966450
196,211,purchase,2025-09-09 17:25:19.966450
187,285,click,2025-09-04 17:25:19.966450
345,20,add_to_cart,2025-08-14 17:25:19.966450
224,20,click,2025-06-21 17:25:19.966450
318,120,click,2025-10-03 17:25:19.966450
488,97,click,2025-07-06 17:25:19.966450
397,120,click,2025-10-13 17:25:19.966450
365,25,add_to_cart,2025-07-04 17:25:19.966450
337,153,purchase,2025-11-01 17:25:19.966450
497,245,click,2025-11-08 17:25:19.966450
229,260,click,2025-08-28 17:25:19.966450
390,4,click,2025-09-06 17:25:19.966450
467,143,add_to_cart,2025-09-22 17:25:19.966450
77,282,click,2025-07-14 17:25:19.966450
188,220,click,2025-10-04 17:25:19.966450
346,160,add_to_cart,2025-12-13 17:25:19.966450
270,76,click,2025-10-18 17:25:19.966450
95,99,click,2025-09-07 17:25:19.966450
310,180,click,2025-11-16 17:25:19.966450
132,127,add_to_cart,2025-11-30 17:25:19.966450
39,32,click,2025-11-17 17:25:19.966450
72,265,purchase,2025-09-07 17:25:19.966450
281,13,click,2025-11-22 17:25:19.966450
333,202,click,2025-12-09 17:25:19.966450
160,18,add_to_cart,2025-06-22 17:25:19.966450
187,93,click,2025-09-06 17:25:19.966450
486,280,click,2025-10-31 17:25:19.966450
191,60,click,2025-10-29 17:25:19.966450
422,214,click,2025-09-05 17:25:19.966450
120,100,add_to_cart,2025-07-16 17:25:19.966450
220,1,click,2025-11-03 17:25:19.966450
53,43,add_to_cart,2025-10-22 17:25:19.966450
222,168,add_to_cart,2025-07-07 17:25:19.966450
451,192,add_to_cart,2025-10-12 17:25:19.966450
412,34,add_to_cart,2025-07-13 17:25:19.966450
131,34,add_to_cart,2025-11-05 17:25:19.966450
237,176,click,2025-07-12 17:25:19.966450
246,196,click,2025-07-09 17:25:19.966450
226,158,click,2025-11-12 17:25:19.966450
208,245,add_to_cart,2025-10-18 17:25:19.966450
406,71,add_to_cart,2025-06-19 17:25:19.966450
96,114,click,2025-10-14 17:25:19.966450
422,285,purchase,2025-07-15 17:25:19.966450
200,143,click,2025-12-04 17:25:19.966450
247,97,click,2025-11-24 17:25:19.966450
72,212,click,2025-10-21 17:25:19.966450
318,185,click,2025-12-10 17:25:19.966450
185,205,add_to_cart,2025-11-10 17:25:19.966450
6,216,click,2025-08-12 17:25:19.966450
206,246,click,2025-10-18 17:25:19.966450
32,239,purchase,2025-10-09 17:25:19.966450
99,293,add_to_cart,2025-10-25 17:25:19.966450
394,8,click,2025-08-18 17:25:19.966450
387,78,click,2025-09-30 17:25:19.966450
256,277,click,2025-09-27 17:25:19.966450
187,202,purchase,2025-08-31 17:25:19.966450
76,214,purchase,2025-06-20 17:25:19.966450
177,94,add_to_cart,2025-09-17 17:25:19.966450
315,75,click,2025-09-10 17:25:19.966450
287,157,click,2025-10-09 17:25:19.966450
349,153,click,2025-07-15 17:25:19.966450
255,142,click,2025-10-04 17:25:19.966450
325,78,click,2025-11-05 17:25:19.966450
190,182,add_to_cart,2025-08-05 17:25:19.966450
308,195,click,2025-07-03 17:25:19.966450
345,158,click,2025-08-22 17:25:19.966450
127,146,add_to_cart,2025-09-14 17:25:19.966450
425,54,click,2025-09-05 17:25:19.966450
287,277,add_to_cart,2025-09-03 17:25:19.966450
254,83,click,2025-09-15 17:25:19.966450
213,156,click,2025-11-27 17:25:19.966450
250,4,click,2025-08-20 17:25:19.966450
84,271,purchase,2025-10-12 17:25:19.966450
487,64,add_to_cart,2025-10-08 17:25:19.966450
383,112,click,2025-10-24 17:25:19.966450
406,239,click,2025-07-22 17:25:19.966450
388,144,add_to_cart,2025-10-11 17:25:19.966450
13,20,click,2025-06-23 17:25:19.966450
45,64,purchase,2025-10-11 17:25:19.966450
127,289,purchase,2025-11-28 17:25:19.966450
426,81,add_to_cart,2025-09-27 17:25:19.966450
114,197,purchase,2025-11-07 17:25:19.966450
433,69,click,2025-08-11 17:25:19.966450
276,186,click,2025-10-26 17:25:19.966450
500,167,click,2025-08-11 17:25:19.966450
205,205,click,2025-07-18 17:25:19.966450
337,164,purchase,2025-07-08 17:25:19.966450
438,94,click,2025-09-09 17:25:19.966450
420,249,purchase,2025-07-15 17:25:19.966450
481,68,add_to_cart,2025-07-24 17:25:19.966450
385,21,click,2025-09-29 17:25:19.966450
399,85,click,2025-06-28 17:25:19.966450
461,24,click,2025-10-29 17:25:19.966450
273,111,click,2025-09-25 17:25:19.966450
408,83,click,2025-07-21 17:25:19.966450
58,78,click,2025-07-06 17:25:19.966450
328,140,click,2025-11-13 17:25:19.966450
498,271,add_to_cart,2025-09-26 17:25:19.967451
219,169,click,2025-09-08 17:25:19.967451
109,197,click,2025-12-14 17:25:19.967451
279,262,add_to_cart,2025-07-07 17:25:19.967451
174,215,click,2025-10-01 17:25:19.967451
328,67,click,2025-09-17 17:25:19.967451
264,229,add_to_cart,2025-08-12 17:25:19.967451
315,161,purchase,2025-07-09 17:25:19.967451
474,122,purchase,2025-11-25 17:25:19.967451
111,149,click,2025-12-11 17:25:19.967451
187,193,click,2025-11-18 17:25:19.967451
269,231,click,2025-09-20 17:25:19.967451
423,111,purchase,2025-10-29 17:25:19.967451
229,145,click,2025-09-11 17:25:19.967451
497,221,click,2025-09-08 17:25:19.967451
156,64,purchase,2025-10-07 17:25:19.967451
473,126,purchase,2025-09-24 17:25:19.967451
189,218,add_to_cart,2025-07-01 17:25:19.967451
272,284,click,2025-12-10 17:25:19.967451
375,236,click,2025-07-27 17:25:19.967451
2,13,add_to_cart,2025-08-19 17:25:19.967451
246,153,click,2025-08-13 17:25:19.967451
210,239,click,2025-10-10 17:25:19.967451
401,190,click,2025-07-30 17:25:19.967451
286,151,purchase,2025-07-02 17:25:19.967451
359,86,click,2025-06-30 17:25:19.967451
13,21,add_to_cart,2025-11-22 17:25:19.967451
96,182,click,2025-06-28 17:25:19.967451
498,158,click,2025-08-29 17:25:19.967451
221,76,purchase,2025-09-12 17:25:19.967451
238,203,click,2025-07-15 17:25:19.967451
94,229,add_to_cart,2025-11-17 17:25:19.967451
338,152,click,2025-12-14 17:25:19.967451
269,263,click,2025-11-16 17:25:19.967451
171,72,add_to_cart,2025-08-27 17:25:19.967451
469,225,add_to_cart,2025-10-03 17:25:19.967451
94,131,add_to_cart,2025-10-01 17:25:19.967451
149,28,click,2025-08-20 17:25:19.967451
112,299,click,2025-11-27 17:25:19.967451
55,97,purchase,2025-10-23 17:25:19.967451
337,46,click,2025-08-18 17:25:19.967451
424,1,add_to_cart,2025-07-18 17:25:19.967451
467,166,click,2025-09-12 17:25:19.967451
116,245,purchase,2025-11-13 17:25:19.967451
143,219,purchase,2025-10-11 17:25:19.967451
201,102,click,2025-07-30 17:25:19.967451
180,291,add_to_cart,2025-09-17 17:25:19.967451
202,204,click,2025-07-23 17:25:19.967451
364,202,click,2025-10-12 17:25:19.967451
479,54,click,2025-07-09 17:25:19.967451
53,280,click,2025-08-06 17:25:19.967451
471,278,click,2025-09-21 17:25:19.967451
384,16,click,2025-11-10 17:25:19.967451
180,13,click,2025-08-24 17:25:19.967451
414,87,click,2025-07-08 17:25:19.967451
417,78,click,2025-07-27 17:25:19.967451
313,67,click,2025-06-23 17:25:19.967451
308,211,add_to_cart,2025-11-09 17:25:19.967451
137,214,add_to_cart,2025-08-05 17:25:19.967451
182,185,purchase,2025-10-27 17:25:19.967451
367,33,click,2025-10-08 17:25:19.967451
1,115,click,2025-09-06 17:25:19.967451
44,275,add_to_cart,2025-07-03 17:25:19.967451
227,198,add_to_cart,2025-06-25 17:25:19.967451
331,143,click,2025-09-09 17:25:19.967451
98,228,add_to_cart,2025-07-26 17:25:19.967451
208,120,click,2025-11-09 17:25:19.967451
265,24,click,2025-11-19 17:25:19.967451
288,27,add_to_cart,2025-08-26 17:25:19.967451
271,75,click,2025-12-15 17:25:19.967451
140,241,click,2025-07-12 17:25:19.967451
481,23,click,2025-08-13 17:25:19.967451
237,161,click,2025-08-03 17:25:19.967451
462,41,click,2025-11-17 17:25:19.967451
441,238,click,2025-07-10 17:25:19.967451
392,239,purchase,2025-11-08 17:25:19.967451
72,56,add_to_cart,2025-12-08 17:25:19.967451
155,98,click,2025-09-12 17:25:19.967451
190,146,click,2025-07-04 17:25:19.967451
268,262,click,2025-09-11 17:25:19.967451
321,40,add_to_cart,2025-11-20 17:25:19.967451
107,193,click,2025-06-23 17:25:19.967451
232,239,click,2025-08-25 17:25:19.967451
42,42,click,2025-12-05 17:25:19.967451
190,222,click,2025-11-23 17:25:19.967451
371,196,add_to_cart,2025-07-07 17:25:19.967451
139,288,add_to_cart,2025-11-13 17:25:19.967451
103,10,purchase,2025-08-08 17:25:19.967451
171,235,click,2025-08-25 17:25:19.967451
351,265,add_to_cart,2025-10-16 17:25:19.967451
273,69,click,2025-08-06 17:25:19.967451
481,139,click,2025-12-04 17:25:19.967451
416,219,click,2025-07-12 17:25:19.967451
221,196,click,2025-08-31 17:25:19.967451
213,74,click,2025-09-04 17:25:19.967451
341,103,add_to_cart,2025-06-29 17:25:19.967451
424,225,click,2025-06-21 17:25:19.967451
407,123,click,2025-10-11 17:25:19.967451
56,102,purchase,2025-08-03 17:25:19.967451
390,264,click,2025-08-13 17:25:19.967451
342,161,add_to_cart,2025-10-20 17:25:19.967451
434,233,add_to_cart,2025-10-31 17:25:19.967451
102,275,click,2025-11-24 17:25:19.967451
421,258,click,2025-07-30 17:25:19.967451
493,139,add_to_cart,2025-07-08 17:25:19.968451
192,227,add_to_cart,2025-07-21 17:25:19.968451
499,273,click,2025-12-11 17:25:19.968451
310,86,click,2025-10-09 17:25:19.968451
200,291,click,2025-12-02 17:25:19.968451
233,217,add_to_cart,2025-08-07 17:25:19.968451
433,66,click,2025-08-24 17:25:19.968451
227,257,purchase,2025-11-19 17:25:19.968451
371,135,purchase,2025-12-12 17:25:19.968451
139,55,add_to_cart,2025-08-10 17:25:19.968451
344,243,add_to_cart,2025-10-13 17:25:19.968451
305,252,click,2025-09-21 17:25:19.968451
149,21,click,2025-06-29 17:25:19.968451
115,163,click,2025-07-12 17:25:19.968451
450,264,click,2025-09-27 17:25:19.968451
63,68,click,2025-07-06 17:25:19.968451
104,107,add_to_cart,2025-11-27 17:25:19.968451
339,67,click,2025-08-22 17:25:19.968451
359,199,add_to_cart,2025-09-13 17:25:19.968451
156,192,click,2025-10-08 17:25:19.968451
273,2,click,2025-11-15 17:25:19.968451
6,257,click,2025-06-28 17:25:19.968451
147,1,purchase,2025-09-12 17:25:19.968451
184,115,add_to_cart,2025-07-20 17:25:19.968451
486,88,click,2025-08-28 17:25:19.968451
28,197,click,2025-07-07 17:25:19.968451
450,92,purchase,2025-11-10 17:25:19.968451
38,274,click,2025-11-05 17:25:19.968451
119,160,click,2025-07-07 17:25:19.968451
293,173,click,2025-07-16 17:25:19.968451
371,33,click,2025-10-12 17:25:19.968451
244,73,click,2025-10-01 17:25:19.968451
68,196,click,2025-08-14 17:25:19.968451
214,284,add_to_cart,2025-11-24 17:25:19.968451
218,87,click,2025-08-17 17:25:19.968451
177,224,add_to_cart,2025-11-24 17:25:19.968451
299,44,click,2025-08-12 17:25:19.968451
164,138,click,2025-06-26 17:25:19.968451
58,270,click,2025-10-08 17:25:19.968451
269,36,add_to_cart,2025-12-06 17:25:19.968451
308,34,click,2025-12-05 17:25:19.968451
58,88,click,2025-07-13 17:25:19.968451
288,146,click,2025-12-11 17:25:19.968451
465,16,add_to_cart,2025-12-04 17:25:19.968451
105,233,click,2025-11-02 17:25:19.968451
228,41,click,2025-08-29 17:25:19.968451
247,255,click,2025-09-14 17:25:19.968451
188,281,add_to_cart,2025-09-17 17:25:19.968451
494,126,click,2025-11-17 17:25:19.968451
83,8,add_to_cart,2025-11-10 17:25:19.968451
186,176,add_to_cart,2025-11-11 17:25:19.968451
252,228,purchase,2025-08-25 17:25:19.968451
355,18,click,2025-12-08 17:25:19.968451
238,56,click,2025-11-30 17:25:19.968451
360,35,add_to_cart,2025-11-03 17:25:19.968451
184,118,click,2025-10-08 17:25:19.968451
284,282,click,2025-07-25 17:25:19.968451
385,254,click,2025-10-21 17:25:19.968451
426,213,purchase,2025-11-05 17:25:19.968451
210,61,click,2025-09-30 17:25:19.968451
304,88,click,2025-12-08 17:25:19.968451
296,271,add_to_cart,2025-10-23 17:25:19.968451
97,32,click,2025-09-17 17:25:19.968451
447,133,purchase,2025-08-18 17:25:19.968451
460,64,click,2025-08-05 17:25:19.968451
456,199,add_to_cart,2025-12-07 17:25:19.968451
472,256,click,2025-10-06 17:25:19.968451
208,155,add_to_cart,2025-11-16 17:25:19.968451
370,231,purchase,2025-09-26 17:25:19.968451
388,35,add_to_cart,2025-08-30 17:25:19.968451
422,26,add_to_cart,2025-09-12 17:25:19.968451
492,23,click,2025-10-12 17:25:19.968451
411,141,purchase,2025-11-16 17:25:19.968451
137,285,add_to_cart,2025-10-30 17:25:19.968451
367,156,purchase,2025-09-12 17:25:19.968451
400,113,add_to_cart,2025-09-19 17:25:19.968451
184,139,click,2025-07-10 17:25:19.968451
76,209,add_to_cart,2025-10-02 17:25:19.968451
287,86,click,2025-09-01 17:25:19.968451
472,285,add_to_cart,2025-09-27 17:25:19.968451
375,60,click,2025-08-01 17:25:19.968451
142,54,click,2025-10-16 17:25:19.968451
237,93,purchase,2025-09-10 17:25:19.968451
25,265,purchase,2025-12-10 17:25:19.968451
290,213,purchase,2025-11-01 17:25:19.968451
67,10,add_to_cart,2025-10-12 17:25:19.968451
250,203,add_to_cart,2025-11-09 17:25:19.968451
408,196,add_to_cart,2025-09-17 17:25:19.968451
118,58,click,2025-07-24 17:25:19.968451
490,256,purchase,2025-09-05 17:25:19.968451
73,223,purchase,2025-08-28 17:25:19.968451
282,180,add_to_cart,2025-07-16 17:25:19.968451
404,35,purchase,2025-10-27 17:25:19.968451
448,103,click,2025-08-15 17:25:19.968451
360,161,click,2025-10-06 17:25:19.968451
10,200,purchase,2025-08-27 17:25:19.968451
211,160,click,2025-11-15 17:25:19.968451
323,183,add_to_cart,2025-07-09 17:25:19.968451
152,136,click,2025-08-23 17:25:19.968451
5,226,add_to_cart,2025-10-29 17:25:19.968451
195,243,add_to_cart,2025-07-24 17:25:19.968451
442,106,add_to_cart,2025-10-20 17:25:19.968451
283,71,click,2025-07-08 17:25:19.968451
464,77,click,2025-07-22 17:25:19.968451
113,54,add_to_cart,2025-12-01 17:25:19.968451
271,277,purchase,2025-07-06 17:25:19.968451
163,111,click,2025-06-22 17:25:19.968451
460,224,click,2025-07-05 17:25:19.968451
105,75,click,2025-10-23 17:25:19.968451
181,14,purchase,2025-11-10 17:25:19.968451
44,258,add_to_cart,2025-10-24 17:25:19.968451
282,189,purchase,2025-10-03 17:25:19.968451
175,239,click,2025-11-02 17:25:19.968451
162,91,click,2025-11-13 17:25:19.968451
471,184,add_to_cart,2025-06-27 17:25:19.968451
351,17,click,2025-10-22 17:25:19.968451
434,12,click,2025-11-02 17:25:19.968451
340,166,click,2025-10-26 17:25:19.968451
140,146,click,2025-09-08 17:25:19.968451
471,282,click,2025-09-21 17:25:19.968451
132,37,click,2025-10-26 17:25:19.968451
87,70,click,2025-08-03 17:25:19.968451
176,169,click,2025-08-09 17:25:19.968451
183,170,add_to_cart,2025-07-28 17:25:19.968451
368,253,click,2025-10-29 17:25:19.968451
129,297,click,2025-08-11 17:25:19.968451
246,142,click,2025-08-24 17:25:19.968451
89,273,click,2025-09-23 17:25:19.968451
66,225,add_to_cart,2025-06-24 17:25:19.968451
158,183,purchase,2025-10-30 17:25:19.968451
387,221,add_to_cart,2025-12-06 17:25:19.968451
378,53,click,2025-11-20 17:25:19.968451
149,118,click,2025-10-27 17:25:19.968451
473,159,click,2025-06-24 17:25:19.968451
340,136,purchase,2025-06-27 17:25:19.968451
433,77,add_to_cart,2025-08-09 17:25:19.968451
116,45,click,2025-08-29 17:25:19.968451
214,18,click,2025-10-14 17:25:19.968451
469,205,click,2025-07-24 17:25:19.968451
446,83,click,2025-07-24 17:25:19.968451
481,50,add_to_cart,2025-07-02 17:25:19.968451
372,281,click,2025-11-03 17:25:19.968451
294,166,add_to_cart,2025-11-05 17:25:19.968451
253,243,click,2025-12-01 17:25:19.968451
143,164,click,2025-08-09 17:25:19.968451
250,56,click,2025-10-19 17:25:19.968451
366,39,add_to_cart,2025-10-23 17:25:19.968451
436,128,click,2025-08-05 17:25:19.968451
463,122,click,2025-10-15 17:25:19.968451
302,247,add_to_cart,2025-08-11 17:25:19.968451
25,186,click,2025-10-06 17:25:19.968451
277,208,click,2025-10-31 17:25:19.968451
472,239,click,2025-09-17 17:25:19.968451
377,215,add_to_cart,2025-07-13 17:25:19.968451
378,292,click,2025-08-16 17:25:19.968451
389,224,add_to_cart,2025-09-23 17:25:19.968451
70,88,click,2025-06-30 17:25:19.968451
113,25,click,2025-07-18 17:25:19.968451
363,220,add_to_cart,2025-07-09 17:25:19.968451
112,275,add_to_cart,2025-07-02 17:25:19.968451
364,135,purchase,2025-09-25 17:25:19.968451
303,233,click,2025-11-13 17:25:19.968451
471,66,click,2025-09-18 17:25:19.968451
452,80,add_to_cart,2025-07-09 17:25:19.968451
91,255,click,2025-08-24 17:25:19.968451
18,125,click,2025-10-27 17:25:19.968451
149,146,click,2025-06-20 17:25:19.968451
476,103,click,2025-11-27 17:25:19.968451
227,277,click,2025-12-13 17:25:19.968451
214,124,purchase,2025-08-22 17:25:19.968451
360,267,add_to_cart,2025-09-16 17:25:19.968451
151,278,purchase,2025-07-24 17:25:19.968451
192,111,purchase,2025-11-03 17:25:19.968451
451,89,click,2025-07-12 17:25:19.968451
40,158,click,2025-08-30 17:25:19.968451
242,216,click,2025-11-02 17:25:19.968451
138,36,purchase,2025-10-25 17:25:19.969468
345,87,click,2025-09-10 17:25:19.969468
180,118,click,2025-11-18 17:25:19.969468
497,182,click,2025-08-29 17:25:19.969468
200,68,click,2025-07-07 17:25:19.969468
203,159,click,2025-10-23 17:25:19.969468
61,285,click,2025-12-14 17:25:19.969468
192,164,purchase,2025-08-24 17:25:19.969468
5,73,click,2025-11-29 17:25:19.969468
378,119,purchase,2025-07-23 17:25:19.969468
237,195,click,2025-11-18 17:25:19.969468
181,89,purchase,2025-11-18 17:25:19.969468
311,76,click,2025-06-19 17:25:19.969468
37,221,add_to_cart,2025-11-30 17:25:19.969468
56,139,click,2025-07-08 17:25:19.969468
443,241,add_to_cart,2025-09-22 17:25:19.969468
237,154,purchase,2025-12-11 17:25:19.969468
358,53,click,2025-11-01 17:25:19.969468
349,142,click,2025-07-04 17:25:19.969468
197,31,click,2025-10-25 17:25:19.969468
73,223,click,2025-10-15 17:25:19.969468
59,292,click,2025-12-11 17:25:19.969468
240,266,add_to_cart,2025-08-31 17:25:19.969468
2,282,click,2025-12-05 17:25:19.969468
449,276,add_to_cart,2025-09-21 17:25:19.969468
360,44,purchase,2025-08-07 17:25:19.969468
188,62,add_to_cart,2025-06-20 17:25:19.969468
307,201,click,2025-10-17 17:25:19.969468
30,9,click,2025-10-11 17:25:19.969468
267,71,click,2025-11-29 17:25:19.969468
476,90,click,2025-08-07 17:25:19.969468
108,24,click,2025-08-07 17:25:19.969468
332,140,purchase,2025-11-06 17:25:19.969468
423,78,add_to_cart,2025-09-27 17:25:19.969468
90,214,click,2025-10-01 17:25:19.969468
205,16,click,2025-10-14 17:25:19.969468
379,29,click,2025-10-26 17:25:19.969468
456,291,purchase,2025-08-09 17:25:19.969468
447,43,purchase,2025-10-26 17:25:19.969468
448,53,click,2025-12-12 17:25:19.969468
445,276,click,2025-08-06 17:25:19.969468
381,232,click,2025-06-24 17:25:19.969468
438,212,click,2025-07-02 17:25:19.969468
220,8,click,2025-09-23 17:25:19.969468
378,122,add_to_cart,2025-10-28 17:25:19.969468
94,42,click,2025-11-07 17:25:19.969468
457,233,add_to_cart,2025-07-24 17:25:19.969468
103,70,click,2025-07-26 17:25:19.969468
223,16,add_to_cart,2025-09-02 17:25:19.969468
186,69,add_to_cart,2025-07-13 17:25:19.969468
469,53,click,2025-11-30 17:25:19.969468
184,173,add_to_cart,2025-08-04 17:25:19.969468
495,262,click,2025-09-15 17:25:19.969468
162,289,click,2025-07-09 17:25:19.969468
247,15,click,2025-11-21 17:25:19.969468
31,270,click,2025-11-07 17:25:19.969468
52,167,click,2025-07-24 17:25:19.969468
345,63,add_to_cart,2025-10-31 17:25:19.969468
76,261,click,2025-08-22 17:25:19.969468
385,121,click,2025-10-24 17:25:19.969468
439,240,add_to_cart,2025-08-24 17:25:19.969468
278,107,add_to_cart,2025-10-26 17:25:19.969468
40,180,click,2025-07-23 17:25:19.969468
101,16,click,2025-11-26 17:25:19.969468
111,215,click,2025-09-20 17:25:19.969468
385,77,click,2025-08-05 17:25:19.969468
321,225,purchase,2025-10-15 17:25:19.969468
249,93,click,2025-09-04 17:25:19.969468
191,181,click,2025-12-04 17:25:19.969468
490,174,purchase,2025-09-26 17:25:19.969468
182,219,add_to_cart,2025-07-11 17:25:19.969468
426,143,click,2025-07-25 17:25:19.969468
405,282,add_to_cart,2025-12-14 17:25:19.969468
335,259,add_to_cart,2025-08-13 17:25:19.969468
209,47,click,2025-08-21 17:25:19.969468
22,5,purchase,2025-08-07 17:25:19.969468
166,62,click,2025-12-08 17:25:19.969468
99,84,add_to_cart,2025-11-09 17:25:19.969468
493,133,purchase,2025-10-22 17:25:19.969468
208,63,click,2025-10-28 17:25:19.969468
8,281,add_to_cart,2025-10-18 17:25:19.969468
190,44,add_to_cart,2025-10-17 17:25:19.969468
175,153,add_to_cart,2025-09-18 17:25:19.969468
273,270,add_to_cart,2025-09-29 17:25:19.969468
17,171,click,2025-08-19 17:25:19.969468
90,156,add_to_cart,2025-06-25 17:25:19.969468
141,275,add_to_cart,2025-09-07 17:25:19.969468
145,20,add_to_cart,2025-10-14 17:25:19.969468
166,214,add_to_cart,2025-08-11 17:25:19.969468
337,79,click,2025-07-09 17:25:19.969468
496,139,click,2025-10-11 17:25:19.969468
78,98,add_to_cart,2025-09-22 17:25:19.969468
429,152,purchase,2025-12-12 17:25:19.969468
262,198,click,2025-07-12 17:25:19.969468
163,273,click,2025-06-22 17:25:19.969468
366,156,add_to_cart,2025-09-14 17:25:19.969468
14,50,add_to_cart,2025-11-23 17:25:19.969468
239,228,add_to_cart,2025-08-07 17:25:19.969468
72,10,click,2025-10-23 17:25:19.969468
445,149,add_to_cart,2025-07-20 17:25:19.969468
143,58,add_to_cart,2025-09-27 17:25:19.969468
310,162,add_to_cart,2025-11-02 17:25:19.969468
283,107,add_to_cart,2025-07-21 17:25:19.969468
269,289,click,2025-06-19 17:25:19.969468
241,186,purchase,2025-07-24 17:25:19.969468
415,46,add_to_cart,2025-12-04 17:25:19.969468
245,129,click,2025-08-05 17:25:19.969468
163,87,purchase,2025-09-27 17:25:19.969468
60,249,purchase,2025-08-12 17:25:19.969468
6,257,add_to_cart,2025-09-15 17:25:19.969468
197,277,click,2025-10-05 17:25:19.969468
470,278,click,2025-10-31 17:25:19.969468
58,4,click,2025-10-05 17:25:19.969468
305,65,click,2025-09-14 17:25:19.969468
407,202,click,2025-08-17 17:25:19.969468
217,63,click,2025-11-28 17:25:19.969468
418,143,click,2025-11-02 17:25:19.969468
26,244,purchase,2025-11-03 17:25:19.969468
303,292,click,2025-09-28 17:25:19.969468
5,285,click,2025-09-30 17:25:19.969468
474,180,click,2025-07-19 17:25:19.969468
20,174,click,2025-10-17 17:25:19.969468
390,111,purchase,2025-10-14 17:25:19.969468
198,175,click,2025-11-22 17:25:19.969468
59,153,add_to_cart,2025-11-17 17:25:19.969468
448,217,add_to_cart,2025-08-09 17:25:19.969468
242,297,click,2025-08-14 17:25:19.969468
146,240,click,2025-12-15 17:25:19.969468
388,226,click,2025-10-04 17:25:19.969468
273,186,click,2025-11-25 17:25:19.969468
249,48,click,2025-07-13 17:25:19.969468
14,208,add_to_cart,2025-07-23 17:25:19.969468
462,157,click,2025-09-10 17:25:19.969468
13,225,click,2025-10-25 17:25:19.969468
391,144,click,2025-10-11 17:25:19.969468
384,111,add_to_cart,2025-08-23 17:25:19.969468
44,132,click,2025-09-19 17:25:19.969468
375,113,click,2025-10-15 17:25:19.969468
399,89,add_to_cart,2025-11-27 17:25:19.969468
19,161,click,2025-12-14 17:25:19.969468
63,75,click,2025-10-22 17:25:19.969468
491,281,click,2025-09-28 17:25:19.969468
239,7,purchase,2025-12-05 17:25:19.969468
492,113,click,2025-07-25 17:25:19.969468
419,36,click,2025-09-22 17:25:19.969468
337,266,purchase,2025-11-19 17:25:19.969468
419,113,click,2025-11-24 17:25:19.969468
403,292,add_to_cart,2025-12-13 17:25:19.969468
404,223,click,2025-12-13 17:25:19.969468
100,211,click,2025-07-20 17:25:19.969468
163,18,add_to_cart,2025-11-03 17:25:19.969468
416,241,purchase,2025-09-18 17:25:19.969468
122,134,click,2025-11-09 17:25:19.969468
432,220,add_to_cart,2025-09-13 17:25:19.969468
44,102,add_to_cart,2025-11-07 17:25:19.969468
360,140,click,2025-07-21 17:25:19.969468
408,169,add_to_cart,2025-10-12 17:25:19.969468
317,191,click,2025-07-06 17:25:19.969468
381,25,click,2025-11-03 17:25:19.969468
145,33,click,2025-11-25 17:25:19.969468
327,6,purchase,2025-12-06 17:25:19.969468
363,194,click,2025-11-01 17:25:19.969468
50,230,add_to_cart,2025-09-14 17:25:19.969468
65,137,click,2025-12-13 17:25:19.969468
355,216,click,2025-11-03 17:25:19.969468
288,183,add_to_cart,2025-06-19 17:25:19.969468
164,168,add_to_cart,2025-11-05 17:25:19.969468
141,282,click,2025-08-17 17:25:19.969468
454,38,click,2025-08-31 17:25:19.969468
314,163,purchase,2025-06-30 17:25:19.969468
128,142,click,2025-12-07 17:25:19.969468
398,248,add_to_cart,2025-06-25 17:25:19.969468
421,103,add_to_cart,2025-07-25 17:25:19.969468
368,199,add_to_cart,2025-08-14 17:25:19.969468
463,200,purchase,2025-08-25 17:25:19.969468
239,42,add_to_cart,2025-08-17 17:25:19.969468
324,147,click,2025-10-30 17:25:19.970472
296,66,click,2025-07-13 17:25:19.970472
187,193,click,2025-11-18 17:25:19.970472
208,298,click,2025-10-02 17:25:19.970472
220,38,purchase,2025-09-13 17:25:19.970472
400,141,click,2025-07-30 17:25:19.970472
190,106,add_to_cart,2025-11-17 17:25:19.970472
388,152,add_to_cart,2025-10-20 17:25:19.970472
429,38,add_to_cart,2025-10-03 17:25:19.970472
346,97,click,2025-08-19 17:25:19.970472
284,108,add_to_cart,2025-10-18 17:25:19.970472
352,119,click,2025-11-11 17:25:19.970472
237,151,add_to_cart,2025-06-19 17:25:19.970472
194,74,click,2025-11-10 17:25:19.970472
287,57,purchase,2025-09-30 17:25:19.970472
259,252,click,2025-10-19 17:25:19.970472
246,292,click,2025-12-14 17:25:19.970472
136,255,click,2025-11-18 17:25:19.970472
280,254,add_to_cart,2025-10-07 17:25:19.970472
271,259,add_to_cart,2025-10-14 17:25:19.970472
171,270,click,2025-06-19 17:25:19.970472
159,34,click,2025-10-17 17:25:19.970472
201,238,click,2025-09-17 17:25:19.970472
487,179,click,2025-07-05 17:25:19.970472
45,104,click,2025-09-03 17:25:19.970472
450,29,click,2025-08-22 17:25:19.970472
264,227,add_to_cart,2025-11-03 17:25:19.970472
71,232,click,2025-07-02 17:25:19.970472
364,117,purchase,2025-08-05 17:25:19.970472
371,207,click,2025-06-21 17:25:19.970472
103,185,add_to_cart,2025-11-30 17:25:19.970472
490,138,add_to_cart,2025-10-25 17:25:19.970472
125,164,click,2025-10-06 17:25:19.970472
313,75,click,2025-12-13 17:25:19.970472
464,233,click,2025-09-18 17:25:19.970472
483,284,click,2025-07-31 17:25:19.970472
286,255,click,2025-10-26 17:25:19.970472
458,9,click,2025-07-09 17:25:19.970472
230,203,click,2025-08-05 17:25:19.970472
146,91,click,2025-08-20 17:25:19.970472
370,150,click,2025-06-28 17:25:19.970472
197,176,click,2025-07-29 17:25:19.970472
373,33,click,2025-07-10 17:25:19.970472
221,184,add_to_cart,2025-07-19 17:25:19.970472
423,157,add_to_cart,2025-10-18 17:25:19.970472
60,53,purchase,2025-10-25 17:25:19.970472
98,296,click,2025-10-30 17:25:19.970472
171,202,click,2025-09-02 17:25:19.970472
382,274,click,2025-10-28 17:25:19.970472
173,175,click,2025-10-21 17:25:19.970472
151,244,add_to_cart,2025-11-15 17:25:19.970472
453,269,click,2025-10-07 17:25:19.970472
350,74,add_to_cart,2025-10-01 17:25:19.970472
390,96,add_to_cart,2025-06-28 17:25:19.970472
440,173,purchase,2025-09-26 17:25:19.970472
122,155,click,2025-10-03 17:25:19.970472
494,183,click,2025-08-29 17:25:19.970472
108,289,click,2025-12-11 17:25:19.970472
4,258,click,2025-12-12 17:25:19.970472
93,75,purchase,2025-07-26 17:25:19.970472
407,174,click,2025-08-08 17:25:19.970472
6,231,click,2025-06-22 17:25:19.970472
288,247,click,2025-10-21 17:25:19.970472
106,161,click,2025-08-02 17:25:19.970472
146,186,click,2025-11-30 17:25:19.970472
271,143,click,2025-11-22 17:25:19.970472
424,282,add_to_cart,2025-10-22 17:25:19.970472
378,128,purchase,2025-10-08 17:25:19.970472
96,166,click,2025-10-17 17:25:19.970472
457,27,click,2025-07-10 17:25:19.970472
229,246,click,2025-11-26 17:25:19.970472
202,135,add_to_cart,2025-10-23 17:25:19.970472
212,202,click,2025-08-01 17:25:19.970472
6,21,purchase,2025-07-07 17:25:19.970472
112,79,click,2025-09-27 17:25:19.970472
376,158,click,2025-07-25 17:25:19.970472
379,94,click,2025-10-07 17:25:19.970472
447,8,purchase,2025-08-04 17:25:19.970472
323,259,click,2025-11-11 17:25:19.970472
106,55,click,2025-09-02 17:25:19.970472
139,36,click,2025-08-07 17:25:19.970472
299,6,click,2025-11-25 17:25:19.970472
401,42,click,2025-08-03 17:25:19.970472
96,50,add_to_cart,2025-09-29 17:25:19.970472
388,112,purchase,2025-07-11 17:25:19.970472
447,146,purchase,2025-11-24 17:25:19.970472
452,230,click,2025-07-27 17:25:19.970472
337,211,click,2025-09-18 17:25:19.970472
297,30,click,2025-10-10 17:25:19.970472
467,295,click,2025-08-05 17:25:19.970472
389,116,add_to_cart,2025-08-23 17:25:19.970472
416,226,click,2025-10-18 17:25:19.970472
214,59,purchase,2025-08-01 17:25:19.970472
454,76,add_to_cart,2025-06-23 17:25:19.970472
291,216,click,2025-09-05 17:25:19.970472
22,132,add_to_cart,2025-11-09 17:25:19.970472
193,81,click,2025-10-09 17:25:19.970472
468,67,click,2025-07-21 17:25:19.970472
150,230,click,2025-09-22 17:25:19.970472
368,277,purchase,2025-06-21 17:25:19.970472
247,72,click,2025-11-22 17:25:19.970472
267,209,add_to_cart,2025-08-14 17:25:19.970472
461,272,add_to_cart,2025-08-12 17:25:19.970472
251,144,add_to_cart,2025-10-28 17:25:19.970472
490,251,add_to_cart,2025-08-02 17:25:19.970472
3,284,click,2025-10-02 17:25:19.970472
393,179,add_to_cart,2025-08-28 17:25:19.970472
316,80,click,2025-12-10 17:25:19.970472
76,57,click,2025-11-06 17:25:19.970472
87,174,click,2025-09-26 17:25:19.970472
270,238,click,2025-08-29 17:25:19.970472
225,166,purchase,2025-07-24 17:25:19.970472
18,84,click,2025-10-26 17:25:19.970472
113,48,click,2025-12-14 17:25:19.970472
251,127,click,2025-07-11 17:25:19.970472
233,169,click,2025-07-09 17:25:19.970472
329,67,click,2025-10-27 17:25:19.970472
279,194,click,2025-07-25 17:25:19.970472
202,155,purchase,2025-09-24 17:25:19.970472
83,160,click,2025-11-01 17:25:19.970472
125,184,click,2025-06-19 17:25:19.970472
175,266,click,2025-06-24 17:25:19.970472
69,168,click,2025-11-13 17:25:19.970472
47,145,purchase,2025-08-10 17:25:19.970472
372,186,click,2025-09-09 17:25:19.970472
256,262,click,2025-07-17 17:25:19.970472
215,274,click,2025-11-11 17:25:19.970472
30,223,add_to_cart,2025-09-22 17:25:19.970472
281,42,click,2025-09-19 17:25:19.970472
412,4,click,2025-09-06 17:25:19.970472
482,276,click,2025-10-17 17:25:19.970472
237,284,purchase,2025-11-17 17:25:19.970472
248,193,add_to_cart,2025-11-28 17:25:19.970472
368,104,click,2025-10-29 17:25:19.970472
495,247,add_to_cart,2025-12-05 17:25:19.970472
25,300,click,2025-08-07 17:25:19.970472
74,23,click,2025-06-29 17:25:19.970472
206,13,click,2025-07-23 17:25:19.970472
490,144,add_to_cart,2025-11-30 17:25:19.970472
494,218,click,2025-11-05 17:25:19.970472
314,183,add_to_cart,2025-11-03 17:25:19.970472
94,242,click,2025-06-28 17:25:19.970472
375,193,add_to_cart,2025-09-16 17:25:19.970472
127,272,click,2025-11-15 17:25:19.970472
425,165,click,2025-11-18 17:25:19.970472
25,180,click,2025-10-26 17:25:19.970472
334,117,click,2025-11-19 17:25:19.970472
355,266,click,2025-12-07 17:25:19.970472
116,38,click,2025-08-17 17:25:19.970472
48,44,purchase,2025-08-14 17:25:19.970472
226,74,click,2025-07-03 17:25:19.970472
266,226,click,2025-07-05 17:25:19.970472
99,13,click,2025-10-17 17:25:19.970472
459,12,click,2025-10-20 17:25:19.970472
11,50,click,2025-06-24 17:25:19.970472
85,249,add_to_cart,2025-08-24 17:25:19.970472
405,119,click,2025-10-09 17:25:19.970472
214,57,add_to_cart,2025-10-26 17:25:19.970472
173,182,click,2025-10-19 17:25:19.970472
391,264,purchase,2025-10-29 17:25:19.970472
209,106,click,2025-10-18 17:25:19.970472
448,191,click,2025-10-01 17:25:19.970472
382,137,click,2025-10-30 17:25:19.970472
64,188,purchase,2025-07-26 17:25:19.970472
258,120,add_to_cart,2025-08-27 17:25:19.970472
332,242,click,2025-08-26 17:25:19.970472
121,72,click,2025-10-05 17:25:19.970472
298,243,purchase,2025-08-17 17:25:19.970472
466,131,click,2025-09-12 17:25:19.970472
54,269,click,2025-12-14 17:25:19.970472
331,52,add_to_cart,2025-09-28 17:25:19.970472
272,62,purchase,2025-11-06 17:25:19.970472
241,119,add_to_cart,2025-06-28 17:25:19.970472
243,264,purchase,2025-10-29 17:25:19.970472
18,239,click,2025-10-20 17:25:19.970472
483,255,click,2025-12-04 17:25:19.970472
187,173,add_to_cart,2025-10-09 17:25:19.970472
346,237,add_to_cart,2025-06-20 17:25:19.970472
144,95,add_to_cart,2025-10-03 17:25:19.970472
262,57,purchase,2025-11-17 17:25:19.971468
441,67,click,2025-09-15 17:25:19.971468
364,46,click,2025-11-17 17:25:19.971468
491,94,click,2025-09-24 17:25:19.971468
431,138,add_to_cart,2025-08-23 17:25:19.971468
239,93,click,2025-08-31 17:25:19.971468
304,232,add_to_cart,2025-07-28 17:25:19.971468
298,49,click,2025-09-09 17:25:19.971468
76,23,click,2025-10-31 17:25:19.971468
188,62,click,2025-11-26 17:25:19.971468
333,267,add_to_cart,2025-10-18 17:25:19.971468
388,118,click,2025-08-18 17:25:19.971468
487,88,add_to_cart,2025-11-10 17:25:19.971468
246,89,click,2025-12-15 17:25:19.971468
130,55,click,2025-09-17 17:25:19.971468
474,153,click,2025-08-07 17:25:19.971468
315,239,add_to_cart,2025-11-02 17:25:19.971468
411,265,click,2025-10-17 17:25:19.971468
283,268,purchase,2025-08-07 17:25:19.971468
79,113,click,2025-09-22 17:25:19.971468
72,166,click,2025-09-25 17:25:19.971468
263,156,click,2025-07-10 17:25:19.971468
191,8,click,2025-10-16 17:25:19.971468
367,202,click,2025-10-28 17:25:19.971468
375,217,click,2025-11-02 17:25:19.971468
430,292,add_to_cart,2025-06-19 17:25:19.971468
63,50,click,2025-11-15 17:25:19.971468
488,107,click,2025-10-05 17:25:19.971468
380,9,click,2025-09-18 17:25:19.971468
12,233,click,2025-06-22 17:25:19.971468
141,188,click,2025-10-31 17:25:19.971468
254,110,purchase,2025-07-30 17:25:19.971468
43,145,add_to_cart,2025-09-03 17:25:19.971468
17,228,add_to_cart,2025-10-12 17:25:19.971468
63,114,click,2025-07-24 17:25:19.971468
253,63,click,2025-08-22 17:25:19.971468
465,275,click,2025-11-18 17:25:19.971468
376,124,click,2025-09-25 17:25:19.971468
292,86,click,2025-10-03 17:25:19.971468
469,70,click,2025-12-07 17:25:19.971468
8,47,purchase,2025-07-07 17:25:19.971468
325,199,purchase,2025-07-21 17:25:19.971468
90,201,click,2025-08-07 17:25:19.971468
208,276,add_to_cart,2025-08-09 17:25:19.971468
292,37,add_to_cart,2025-10-17 17:25:19.971468
284,203,click,2025-09-10 17:25:19.971468
118,130,purchase,2025-10-27 17:25:19.971468
349,292,click,2025-08-02 17:25:19.971468
175,64,add_to_cart,2025-07-23 17:25:19.971468
76,263,click,2025-11-16 17:25:19.971468
101,120,click,2025-09-10 17:25:19.971468
414,278,click,2025-07-19 17:25:19.971468
151,202,purchase,2025-09-26 17:25:19.971468
400,46,click,2025-12-07 17:25:19.971468
270,168,click,2025-11-24 17:25:19.971468
458,110,click,2025-07-31 17:25:19.971468
71,46,click,2025-10-10 17:25:19.971468
493,212,add_to_cart,2025-12-07 17:25:19.971468
180,28,add_to_cart,2025-10-30 17:25:19.971468
124,87,purchase,2025-11-06 17:25:19.971468
381,291,add_to_cart,2025-11-10 17:25:19.971468
293,157,purchase,2025-07-22 17:25:19.971468
285,265,add_to_cart,2025-09-09 17:25:19.971468
195,265,purchase,2025-12-14 17:25:19.971468
399,22,click,2025-06-26 17:25:19.971468
228,256,click,2025-09-24 17:25:19.971468
431,191,purchase,2025-07-08 17:25:19.971468
430,232,add_to_cart,2025-10-13 17:25:19.971468
436,186,purchase,2025-07-15 17:25:19.971468
275,183,click,2025-08-19 17:25:19.971468
461,202,purchase,2025-08-27 17:25:19.971468
106,65,add_to_cart,2025-07-07 17:25:19.971468
21,43,click,2025-07-13 17:25:19.971468
64,221,click,2025-09-15 17:25:19.971468
165,17,click,2025-09-29 17:25:19.971468
27,285,purchase,2025-12-10 17:25:19.971468
311,183,add_to_cart,2025-07-30 17:25:19.971468
500,44,purchase,2025-10-31 17:25:19.971468
285,188,click,2025-11-26 17:25:19.971468
148,263,purchase,2025-07-05 17:25:19.971468
281,174,click,2025-08-25 17:25:19.971468
326,54,click,2025-11-30 17:25:19.971468
319,220,click,2025-06-26 17:25:19.971468
164,46,purchase,2025-10-29 17:25:19.971468
386,260,click,2025-08-25 17:25:19.971468
406,195,click,2025-12-12 17:25:19.971468
224,61,click,2025-06-23 17:25:19.971468
272,166,click,2025-09-09 17:25:19.971468
146,160,purchase,2025-08-29 17:25:19.971468
453,151,click,2025-07-13 17:25:19.971468
438,111,add_to_cart,2025-07-11 17:25:19.971468
356,37,purchase,2025-11-17 17:25:19.971468
30,3,click,2025-07-20 17:25:19.971468
45,13,add_to_cart,2025-11-04 17:25:19.971468
275,162,click,2025-08-10 17:25:19.971468
471,264,purchase,2025-10-27 17:25:19.971468
34,83,click,2025-09-18 17:25:19.971468
141,265,add_to_cart,2025-08-12 17:25:19.971468
427,219,add_to_cart,2025-12-13 17:25:19.971468
318,146,click,2025-11-23 17:25:19.971468
374,298,click,2025-08-31 17:25:19.971468
221,297,click,2025-12-11 17:25:19.971468
356,161,click,2025-11-21 17:25:19.971468
22,229,click,2025-11-11 17:25:19.971468
180,234,purchase,2025-10-12 17:25:19.971468
436,89,click,2025-11-07 17:25:19.971468
367,215,click,2025-08-15 17:25:19.971468
420,97,click,2025-08-27 17:25:19.971468
329,213,click,2025-11-28 17:25:19.971468
231,100,click,2025-11-21 17:25:19.971468
499,145,purchase,2025-09-07 17:25:19.971468
403,10,purchase,2025-08-09 17:25:19.971468
38,44,click,2025-08-01 17:25:19.971468
70,251,click,2025-06-30 17:25:19.971468
116,227,click,2025-09-12 17:25:19.971468
239,249,add_to_cart,2025-11-24 17:25:19.971468
335,169,add_to_cart,2025-06-26 17:25:19.971468
441,130,add_to_cart,2025-06-19 17:25:19.971468
148,19,click,2025-11-26 17:25:19.971468
9,235,purchase,2025-08-17 17:25:19.971468
288,1,click,2025-07-29 17:25:19.971468
388,130,click,2025-08-14 17:25:19.971468
50,27,purchase,2025-10-13 17:25:19.971468
338,2,click,2025-07-09 17:25:19.971468
5,250,click,2025-10-15 17:25:19.971468
404,222,click,2025-08-05 17:25:19.971468
343,138,click,2025-08-18 17:25:19.971468
126,275,click,2025-11-02 17:25:19.971468
75,141,click,2025-07-12 17:25:19.971468
165,256,click,2025-11-13 17:25:19.971468
278,95,add_to_cart,2025-09-20 17:25:19.971468
442,173,click,2025-09-07 17:25:19.971468
324,57,add_to_cart,2025-12-03 17:25:19.971468
477,102,click,2025-10-27 17:25:19.971468
300,169,click,2025-08-08 17:25:19.971468
290,70,click,2025-07-13 17:25:19.971468
77,49,add_to_cart,2025-11-28 17:25:19.971468
298,5,add_to_cart,2025-10-11 17:25:19.971468
137,202,click,2025-06-25 17:25:19.971468
106,202,add_to_cart,2025-07-24 17:25:19.971468
95,179,purchase,2025-07-08 17:25:19.971468
135,57,click,2025-09-08 17:25:19.971468
68,186,add_to_cart,2025-11-13 17:25:19.971468
147,92,click,2025-09-11 17:25:19.971468
490,292,click,2025-09-23 17:25:19.971468
478,227,click,2025-07-11 17:25:19.971468
159,112,purchase,2025-11-24 17:25:19.971468
384,148,click,2025-08-13 17:25:19.971468
163,269,purchase,2025-06-25 17:25:19.971468
441,203,add_to_cart,2025-11-02 17:25:19.971468
341,56,click,2025-10-02 17:25:19.971468
189,185,click,2025-08-24 17:25:19.971468
415,54,add_to_cart,2025-07-07 17:25:19.971468
339,37,click,2025-11-18 17:25:19.971468
95,211,click,2025-07-06 17:25:19.971468
181,293,add_to_cart,2025-12-07 17:25:19.971468
288,270,add_to_cart,2025-08-31 17:25:19.971468
322,220,add_to_cart,2025-11-24 17:25:19.971468
187,228,click,2025-09-22 17:25:19.971468
372,211,click,2025-11-21 17:25:19.971468
138,298,purchase,2025-09-26 17:25:19.971468
130,1,purchase,2025-09-28 17:25:19.971468
194,23,click,2025-06-30 17:25:19.971468
316,284,add_to_cart,2025-12-09 17:25:19.971468
472,188,click,2025-10-18 17:25:19.971468
273,18,click,2025-11-13 17:25:19.971468
352,49,click,2025-09-07 17:25:19.971468
144,47,click,2025-09-03 17:25:19.971468
16,115,purchase,2025-10-17 17:25:19.971468
302,39,click,2025-09-26 17:25:19.971468
423,217,click,2025-08-16 17:25:19.971468
245,210,add_to_cart,2025-10-19 17:25:19.971468
415,262,add_to_cart,2025-11-02 17:25:19.971468
107,211,click,2025-08-17 17:25:19.971468
88,53,add_to_cart,2025-10-29 17:25:19.971468
129,281,add_to_cart,2025-08-13 17:25:19.971468
395,133,add_to_cart,2025-07-04 17:25:19.971468
375,264,add_to_cart,2025-07-16 17:25:19.971468
341,295,click,2025-07-16 17:25:19.971468
4,111,click,2025-10-20 17:25:19.972871
327,43,add_to_cart,2025-12-03 17:25:19.972871
410,238,purchase,2025-09-30 17:25:19.972871
367,247,click,2025-12-04 17:25:19.972871
306,4,click,2025-08-30 17:25:19.972871
396,173,purchase,2025-08-22 17:25:19.972871
95,193,click,2025-11-18 17:25:19.972871
209,3,click,2025-08-22 17:25:19.972871
225,278,click,2025-11-04 17:25:19.972871
459,56,click,2025-09-27 17:25:19.972871
348,274,click,2025-11-08 17:25:19.972871
480,176,click,2025-09-26 17:25:19.972871
321,116,click,2025-08-29 17:25:19.972871
47,84,purchase,2025-08-24 17:25:19.972871
476,159,purchase,2025-08-30 17:25:19.972871
181,286,purchase,2025-08-05 17:25:19.972871
106,80,purchase,2025-09-23 17:25:19.972871
199,66,add_to_cart,2025-06-23 17:25:19.972871
386,209,click,2025-07-06 17:25:19.972871
106,10,click,2025-10-29 17:25:19.972871
280,199,click,2025-12-02 17:25:19.972871
260,59,click,2025-10-23 17:25:19.972871
108,234,click,2025-07-15 17:25:19.972871
19,244,purchase,2025-08-20 17:25:19.972871
410,54,click,2025-08-29 17:25:19.972871
459,9,click,2025-06-28 17:25:19.972871
296,101,add_to_cart,2025-11-04 17:25:19.972871
306,295,click,2025-09-12 17:25:19.972871
171,203,purchase,2025-07-23 17:25:19.972871
331,153,click,2025-09-04 17:25:19.972871
493,110,click,2025-10-27 17:25:19.972871
195,266,purchase,2025-08-13 17:25:19.972871
12,152,add_to_cart,2025-09-21 17:25:19.972871
195,83,click,2025-07-20 17:25:19.972871
490,134,click,2025-07-07 17:25:19.972871
283,160,add_to_cart,2025-11-06 17:25:19.972871
369,39,click,2025-08-19 17:25:19.972871
182,176,purchase,2025-08-27 17:25:19.972871
450,13,purchase,2025-11-16 17:25:19.972871
305,67,click,2025-08-21 17:25:19.972871
144,248,add_to_cart,2025-11-21 17:25:19.972871
386,41,purchase,2025-11-17 17:25:19.972871
316,184,click,2025-10-10 17:25:19.972871
182,35,purchase,2025-10-30 17:25:19.972871
30,290,add_to_cart,2025-09-02 17:25:19.972871
84,76,click,2025-07-24 17:25:19.972871
166,70,add_to_cart,2025-06-22 17:25:19.972871
284,234,click,2025-08-29 17:25:19.972871
281,11,click,2025-10-27 17:25:19.972871
96,283,add_to_cart,2025-09-17 17:25:19.972871
381,24,click,2025-08-05 17:25:19.972871
266,274,add_to_cart,2025-12-03 17:25:19.972871
444,27,click,2025-11-07 17:25:19.972871
298,54,click,2025-06-26 17:25:19.972871
296,55,add_to_cart,2025-11-29 17:25:19.972871
225,233,purchase,2025-09-08 17:25:19.972871
333,277,purchase,2025-09-27 17:25:19.972871
361,120,purchase,2025-10-18 17:25:19.972871
374,225,click,2025-09-11 17:25:19.972871
42,58,add_to_cart,2025-08-16 17:25:19.972871
303,255,click,2025-08-02 17:25:19.972871
421,176,click,2025-11-16 17:25:19.972871
246,54,click,2025-08-07 17:25:19.972871
208,146,purchase,2025-07-24 17:25:19.972871
237,259,click,2025-08-15 17:25:19.972871
22,152,click,2025-10-26 17:25:19.972871
185,262,click,2025-07-17 17:25:19.972871
468,19,click,2025-09-27 17:25:19.972871
242,171,purchase,2025-10-03 17:25:19.972871
363,197,click,2025-08-15 17:25:19.972871
283,73,click,2025-08-27 17:25:19.972871
41,85,click,2025-08-26 17:25:19.972871
336,284,click,2025-06-22 17:25:19.972871
162,132,click,2025-11-26 17:25:19.972871
160,120,click,2025-11-17 17:25:19.972871
474,216,click,2025-12-06 17:25:19.972871
89,136,click,2025-12-07 17:25:19.972871
322,116,add_to_cart,2025-08-30 17:25:19.972871
12,61,purchase,2025-10-14 17:25:19.972871
424,17,click,2025-11-13 17:25:19.972871
73,34,click,2025-07-17 17:25:19.972871
76,20,add_to_cart,2025-09-27 17:25:19.972871
346,208,click,2025-11-14 17:25:19.972871
201,162,click,2025-12-12 17:25:19.972871
10,299,click,2025-09-29 17:25:19.972871
352,10,purchase,2025-08-12 17:25:19.972871
226,94,add_to_cart,2025-08-19 17:25:19.972871
176,107,click,2025-11-24 17:25:19.972871
276,105,click,2025-07-18 17:25:19.972871
39,71,click,2025-11-20 17:25:19.972871
60,84,click,2025-10-28 17:25:19.972871
66,209,click,2025-06-27 17:25:19.972871
321,259,add_to_cart,2025-07-19 17:25:19.972871
435,239,click,2025-08-30 17:25:19.972871
124,232,click,2025-06-29 17:25:19.972871
164,282,click,2025-10-25 17:25:19.972871
408,206,click,2025-07-24 17:25:19.972871
411,264,purchase,2025-07-27 17:25:19.972871
386,185,click,2025-10-13 17:25:19.972871
159,114,click,2025-06-26 17:25:19.972871
57,79,click,2025-07-11 17:25:19.972871
78,50,click,2025-07-28 17:25:19.972871
194,95,purchase,2025-07-15 17:25:19.972871
285,258,click,2025-07-09 17:25:19.972871
15,62,click,2025-06-25 17:25:19.972871
12,142,click,2025-10-26 17:25:19.972871
101,222,add_to_cart,2025-11-12 17:25:19.972871
156,111,add_to_cart,2025-08-30 17:25:19.972871
340,104,add_to_cart,2025-08-22 17:25:19.972871
125,15,click,2025-11-18 17:25:19.972871
359,270,purchase,2025-11-27 17:25:19.972871
280,159,click,2025-06-23 17:25:19.972871
405,157,click,2025-09-09 17:25:19.972871
394,27,add_to_cart,2025-10-05 17:25:19.972871
110,85,click,2025-07-07 17:25:19.972871
334,9,click,2025-09-01 17:25:19.972871
357,276,click,2025-07-25 17:25:19.972871
146,227,click,2025-10-06 17:25:19.972871
216,186,click,2025-11-19 17:25:19.972871
398,79,add_to_cart,2025-10-26 17:25:19.972871
162,216,click,2025-09-23 17:25:19.972871
128,57,add_to_cart,2025-10-23 17:25:19.972871
314,144,purchase,2025-08-15 17:25:19.972871
332,67,click,2025-11-29 17:25:19.972871
150,275,click,2025-10-05 17:25:19.972871
454,105,purchase,2025-08-24 17:25:19.972871
36,188,add_to_cart,2025-09-12 17:25:19.972871
173,164,click,2025-08-09 17:25:19.972871
420,267,click,2025-09-02 17:25:19.972871
22,51,add_to_cart,2025-12-02 17:25:19.972871
206,126,click,2025-08-03 17:25:19.972871
127,80,add_to_cart,2025-10-13 17:25:19.972871
336,183,click,2025-08-02 17:25:19.972871
445,17,add_to_cart,2025-07-17 17:25:19.972871
356,170,click,2025-08-09 17:25:19.972871
440,280,add_to_cart,2025-10-08 17:25:19.972871
217,214,purchase,2025-11-14 17:25:19.972871
96,198,click,2025-12-15 17:25:19.972871
417,7,add_to_cart,2025-06-29 17:25:19.972871
429,11,click,2025-08-01 17:25:19.972871
164,12,click,2025-10-03 17:25:19.972871
148,110,purchase,2025-07-17 17:25:19.972871
18,133,click,2025-09-02 17:25:19.972871
294,128,click,2025-08-24 17:25:19.972871
195,148,click,2025-07-22 17:25:19.972871
151,54,click,2025-10-26 17:25:19.972871
480,79,add_to_cart,2025-09-26 17:25:19.972871
365,97,click,2025-12-14 17:25:19.972871
123,249,click,2025-12-06 17:25:19.972871
400,127,click,2025-09-04 17:25:19.972871
187,30,click,2025-08-04 17:25:19.972871
453,24,click,2025-10-11 17:25:19.972871
452,201,add_to_cart,2025-12-08 17:25:19.972871
149,131,click,2025-10-09 17:25:19.972871
104,122,click,2025-10-27 17:25:19.972871
243,150,add_to_cart,2025-09-12 17:25:19.972871
462,14,click,2025-11-10 17:25:19.972871
231,29,click,2025-08-02 17:25:19.972871
479,50,add_to_cart,2025-09-12 17:25:19.972871
206,240,click,2025-07-24 17:25:19.972871
198,283,click,2025-09-29 17:25:19.972871
396,156,click,2025-08-02 17:25:19.972871
400,137,click,2025-08-16 17:25:19.972871
337,154,click,2025-09-18 17:25:19.972871
493,81,purchase,2025-11-03 17:25:19.972871
87,87,click,2025-10-14 17:25:19.972871
142,264,add_to_cart,2025-09-26 17:25:19.972871
317,258,purchase,2025-08-25 17:25:19.972871
199,185,add_to_cart,2025-12-04 17:25:19.972871
46,180,click,2025-09-23 17:25:19.972871
288,186,click,2025-09-09 17:25:19.972871
15,123,click,2025-10-21 17:25:19.972871
44,96,add_to_cart,2025-10-28 17:25:19.972871
401,93,click,2025-06-19 17:25:19.972871
169,3,purchase,2025-07-30 17:25:19.972871
310,2,click,2025-11-19 17:25:19.972871
495,148,add_to_cart,2025-08-01 17:25:19.972871
44,285,click,2025-09-25 17:25:19.972871
98,145,purchase,2025-11-10 17:25:19.972871
261,262,click,2025-06-25 17:25:19.972871
109,62,add_to_cart,2025-08-20 17:25:19.972871
283,226,click,2025-07-12 17:25:19.972871
372,31,add_to_cart,2025-09-28 17:25:19.972871
343,190,add_to_cart,2025-11-05 17:25:19.972871
104,268,click,2025-11-18 17:25:19.973912
256,12,click,2025-07-17 17:25:19.973912
379,191,click,2025-09-06 17:25:19.973912
206,25,click,2025-07-25 17:25:19.973912
335,91,add_to_cart,2025-11-24 17:25:19.973912
43,88,click,2025-10-30 17:25:19.973912
353,274,click,2025-11-29 17:25:19.973912
245,111,add_to_cart,2025-08-09 17:25:19.973912
287,80,click,2025-07-10 17:25:19.973912
355,140,purchase,2025-09-18 17:25:19.973912
273,214,click,2025-12-04 17:25:19.973912
476,18,click,2025-11-26 17:25:19.973912
83,54,click,2025-07-22 17:25:19.973912
110,97,click,2025-12-11 17:25:19.973912
438,283,click,2025-12-01 17:25:19.973912
190,234,click,2025-11-21 17:25:19.973912
471,240,click,2025-07-06 17:25:19.973912
288,54,click,2025-08-30 17:25:19.973912
424,87,click,2025-10-22 17:25:19.973912
397,261,click,2025-10-14 17:25:19.973912
251,236,add_to_cart,2025-10-30 17:25:19.973912
212,123,purchase,2025-08-22 17:25:19.973912
291,54,purchase,2025-10-13 17:25:19.973912
133,216,purchase,2025-11-24 17:25:19.973912
201,197,add_to_cart,2025-09-01 17:25:19.973912
285,39,click,2025-09-30 17:25:19.973912
326,228,click,2025-10-03 17:25:19.973912
409,237,click,2025-09-27 17:25:19.973912
95,132,add_to_cart,2025-08-11 17:25:19.973912
278,168,purchase,2025-08-08 17:25:19.973912
450,37,click,2025-08-12 17:25:19.973912
429,67,click,2025-08-24 17:25:19.973912
325,111,add_to_cart,2025-08-23 17:25:19.973912
219,219,click,2025-07-16 17:25:19.973912
89,209,click,2025-10-16 17:25:19.973912
72,87,click,2025-12-11 17:25:19.973912
247,179,purchase,2025-11-18 17:25:19.973912
129,13,click,2025-09-26 17:25:19.973912
212,300,click,2025-12-01 17:25:19.973912
428,125,click,2025-08-18 17:25:19.973912
343,233,click,2025-11-08 17:25:19.973912
96,251,click,2025-07-18 17:25:19.973912
75,126,click,2025-12-02 17:25:19.973912
423,235,click,2025-11-14 17:25:19.973912
495,138,click,2025-11-02 17:25:19.973912
54,49,click,2025-09-15 17:25:19.973912
344,186,click,2025-08-20 17:25:19.973912
459,205,purchase,2025-08-22 17:25:19.973912
413,78,click,2025-08-15 17:25:19.973912
54,194,click,2025-08-22 17:25:19.973912
218,103,purchase,2025-09-05 17:25:19.973912
16,105,click,2025-12-12 17:25:19.973912
99,287,click,2025-08-23 17:25:19.973912
20,211,click,2025-10-18 17:25:19.973912
46,250,add_to_cart,2025-10-02 17:25:19.973912
451,293,add_to_cart,2025-07-12 17:25:19.973912
193,201,click,2025-07-22 17:25:19.973912
383,24,add_to_cart,2025-07-24 17:25:19.973912
58,300,click,2025-12-12 17:25:19.973912
437,83,purchase,2025-06-27 17:25:19.973912
111,297,click,2025-12-12 17:25:19.973912
129,179,add_to_cart,2025-07-29 17:25:19.973912
337,298,click,2025-10-30 17:25:19.973912
194,206,click,2025-08-03 17:25:19.973912
413,40,click,2025-07-29 17:25:19.973912
340,113,add_to_cart,2025-10-06 17:25:19.973912
326,4,add_to_cart,2025-10-23 17:25:19.973912
8,108,click,2025-10-14 17:25:19.973912
29,114,add_to_cart,2025-07-26 17:25:19.973912
112,167,add_to_cart,2025-07-04 17:25:19.973912
435,261,add_to_cart,2025-10-21 17:25:19.973912
161,106,click,2025-10-04 17:25:19.973912
131,224,click,2025-09-10 17:25:19.973912
188,262,click,2025-09-05 17:25:19.973912
163,251,click,2025-09-27 17:25:19.973912
197,14,add_to_cart,2025-11-15 17:25:19.973912
475,198,add_to_cart,2025-12-01 17:25:19.973912
364,126,add_to_cart,2025-08-08 17:25:19.973912
204,206,click,2025-12-03 17:25:19.973912
212,140,add_to_cart,2025-12-11 17:25:19.973912
109,62,click,2025-06-23 17:25:19.973912
276,283,purchase,2025-07-08 17:25:19.973912
73,54,click,2025-11-14 17:25:19.973912
167,12,add_to_cart,2025-09-01 17:25:19.973912
260,136,add_to_cart,2025-11-25 17:25:19.973912
243,144,purchase,2025-11-05 17:25:19.973912
275,282,click,2025-09-20 17:25:19.973912
102,136,click,2025-07-03 17:25:19.973912
475,221,click,2025-07-08 17:25:19.973912
173,209,click,2025-08-02 17:25:19.973912
171,123,add_to_cart,2025-11-10 17:25:19.973912
141,116,purchase,2025-11-13 17:25:19.973912
397,157,click,2025-11-17 17:25:19.973912
188,270,click,2025-09-12 17:25:19.973912
441,17,purchase,2025-10-20 17:25:19.973912
86,269,click,2025-10-05 17:25:19.973912
476,219,click,2025-09-17 17:25:19.973912
52,238,purchase,2025-08-24 17:25:19.973912
111,33,purchase,2025-06-19 17:25:19.973912
437,285,click,2025-08-23 17:25:19.973912
365,37,click,2025-06-28 17:25:19.973912
342,103,click,2025-08-12 17:25:19.973912
43,211,click,2025-08-14 17:25:19.973912
211,280,click,2025-07-15 17:25:19.973912
456,142,click,2025-08-22 17:25:19.973912
500,239,add_to_cart,2025-09-04 17:25:19.973912
200,229,add_to_cart,2025-12-14 17:25:19.973912
298,133,add_to_cart,2025-09-17 17:25:19.973912
346,125,click,2025-11-28 17:25:19.973912
240,53,click,2025-06-21 17:25:19.973912
115,88,add_to_cart,2025-11-01 17:25:19.973912
26,98,add_to_cart,2025-12-01 17:25:19.973912
407,95,add_to_cart,2025-08-03 17:25:19.973912
299,188,purchase,2025-07-14 17:25:19.973912
77,256,purchase,2025-11-06 17:25:19.973912
412,73,click,2025-11-29 17:25:19.973912
137,282,click,2025-07-09 17:25:19.973912
20,18,click,2025-07-25 17:25:19.973912
440,164,add_to_cart,2025-09-29 17:25:19.973912
211,146,click,2025-09-02 17:25:19.973912
240,253,add_to_cart,2025-09-25 17:25:19.973912
39,160,click,2025-09-21 17:25:19.973912
435,49,add_to_cart,2025-06-19 17:25:19.973912
268,176,click,2025-09-27 17:25:19.973912
207,65,click,2025-10-28 17:25:19.973912
479,289,purchase,2025-10-28 17:25:19.973912
439,50,click,2025-07-15 17:25:19.973912
462,4,click,2025-06-20 17:25:19.973912
267,119,click,2025-11-03 17:25:19.973912
154,164,purchase,2025-10-07 17:25:19.973912
42,223,add_to_cart,2025-10-06 17:25:19.973912
411,156,purchase,2025-12-07 17:25:19.973912
11,262,purchase,2025-06-27 17:25:19.973912
294,173,add_to_cart,2025-09-17 17:25:19.973912
98,23,click,2025-12-14 17:25:19.973912
427,61,click,2025-07-05 17:25:19.973912
275,134,click,2025-12-13 17:25:19.973912
448,24,click,2025-07-20 17:25:19.973912
390,293,add_to_cart,2025-12-07 17:25:19.973912
430,45,click,2025-12-04 17:25:19.973912
372,179,click,2025-07-04 17:25:19.973912
230,63,click,2025-07-04 17:25:19.973912
369,29,click,2025-09-03 17:25:19.973912
426,96,add_to_cart,2025-10-21 17:25:19.973912
220,266,click,2025-09-02 17:25:19.973912
65,291,add_to_cart,2025-10-14 17:25:19.973912
355,55,click,2025-07-15 17:25:19.973912
232,153,purchase,2025-10-31 17:25:19.973912
328,219,click,2025-10-17 17:25:19.973912
443,173,click,2025-11-14 17:25:19.973912
52,96,add_to_cart,2025-09-16 17:25:19.973912
374,123,click,2025-06-24 17:25:19.973912
431,12,click,2025-10-16 17:25:19.973912
376,4,click,2025-09-13 17:25:19.973912
263,67,click,2025-08-06 17:25:19.973912
267,145,purchase,2025-08-08 17:25:19.973912
359,65,click,2025-07-18 17:25:19.973912
317,82,add_to_cart,2025-10-22 17:25:19.973912
324,105,click,2025-11-05 17:25:19.973912
409,181,click,2025-07-04 17:25:19.973912
396,105,click,2025-07-30 17:25:19.973912
154,226,purchase,2025-07-05 17:25:19.973912
358,28,click,2025-12-01 17:25:19.973912
366,16,purchase,2025-09-06 17:25:19.973912
140,277,click,2025-10-10 17:25:19.973912
427,298,add_to_cart,2025-08-26 17:25:19.973912
51,54,purchase,2025-07-11 17:25:19.973912
117,288,click,2025-10-20 17:25:19.973912
421,114,add_to_cart,2025-11-13 17:25:19.973912
46,38,click,2025-10-12 17:25:19.973912
309,230,click,2025-12-15 17:25:19.973912
88,166,click,2025-08-07 17:25:19.973912
208,182,add_to_cart,2025-12-07 17:25:19.973912
377,205,click,2025-11-14 17:25:19.973912
269,245,click,2025-09-30 17:25:19.973912
89,121,purchase,2025-11-01 17:25:19.973912
381,259,click,2025-09-12 17:25:19.973912
118,210,click,2025-11-25 17:25:19.973912
54,296,purchase,2025-11-23 17:25:19.973912
441,194,click,2025-07-15 17:25:19.973912
116,68,click,2025-08-21 17:25:19.973912
118,114,add_to_cart,2025-09-03 17:25:19.974912
260,220,click,2025-11-16 17:25:19.974912
75,220,click,2025-08-23 17:25:19.974912
480,218,click,2025-10-08 17:25:19.974912
305,237,add_to_cart,2025-07-17 17:25:19.974912
7,298,click,2025-10-03 17:25:19.974912
366,94,click,2025-10-13 17:25:19.974912
122,253,click,2025-07-06 17:25:19.974912
11,215,click,2025-07-19 17:25:19.974912
348,258,add_to_cart,2025-11-07 17:25:19.974912
438,240,click,2025-10-22 17:25:19.974912
489,214,add_to_cart,2025-12-09 17:25:19.974912
215,98,click,2025-11-07 17:25:19.974912
429,16,click,2025-07-21 17:25:19.974912
279,154,click,2025-09-03 17:25:19.974912
498,16,click,2025-09-11 17:25:19.974912
28,198,click,2025-07-26 17:25:19.974912
235,108,add_to_cart,2025-07-20 17:25:19.974912
367,23,add_to_cart,2025-11-12 17:25:19.974912
313,42,click,2025-11-11 17:25:19.974912
26,37,add_to_cart,2025-08-23 17:25:19.974912
409,165,purchase,2025-12-11 17:25:19.974912
54,116,click,2025-10-21 17:25:19.974912
29,150,click,2025-09-24 17:25:19.974912
467,6,add_to_cart,2025-12-09 17:25:19.974912
353,32,click,2025-10-24 17:25:19.974912
164,145,add_to_cart,2025-06-27 17:25:19.974912
270,294,purchase,2025-09-01 17:25:19.974912
334,293,click,2025-11-04 17:25:19.974912
35,177,add_to_cart,2025-11-28 17:25:19.974912
286,177,click,2025-12-10 17:25:19.974912
348,61,click,2025-08-06 17:25:19.974912
273,77,click,2025-07-27 17:25:19.974912
451,86,click,2025-06-30 17:25:19.974912
208,191,click,2025-06-24 17:25:19.974912
238,7,click,2025-09-10 17:25:19.974912
414,85,add_to_cart,2025-10-24 17:25:19.974912
500,262,click,2025-11-25 17:25:19.974912
93,259,click,2025-07-28 17:25:19.974912
173,47,click,2025-07-26 17:25:19.974912
79,94,click,2025-09-08 17:25:19.974912
110,224,click,2025-06-26 17:25:19.974912
217,279,add_to_cart,2025-09-23 17:25:19.974912
435,3,click,2025-06-25 17:25:19.974912
358,129,add_to_cart,2025-08-07 17:25:19.974912
106,249,click,2025-07-24 17:25:19.974912
47,229,add_to_cart,2025-07-24 17:25:19.974912
181,131,click,2025-11-26 17:25:19.974912
64,228,click,2025-12-12 17:25:19.974912
246,177,add_to_cart,2025-10-02 17:25:19.974912
244,31,click,2025-12-01 17:25:19.974912
422,66,add_to_cart,2025-10-20 17:25:19.974912
320,206,add_to_cart,2025-06-26 17:25:19.974912
87,101,click,2025-11-19 17:25:19.974912
217,31,purchase,2025-11-26 17:25:19.974912
490,191,add_to_cart,2025-08-30 17:25:19.974912
7,66,click,2025-09-28 17:25:19.974912
278,235,click,2025-08-04 17:25:19.974912
337,278,click,2025-11-28 17:25:19.974912
210,202,click,2025-09-21 17:25:19.974912
497,225,click,2025-10-28 17:25:19.974912
169,83,add_to_cart,2025-07-17 17:25:19.974912
330,46,add_to_cart,2025-12-05 17:25:19.974912
138,89,add_to_cart,2025-07-23 17:25:19.974912
441,186,add_to_cart,2025-11-11 17:25:19.974912
391,189,click,2025-10-22 17:25:19.974912
496,246,click,2025-09-12 17:25:19.974912
381,46,add_to_cart,2025-11-18 17:25:19.974912
306,257,click,2025-09-19 17:25:19.974912
230,61,add_to_cart,2025-07-05 17:25:19.974912
475,105,click,2025-08-29 17:25:19.974912
308,14,click,2025-11-22 17:25:19.974912
161,77,click,2025-07-08 17:25:19.974912
1,230,click,2025-08-22 17:25:19.974912
236,167,click,2025-07-04 17:25:19.974912
437,66,click,2025-07-28 17:25:19.974912
188,32,click,2025-11-30 17:25:19.974912
418,96,click,2025-08-26 17:25:19.974912
4,58,click,2025-06-28 17:25:19.974912
401,104,click,2025-10-04 17:25:19.974912
132,134,purchase,2025-10-27 17:25:19.974912
427,217,click,2025-08-27 17:25:19.974912
218,67,click,2025-12-03 17:25:19.974912
260,178,add_to_cart,2025-10-06 17:25:19.974912
1,247,purchase,2025-07-06 17:25:19.974912
71,294,click,2025-11-11 17:25:19.974912
478,235,click,2025-11-22 17:25:19.974912
178,131,click,2025-11-07 17:25:19.974912
457,112,click,2025-07-22 17:25:19.974912
189,54,add_to_cart,2025-06-27 17:25:19.974912
291,290,purchase,2025-08-12 17:25:19.974912
8,239,add_to_cart,2025-06-25 17:25:19.974912
253,240,purchase,2025-06-26 17:25:19.974912
408,295,click,2025-07-09 17:25:19.974912
467,112,purchase,2025-12-11 17:25:19.974912
292,88,click,2025-10-01 17:25:19.974912
434,228,click,2025-09-03 17:25:19.974912
244,290,add_to_cart,2025-08-04 17:25:19.974912
123,208,click,2025-09-25 17:25:19.974912
299,274,click,2025-12-09 17:25:19.974912
283,70,add_to_cart,2025-12-01 17:25:19.974912
32,220,click,2025-10-04 17:25:19.974912
334,231,click,2025-11-26 17:25:19.974912
377,290,click,2025-10-18 17:25:19.974912
146,255,add_to_cart,2025-12-12 17:25:19.974912
156,142,click,2025-09-01 17:25:19.974912
413,69,click,2025-11-06 17:25:19.974912
16,89,click,2025-10-12 17:25:19.974912
355,136,add_to_cart,2025-11-11 17:25:19.974912
47,143,add_to_cart,2025-11-02 17:25:19.974912
251,187,click,2025-12-09 17:25:19.974912
187,11,click,2025-07-19 17:25:19.974912
31,148,click,2025-11-23 17:25:19.974912
260,292,click,2025-10-12 17:25:19.974912
421,38,click,2025-09-19 17:25:19.974912
17,208,click,2025-11-26 17:25:19.974912
39,210,add_to_cart,2025-11-14 17:25:19.974912
304,1,purchase,2025-09-10 17:25:19.974912
430,65,click,2025-07-05 17:25:19.974912
474,1,click,2025-07-23 17:25:19.974912
432,243,click,2025-09-10 17:25:19.974912
39,25,click,2025-07-08 17:25:19.974912
489,50,click,2025-10-08 17:25:19.974912
132,241,click,2025-09-25 17:25:19.974912
30,32,click,2025-12-07 17:25:19.974912
158,33,click,2025-11-04 17:25:19.974912
278,200,add_to_cart,2025-08-11 17:25:19.974912
203,234,click,2025-08-28 17:25:19.974912
66,26,click,2025-08-06 17:25:19.974912
108,42,click,2025-06-25 17:25:19.974912
268,61,add_to_cart,2025-10-05 17:25:19.974912
222,41,click,2025-07-17 17:25:19.974912
292,130,click,2025-10-05 17:25:19.974912
18,198,add_to_cart,2025-08-14 17:25:19.974912
90,287,add_to_cart,2025-11-23 17:25:19.974912
181,151,add_to_cart,2025-08-31 17:25:19.974912
255,204,click,2025-09-09 17:25:19.974912
455,182,add_to_cart,2025-07-26 17:25:19.974912
253,207,add_to_cart,2025-10-26 17:25:19.974912
257,147,add_to_cart,2025-08-15 17:25:19.974912
383,204,click,2025-10-27 17:25:19.974912
442,48,click,2025-06-24 17:25:19.974912
346,258,add_to_cart,2025-09-24 17:25:19.974912
87,139,purchase,2025-11-21 17:25:19.974912
90,172,add_to_cart,2025-11-07 17:25:19.974912
237,101,add_to_cart,2025-10-09 17:25:19.974912
390,187,click,2025-06-25 17:25:19.974912
70,294,click,2025-10-05 17:25:19.974912
44,21,add_to_cart,2025-08-19 17:25:19.974912
200,298,add_to_cart,2025-09-01 17:25:19.974912
152,10,add_to_cart,2025-12-03 17:25:19.974912
86,187,purchase,2025-07-03 17:25:19.974912
19,133,click,2025-11-10 17:25:19.974912
101,33,click,2025-07-04 17:25:19.974912
402,69,purchase,2025-06-29 17:25:19.974912
95,80,click,2025-08-18 17:25:19.974912
254,191,add_to_cart,2025-08-29 17:25:19.974912
357,101,purchase,2025-08-14 17:25:19.974912
30,285,click,2025-11-27 17:25:19.974912
249,221,add_to_cart,2025-11-09 17:25:19.974912
426,53,click,2025-09-06 17:25:19.974912
33,160,add_to_cart,2025-09-22 17:25:19.974912
458,42,click,2025-11-07 17:25:19.974912
229,47,add_to_cart,2025-07-15 17:25:19.974912
12,159,add_to_cart,2025-11-04 17:25:19.974912
118,184,click,2025-10-24 17:25:19.974912
350,246,add_to_cart,2025-10-27 17:25:19.974912
155,11,purchase,2025-09-02 17:25:19.974912
423,154,add_to_cart,2025-08-31 17:25:19.974912
393,220,purchase,2025-07-12 17:25:19.974912
246,155,click,2025-08-08 17:25:19.974912
405,283,click,2025-11-28 17:25:19.974912
332,187,click,2025-10-17 17:25:19.974912
247,62,purchase,2025-08-22 17:25:19.974912
29,148,click,2025-07-27 17:25:19.974912
161,144,click,2025-08-20 17:25:19.974912
235,103,click,2025-07-01 17:25:19.974912
190,300,click,2025-11-16 17:25:19.974912
117,93,purchase,2025-11-17 17:25:19.974912
271,286,click,2025-07-12 17:25:19.975912
258,119,purchase,2025-11-27 17:25:19.975912
180,29,click,2025-09-17 17:25:19.975912
487,30,purchase,2025-08-28 17:25:19.975912
373,288,click,2025-10-19 17:25:19.975912
172,138,click,2025-08-22 17:25:19.975912
438,51,click,2025-11-06 17:25:19.975912
274,292,click,2025-12-07 17:25:19.975912
259,234,click,2025-08-17 17:25:19.975912
135,55,click,2025-08-28 17:25:19.975912
171,292,click,2025-08-30 17:25:19.975912
210,240,click,2025-07-10 17:25:19.975912
236,36,add_to_cart,2025-09-29 17:25:19.975912
422,89,click,2025-09-12 17:25:19.975912
421,212,add_to_cart,2025-07-26 17:25:19.975912
186,245,purchase,2025-11-12 17:25:19.975912
417,87,click,2025-10-15 17:25:19.975912
364,240,click,2025-10-03 17:25:19.975912
443,188,click,2025-10-20 17:25:19.975912
95,57,click,2025-07-20 17:25:19.975912
378,113,add_to_cart,2025-09-04 17:25:19.975912
11,223,click,2025-10-23 17:25:19.975912
68,70,click,2025-07-04 17:25:19.975912
379,227,click,2025-07-01 17:25:19.975912
210,256,add_to_cart,2025-11-26 17:25:19.975912
196,180,add_to_cart,2025-08-29 17:25:19.975912
369,184,purchase,2025-07-23 17:25:19.975912
98,191,purchase,2025-06-27 17:25:19.975912
93,232,click,2025-11-29 17:25:19.975912
472,276,click,2025-11-04 17:25:19.975912
22,233,click,2025-07-13 17:25:19.975912
450,54,click,2025-11-25 17:25:19.975912
172,257,click,2025-07-04 17:25:19.975912
383,90,click,2025-07-18 17:25:19.975912
134,226,click,2025-08-27 17:25:19.975912
426,247,click,2025-10-29 17:25:19.975912
25,151,purchase,2025-10-18 17:25:19.975912
185,113,purchase,2025-08-10 17:25:19.975912
85,269,click,2025-08-26 17:25:19.975912
55,157,click,2025-10-25 17:25:19.975912
251,299,click,2025-11-29 17:25:19.975912
144,159,purchase,2025-11-08 17:25:19.975912
351,225,purchase,2025-08-09 17:25:19.975912
398,14,click,2025-10-02 17:25:19.975912
167,109,click,2025-07-08 17:25:19.975912
412,96,click,2025-09-12 17:25:19.975912
224,195,click,2025-11-02 17:25:19.975912
220,58,add_to_cart,2025-09-19 17:25:19.975912
179,294,click,2025-11-26 17:25:19.975912
119,154,purchase,2025-06-24 17:25:19.975912
433,64,click,2025-10-08 17:25:19.975912
265,158,add_to_cart,2025-06-29 17:25:19.975912
442,265,click,2025-07-15 17:25:19.975912
429,121,click,2025-10-28 17:25:19.975912
150,288,add_to_cart,2025-09-01 17:25:19.975912
416,11,purchase,2025-10-06 17:25:19.975912
453,214,add_to_cart,2025-11-28 17:25:19.975912
215,162,add_to_cart,2025-09-05 17:25:19.975912
197,105,add_to_cart,2025-09-12 17:25:19.975912
42,147,click,2025-12-07 17:25:19.975912
53,182,add_to_cart,2025-10-11 17:25:19.975912
480,37,add_to_cart,2025-10-17 17:25:19.975912
443,82,click,2025-08-30 17:25:19.975912
330,12,click,2025-11-09 17:25:19.975912
251,4,add_to_cart,2025-06-24 17:25:19.975912
295,43,add_to_cart,2025-11-17 17:25:19.975912
378,51,click,2025-10-14 17:25:19.975912
271,261,add_to_cart,2025-12-01 17:25:19.975912
455,134,add_to_cart,2025-12-07 17:25:19.975912
413,87,click,2025-09-27 17:25:19.975912
123,56,add_to_cart,2025-10-11 17:25:19.975912
367,217,click,2025-12-15 17:25:19.975912
387,68,click,2025-08-17 17:25:19.975912
339,44,click,2025-12-07 17:25:19.975912
266,143,purchase,2025-10-20 17:25:19.975912
348,42,click,2025-07-21 17:25:19.975912
29,139,add_to_cart,2025-08-17 17:25:19.975912
463,73,click,2025-12-14 17:25:19.975912
35,267,purchase,2025-12-15 17:25:19.975912
6,194,add_to_cart,2025-10-03 17:25:19.975912
396,155,purchase,2025-10-23 17:25:19.975912
111,246,add_to_cart,2025-11-27 17:25:19.975912
294,218,add_to_cart,2025-11-28 17:25:19.975912
77,253,click,2025-11-22 17:25:19.975912
349,277,click,2025-08-11 17:25:19.975912
147,277,click,2025-10-25 17:25:19.975912
67,72,add_to_cart,2025-11-26 17:25:19.975912
392,129,click,2025-07-30 17:25:19.975912
8,186,click,2025-10-04 17:25:19.975912
122,13,purchase,2025-11-30 17:25:19.975912
340,220,add_to_cart,2025-07-28 17:25:19.975912
175,6,purchase,2025-12-10 17:25:19.975912
388,239,click,2025-11-21 17:25:19.975912
179,112,click,2025-10-14 17:25:19.975912
85,228,click,2025-06-24 17:25:19.975912
451,17,click,2025-12-01 17:25:19.975912
45,73,click,2025-10-23 17:25:19.975912
136,12,click,2025-06-28 17:25:19.975912
343,86,click,2025-08-10 17:25:19.975912
16,180,click,2025-12-02 17:25:19.975912
333,122,click,2025-11-12 17:25:19.975912
195,204,click,2025-08-08 17:25:19.975912
496,70,add_to_cart,2025-11-26 17:25:19.975912
9,108,add_to_cart,2025-09-01 17:25:19.975912
316,201,add_to_cart,2025-11-30 17:25:19.975912
334,52,click,2025-07-11 17:25:19.975912
333,37,purchase,2025-09-04 17:25:19.975912
327,117,purchase,2025-10-26 17:25:19.975912
15,259,click,2025-08-07 17:25:19.975912
327,264,click,2025-09-30 17:25:19.975912
102,64,click,2025-08-10 17:25:19.975912
226,42,add_to_cart,2025-06-20 17:25:19.975912
425,43,click,2025-08-17 17:25:19.975912
278,125,purchase,2025-10-31 17:25:19.975912
408,270,click,2025-11-06 17:25:19.975912
113,233,purchase,2025-11-17 17:25:19.975912
485,132,purchase,2025-07-18 17:25:19.975912
428,2,purchase,2025-07-24 17:25:19.975912
1,115,click,2025-09-14 17:25:19.975912
266,1,click,2025-10-08 17:25:19.975912
491,65,add_to_cart,2025-09-22 17:25:19.975912
208,125,add_to_cart,2025-10-11 17:25:19.975912
110,256,click,2025-07-18 17:25:19.975912
200,143,add_to_cart,2025-10-02 17:25:19.975912
440,246,click,2025-07-18 17:25:19.975912
369,116,click,2025-08-03 17:25:19.975912
473,90,click,2025-06-28 17:25:19.975912
306,296,purchase,2025-11-12 17:25:19.975912
12,42,click,2025-09-05 17:25:19.975912
345,35,add_to_cart,2025-09-02 17:25:19.975912
465,41,click,2025-08-25 17:25:19.975912
188,124,add_to_cart,2025-10-26 17:25:19.975912
154,57,purchase,2025-06-27 17:25:19.975912
494,294,click,2025-10-07 17:25:19.975912
368,235,click,2025-10-11 17:25:19.975912
334,96,add_to_cart,2025-09-11 17:25:19.975912
425,132,purchase,2025-10-19 17:25:19.975912
420,176,click,2025-08-18 17:25:19.975912
377,52,click,2025-06-28 17:25:19.975912
279,38,click,2025-08-27 17:25:19.975912
171,5,click,2025-10-16 17:25:19.975912
134,213,click,2025-07-03 17:25:19.975912
495,120,purchase,2025-07-13 17:25:19.975912
453,209,click,2025-11-05 17:25:19.975912
427,217,click,2025-10-27 17:25:19.975912
25,24,purchase,2025-09-17 17:25:19.975912
18,205,click,2025-09-17 17:25:19.975912
190,226,add_to_cart,2025-10-08 17:25:19.975912
141,218,add_to_cart,2025-08-17 17:25:19.975912
43,211,click,2025-09-26 17:25:19.975912
334,26,click,2025-11-20 17:25:19.975912
284,252,click,2025-07-15 17:25:19.975912
146,3,click,2025-08-31 17:25:19.975912
315,2,click,2025-07-18 17:25:19.975912
444,92,purchase,2025-06-19 17:25:19.975912
319,2,click,2025-09-19 17:25:19.975912
441,150,purchase,2025-09-02 17:25:19.975912
92,71,click,2025-10-04 17:25:19.975912
179,4,purchase,2025-08-22 17:25:19.975912
56,38,add_to_cart,2025-08-06 17:25:19.975912
155,70,add_to_cart,2025-12-15 17:25:19.975912
160,201,click,2025-08-04 17:25:19.975912
111,252,click,2025-11-17 17:25:19.975912
137,287,click,2025-08-07 17:25:19.975912
232,292,add_to_cart,2025-08-10 17:25:19.975912
480,154,add_to_cart,2025-08-29 17:25:19.975912
468,133,click,2025-09-19 17:25:19.975912
220,74,purchase,2025-06-29 17:25:19.975912
481,274,purchase,2025-08-01 17:25:19.975912
68,271,click,2025-09-26 17:25:19.975912
302,185,click,2025-10-18 17:25:19.975912
249,5,add_to_cart,2025-11-08 17:25:19.975912
482,293,click,2025-11-04 17:25:19.975912
496,86,add_to_cart,2025-10-27 17:25:19.975912
323,214,add_to_cart,2025-12-02 17:25:19.975912
410,15,click,2025-08-12 17:25:19.975912
392,273,add_to_cart,2025-09-07 17:25:19.975912
6,51,click,2025-06-26 17:25:19.975912
464,253,purchase,2025-11-13 17:25:19.975912
280,45,click,2025-07-21 17:25:19.975912
432,191,click,2025-07-07 17:25:19.976912
487,122,purchase,2025-10-10 17:25:19.976912
94,187,click,2025-09-23 17:25:19.976912
429,214,add_to_cart,2025-10-10 17:25:19.976912
269,149,click,2025-10-07 17:25:19.976912
197,170,click,2025-07-02 17:25:19.976912
25,209,add_to_cart,2025-06-28 17:25:19.976912
148,82,click,2025-07-02 17:25:19.976912
118,196,purchase,2025-08-25 17:25:19.976912
338,246,click,2025-09-22 17:25:19.976912
367,40,click,2025-08-23 17:25:19.976912
338,168,click,2025-11-02 17:25:19.976912
66,43,add_to_cart,2025-08-09 17:25:19.976912
458,211,click,2025-09-10 17:25:19.976912
301,179,click,2025-10-27 17:25:19.976912
370,23,purchase,2025-08-18 17:25:19.976912
175,95,click,2025-08-22 17:25:19.976912
319,160,click,2025-10-15 17:25:19.976912
76,244,click,2025-12-13 17:25:19.976912
495,17,click,2025-08-02 17:25:19.976912
461,112,click,2025-10-29 17:25:19.976912
114,103,click,2025-08-24 17:25:19.976912
111,86,click,2025-09-11 17:25:19.976912
249,35,click,2025-06-30 17:25:19.976912
439,30,click,2025-07-05 17:25:19.976912
203,192,add_to_cart,2025-10-20 17:25:19.976912
147,179,add_to_cart,2025-09-22 17:25:19.976912
35,104,click,2025-09-17 17:25:19.976912
487,165,purchase,2025-08-19 17:25:19.976912
309,122,add_to_cart,2025-09-29 17:25:19.976912
26,134,purchase,2025-06-28 17:25:19.976912
238,290,click,2025-11-18 17:25:19.976912
14,224,add_to_cart,2025-09-15 17:25:19.976912
374,25,click,2025-09-22 17:25:19.976912
45,13,add_to_cart,2025-08-26 17:25:19.976912
428,230,click,2025-08-20 17:25:19.976912
216,102,click,2025-07-12 17:25:19.976912
233,203,click,2025-11-08 17:25:19.976912
193,267,click,2025-07-07 17:25:19.976912
51,222,click,2025-10-12 17:25:19.976912
427,104,click,2025-07-21 17:25:19.976912
375,111,click,2025-11-20 17:25:19.976912
214,69,purchase,2025-11-19 17:25:19.976912
151,258,purchase,2025-07-18 17:25:19.976912
440,168,click,2025-11-24 17:25:19.976912
275,293,click,2025-06-24 17:25:19.976912
338,49,click,2025-09-06 17:25:19.976912
76,250,click,2025-10-10 17:25:19.976912
439,75,click,2025-10-08 17:25:19.976912
220,201,click,2025-09-25 17:25:19.976912
348,34,add_to_cart,2025-09-09 17:25:19.976912
444,111,click,2025-12-01 17:25:19.976912
187,237,click,2025-08-12 17:25:19.976912
289,32,click,2025-08-24 17:25:19.976912
403,209,click,2025-09-03 17:25:19.976912
28,132,add_to_cart,2025-06-27 17:25:19.976912
379,106,click,2025-10-26 17:25:19.976912
180,33,click,2025-07-16 17:25:19.976912
253,43,add_to_cart,2025-07-24 17:25:19.976912
126,107,click,2025-09-10 17:25:19.976912
177,265,click,2025-10-25 17:25:19.976912
37,226,click,2025-10-19 17:25:19.976912
410,179,click,2025-07-03 17:25:19.976912
99,222,click,2025-10-08 17:25:19.976912
98,125,add_to_cart,2025-08-15 17:25:19.976912
127,276,click,2025-11-09 17:25:19.976912
483,167,click,2025-10-02 17:25:19.976912
168,151,purchase,2025-08-30 17:25:19.976912
80,41,click,2025-07-07 17:25:19.976912
294,300,purchase,2025-11-11 17:25:19.976912
333,35,click,2025-11-07 17:25:19.976912
126,231,add_to_cart,2025-06-25 17:25:19.976912
343,215,add_to_cart,2025-08-20 17:25:19.976912
310,101,purchase,2025-07-25 17:25:19.976912
150,57,click,2025-09-19 17:25:19.976912
16,215,click,2025-07-10 17:25:19.976912
28,156,click,2025-12-02 17:25:19.976912
496,64,purchase,2025-10-30 17:25:19.976912
419,62,click,2025-07-09 17:25:19.976912
444,62,purchase,2025-08-31 17:25:19.976912
173,94,click,2025-09-30 17:25:19.976912
46,26,click,2025-09-05 17:25:19.976912
328,121,click,2025-11-29 17:25:19.976912
236,50,click,2025-08-14 17:25:19.976912
439,252,add_to_cart,2025-08-14 17:25:19.976912
214,36,click,2025-07-05 17:25:19.976912
85,289,purchase,2025-08-21 17:25:19.976912
282,100,click,2025-06-29 17:25:19.976912
232,136,add_to_cart,2025-09-25 17:25:19.976912
85,194,add_to_cart,2025-07-22 17:25:19.976912
409,221,click,2025-08-03 17:25:19.976912
489,279,click,2025-10-22 17:25:19.976912
65,55,click,2025-07-11 17:25:19.976912
134,110,click,2025-10-01 17:25:19.976912
151,149,purchase,2025-08-18 17:25:19.976912
115,265,purchase,2025-11-17 17:25:19.976912
64,162,add_to_cart,2025-07-07 17:25:19.976912
343,187,add_to_cart,2025-07-07 17:25:19.976912
427,129,click,2025-09-21 17:25:19.976912
363,108,click,2025-12-14 17:25:19.976912
407,68,add_to_cart,2025-07-14 17:25:19.976912
352,66,click,2025-10-30 17:25:19.976912
158,144,add_to_cart,2025-09-07 17:25:19.976912
77,53,add_to_cart,2025-10-20 17:25:19.976912
491,128,click,2025-08-16 17:25:19.976912
146,207,click,2025-07-24 17:25:19.976912
343,216,add_to_cart,2025-09-09 17:25:19.976912
463,68,click,2025-07-15 17:25:19.976912
225,62,add_to_cart,2025-08-13 17:25:19.976912
405,210,click,2025-07-31 17:25:19.976912
313,52,click,2025-11-07 17:25:19.976912
103,116,click,2025-12-07 17:25:19.976912
407,65,add_to_cart,2025-11-21 17:25:19.976912
347,130,click,2025-07-21 17:25:19.976912
301,177,click,2025-12-01 17:25:19.976912
428,278,click,2025-08-25 17:25:19.976912
466,163,click,2025-09-16 17:25:19.976912
88,152,click,2025-07-30 17:25:19.976912
371,236,click,2025-07-25 17:25:19.976912
303,158,click,2025-07-19 17:25:19.976912
168,106,click,2025-07-17 17:25:19.976912
435,255,click,2025-07-05 17:25:19.976912
170,113,click,2025-07-23 17:25:19.976912
135,30,click,2025-07-21 17:25:19.976912
50,12,click,2025-12-08 17:25:19.976912
432,177,click,2025-12-01 17:25:19.976912
340,46,purchase,2025-09-30 17:25:19.976912
347,171,click,2025-08-13 17:25:19.976912
134,130,add_to_cart,2025-09-29 17:25:19.976912
347,245,click,2025-10-30 17:25:19.976912
137,203,add_to_cart,2025-08-19 17:25:19.976912
245,226,purchase,2025-07-17 17:25:19.976912
109,80,click,2025-10-30 17:25:19.976912
313,35,add_to_cart,2025-11-28 17:25:19.976912
287,52,click,2025-07-09 17:25:19.976912
21,161,click,2025-06-29 17:25:19.976912
90,84,click,2025-09-11 17:25:19.976912
296,26,click,2025-07-04 17:25:19.976912
112,225,click,2025-11-13 17:25:19.976912
301,154,click,2025-08-09 17:25:19.976912
77,293,click,2025-09-15 17:25:19.976912
177,95,add_to_cart,2025-07-14 17:25:19.976912
343,225,click,2025-11-29 17:25:19.976912
148,267,click,2025-10-31 17:25:19.976912
101,41,click,2025-09-28 17:25:19.976912
246,133,click,2025-09-12 17:25:19.976912
117,66,click,2025-07-07 17:25:19.976912
92,210,click,2025-12-13 17:25:19.976912
401,153,click,2025-10-21 17:25:19.976912
28,172,click,2025-07-29 17:25:19.976912
425,59,purchase,2025-11-20 17:25:19.976912
450,184,click,2025-07-17 17:25:19.976912
25,180,click,2025-10-17 17:25:19.976912
58,12,click,2025-10-19 17:25:19.976912
498,68,purchase,2025-12-08 17:25:19.976912
297,202,add_to_cart,2025-11-20 17:25:19.976912
134,6,click,2025-08-28 17:25:19.976912
331,15,click,2025-07-03 17:25:19.976912
249,42,click,2025-10-28 17:25:19.976912
38,31,click,2025-11-03 17:25:19.976912
390,181,add_to_cart,2025-11-25 17:25:19.976912
429,262,click,2025-07-28 17:25:19.976912
75,289,click,2025-09-08 17:25:19.976912
142,21,click,2025-08-07 17:25:19.976912
322,182,add_to_cart,2025-09-18 17:25:19.976912
168,184,click,2025-07-09 17:25:19.976912
259,244,add_to_cart,2025-11-25 17:25:19.976912
373,149,click,2025-12-02 17:25:19.976912
355,256,add_to_cart,2025-08-02 17:25:19.976912
225,100,click,2025-12-09 17:25:19.976912
152,55,click,2025-09-08 17:25:19.976912
19,186,add_to_cart,2025-08-08 17:25:19.976912
146,86,add_to_cart,2025-10-08 17:25:19.976912
448,174,click,2025-06-27 17:25:19.976912
241,22,add_to_cart,2025-10-11 17:25:19.976912
372,244,add_to_cart,2025-11-28 17:25:19.976912
381,60,click,2025-07-25 17:25:19.976912
344,104,purchase,2025-12-04 17:25:19.976912
237,139,click,2025-08-30 17:25:19.976912
35,159,add_to_cart,2025-10-17 17:25:19.976912
190,232,click,2025-10-23 17:25:19.977912
1,77,click,2025-11-06 17:25:19.977912
484,18,add_to_cart,2025-06-28 17:25:19.977912
153,22,click,2025-07-19 17:25:19.977912
429,184,click,2025-12-12 17:25:19.977912
433,145,purchase,2025-11-25 17:25:19.977912
126,38,add_to_cart,2025-07-18 17:25:19.977912
491,281,click,2025-06-29 17:25:19.977912
482,288,click,2025-09-16 17:25:19.977912
345,143,add_to_cart,2025-11-05 17:25:19.977912
400,13,click,2025-07-25 17:25:19.977912
226,186,click,2025-09-11 17:25:19.977912
221,267,click,2025-11-10 17:25:19.977912
403,269,click,2025-08-16 17:25:19.977912
407,97,click,2025-11-29 17:25:19.977912
211,294,add_to_cart,2025-09-16 17:25:19.977912
25,1,add_to_cart,2025-08-03 17:25:19.977912
16,295,click,2025-08-20 17:25:19.977912
182,27,click,2025-06-30 17:25:19.977912
499,36,click,2025-09-05 17:25:19.977912
329,160,click,2025-10-15 17:25:19.977912
129,31,click,2025-08-20 17:25:19.977912
42,127,add_to_cart,2025-09-23 17:25:19.977912
403,262,click,2025-10-20 17:25:19.977912
481,210,add_to_cart,2025-09-08 17:25:19.977912
418,150,add_to_cart,2025-11-13 17:25:19.977912
336,31,click,2025-11-20 17:25:19.977912
236,100,click,2025-09-19 17:25:19.977912
360,219,add_to_cart,2025-11-22 17:25:19.977912
439,253,add_to_cart,2025-11-15 17:25:19.977912
402,171,purchase,2025-11-19 17:25:19.977912
34,257,click,2025-10-28 17:25:19.977912
345,57,purchase,2025-10-04 17:25:19.977912
381,9,click,2025-07-10 17:25:19.977912
45,5,click,2025-07-16 17:25:19.977912
134,114,click,2025-11-30 17:25:19.977912
21,265,click,2025-08-29 17:25:19.977912
122,173,add_to_cart,2025-08-04 17:25:19.977912
70,220,click,2025-09-20 17:25:19.977912
352,205,purchase,2025-08-27 17:25:19.977912
361,24,click,2025-08-17 17:25:19.977912
48,170,purchase,2025-07-24 17:25:19.977912
491,103,click,2025-12-07 17:25:19.977912
39,60,add_to_cart,2025-09-17 17:25:19.977912
287,86,click,2025-12-03 17:25:19.977912
490,255,click,2025-08-03 17:25:19.977912
10,165,add_to_cart,2025-11-28 17:25:19.977912
30,167,click,2025-09-06 17:25:19.977912
244,84,click,2025-11-01 17:25:19.977912
274,202,add_to_cart,2025-07-17 17:25:19.977912
444,90,click,2025-11-14 17:25:19.977912
88,89,click,2025-12-09 17:25:19.977912
244,120,click,2025-11-26 17:25:19.977912
381,156,click,2025-08-16 17:25:19.977912
329,188,add_to_cart,2025-07-22 17:25:19.977912
479,188,click,2025-08-28 17:25:19.977912
15,262,click,2025-12-02 17:25:19.977912
4,52,add_to_cart,2025-07-09 17:25:19.977912
191,140,add_to_cart,2025-12-07 17:25:19.977912
168,19,purchase,2025-09-07 17:25:19.977912
9,75,click,2025-06-22 17:25:19.977912
109,230,click,2025-09-17 17:25:19.977912
137,130,click,2025-09-14 17:25:19.977912
154,55,click,2025-11-30 17:25:19.977912
388,271,click,2025-07-17 17:25:19.977912
209,100,add_to_cart,2025-07-11 17:25:19.977912
272,69,add_to_cart,2025-08-02 17:25:19.977912
143,299,click,2025-09-28 17:25:19.977912
99,17,click,2025-08-24 17:25:19.977912
377,116,click,2025-07-31 17:25:19.977912
308,152,purchase,2025-07-05 17:25:19.977912
69,116,purchase,2025-11-22 17:25:19.977912
247,30,click,2025-08-02 17:25:19.977912
261,51,add_to_cart,2025-12-15 17:25:19.977912
276,60,click,2025-10-03 17:25:19.977912
79,229,click,2025-08-27 17:25:19.977912
146,259,click,2025-09-05 17:25:19.977912
111,5,click,2025-07-08 17:25:19.977912
258,28,click,2025-11-15 17:25:19.977912
93,254,click,2025-09-30 17:25:19.977912
13,231,click,2025-10-15 17:25:19.977912
260,200,click,2025-11-11 17:25:19.977912
426,271,add_to_cart,2025-06-27 17:25:19.977912
109,46,click,2025-06-24 17:25:19.977912
330,28,purchase,2025-07-09 17:25:19.977912
189,7,click,2025-11-24 17:25:19.977912
95,232,click,2025-08-03 17:25:19.977912
105,199,click,2025-08-04 17:25:19.977912
8,94,click,2025-06-30 17:25:19.977912
67,82,click,2025-12-04 17:25:19.977912
496,88,click,2025-07-01 17:25:19.977912
191,186,purchase,2025-08-07 17:25:19.977912
366,243,add_to_cart,2025-09-07 17:25:19.977912
256,68,purchase,2025-11-03 17:25:19.977912
9,187,click,2025-10-03 17:25:19.977912
478,239,click,2025-12-08 17:25:19.977912
117,218,click,2025-07-28 17:25:19.977912
267,108,add_to_cart,2025-07-22 17:25:19.977912
99,38,purchase,2025-11-23 17:25:19.977912
485,276,add_to_cart,2025-11-03 17:25:19.977912
298,10,click,2025-11-22 17:25:19.977912
397,26,click,2025-08-07 17:25:19.977912
164,48,click,2025-07-27 17:25:19.977912
376,14,click,2025-07-08 17:25:19.977912
141,100,click,2025-09-20 17:25:19.977912
268,187,click,2025-07-14 17:25:19.977912
37,12,click,2025-07-29 17:25:19.977912
74,279,click,2025-10-31 17:25:19.977912
73,167,click,2025-08-27 17:25:19.977912
308,122,add_to_cart,2025-10-31 17:25:19.977912
199,95,click,2025-09-25 17:25:19.977912
130,25,click,2025-07-25 17:25:19.977912
246,17,add_to_cart,2025-10-19 17:25:19.977912
312,29,click,2025-07-27 17:25:19.977912
60,72,click,2025-09-22 17:25:19.977912
279,270,purchase,2025-06-28 17:25:19.977912
103,250,click,2025-11-21 17:25:19.977912
296,295,click,2025-09-05 17:25:19.977912
320,144,click,2025-07-26 17:25:19.977912
487,274,click,2025-10-03 17:25:19.977912
341,223,click,2025-07-11 17:25:19.977912
151,75,click,2025-11-02 17:25:19.977912
157,102,click,2025-08-01 17:25:19.977912
206,20,purchase,2025-09-15 17:25:19.977912
474,117,click,2025-09-25 17:25:19.977912
179,174,add_to_cart,2025-07-30 17:25:19.977912
197,173,click,2025-09-05 17:25:19.977912
223,4,click,2025-10-11 17:25:19.977912
89,148,click,2025-11-24 17:25:19.977912
287,114,add_to_cart,2025-09-20 17:25:19.977912
434,167,add_to_cart,2025-07-21 17:25:19.977912
276,300,click,2025-08-29 17:25:19.977912
236,118,click,2025-07-12 17:25:19.977912
183,100,purchase,2025-09-17 17:25:19.977912
209,274,purchase,2025-11-05 17:25:19.977912
493,175,click,2025-08-15 17:25:19.977912
130,159,click,2025-08-26 17:25:19.977912
153,227,add_to_cart,2025-09-14 17:25:19.977912
13,38,click,2025-09-24 17:25:19.977912
122,198,add_to_cart,2025-10-29 17:25:19.977912
359,136,click,2025-11-19 17:25:19.977912
220,104,add_to_cart,2025-09-13 17:25:19.977912
106,193,click,2025-07-10 17:25:19.977912
375,250,click,2025-09-15 17:25:19.977912
70,13,click,2025-07-16 17:25:19.977912
195,55,add_to_cart,2025-06-22 17:25:19.977912
186,85,add_to_cart,2025-10-21 17:25:19.977912
99,109,purchase,2025-08-03 17:25:19.977912
82,43,purchase,2025-10-07 17:25:19.977912
75,71,click,2025-07-06 17:25:19.977912
374,268,click,2025-11-25 17:25:19.977912
340,59,add_to_cart,2025-10-30 17:25:19.977912
192,44,purchase,2025-10-17 17:25:19.977912
325,272,click,2025-08-26 17:25:19.977912
467,14,click,2025-07-24 17:25:19.977912
214,112,click,2025-09-17 17:25:19.977912
315,228,click,2025-11-29 17:25:19.977912
444,169,add_to_cart,2025-07-16 17:25:19.977912
467,291,add_to_cart,2025-07-07 17:25:19.977912
382,246,add_to_cart,2025-11-20 17:25:19.977912
367,266,purchase,2025-12-10 17:25:19.977912
318,243,click,2025-12-06 17:25:19.977912
144,158,click,2025-09-26 17:25:19.977912
384,300,purchase,2025-08-07 17:25:19.977912
216,18,click,2025-10-18 17:25:19.977912
361,83,click,2025-08-26 17:25:19.977912
324,231,add_to_cart,2025-09-27 17:25:19.977912
15,253,purchase,2025-10-29 17:25:19.977912
217,167,add_to_cart,2025-07-18 17:25:19.977912
492,42,add_to_cart,2025-09-16 17:25:19.977912
439,249,click,2025-08-05 17:25:19.977912
35,248,click,2025-07-03 17:25:19.977912
183,286,purchase,2025-10-01 17:25:19.977912
270,20,add_to_cart,2025-09-22 17:25:19.977912
433,42,click,2025-12-09 17:25:19.977912
467,87,click,2025-07-24 17:25:19.977912
358,261,add_to_cart,2025-12-07 17:25:19.977912
100,297,click,2025-09-18 17:25:19.977912
7,240,add_to_cart,2025-06-25 17:25:19.977912
30,167,click,2025-11-09 17:25:19.978912
467,219,click,2025-08-03 17:25:19.978912
305,133,add_to_cart,2025-11-29 17:25:19.978912
473,207,click,2025-08-19 17:25:19.978912
144,51,click,2025-11-05 17:25:19.978912
111,106,purchase,2025-10-13 17:25:19.978912
232,184,add_to_cart,2025-09-24 17:25:19.978912
179,201,click,2025-10-20 17:25:19.978912
72,11,click,2025-11-01 17:25:19.978912
210,254,click,2025-10-04 17:25:19.978912
220,150,click,2025-08-29 17:25:19.978912
80,96,click,2025-08-28 17:25:19.978912
500,106,click,2025-08-02 17:25:19.978912
83,143,click,2025-08-28 17:25:19.978912
42,166,click,2025-08-29 17:25:19.978912
273,1,click,2025-09-16 17:25:19.978912
191,46,click,2025-09-20 17:25:19.978912
173,242,purchase,2025-07-31 17:25:19.978912
461,278,purchase,2025-11-02 17:25:19.978912
7,3,click,2025-10-29 17:25:19.978912
155,142,add_to_cart,2025-10-06 17:25:19.978912
10,61,add_to_cart,2025-12-14 17:25:19.978912
34,294,click,2025-09-27 17:25:19.978912
36,225,click,2025-08-20 17:25:19.978912
409,170,click,2025-12-10 17:25:19.978912
6,134,click,2025-09-27 17:25:19.978912
408,41,click,2025-09-18 17:25:19.978912
402,231,purchase,2025-11-01 17:25:19.978912
215,226,add_to_cart,2025-12-06 17:25:19.978912
134,139,purchase,2025-08-01 17:25:19.978912
285,110,purchase,2025-11-14 17:25:19.978912
126,297,add_to_cart,2025-12-14 17:25:19.978912
409,57,click,2025-11-25 17:25:19.978912
439,123,click,2025-08-07 17:25:19.978912
337,240,click,2025-09-14 17:25:19.978912
174,86,add_to_cart,2025-08-17 17:25:19.978912
152,176,click,2025-11-23 17:25:19.978912
331,63,add_to_cart,2025-07-04 17:25:19.978912
26,39,purchase,2025-11-10 17:25:19.978912
383,138,click,2025-12-02 17:25:19.978912
115,241,click,2025-12-01 17:25:19.978912
382,226,add_to_cart,2025-11-11 17:25:19.978912
482,206,click,2025-08-18 17:25:19.978912
284,164,click,2025-11-24 17:25:19.978912
387,27,add_to_cart,2025-06-24 17:25:19.978912
75,183,add_to_cart,2025-11-10 17:25:19.978912
166,198,click,2025-12-01 17:25:19.978912
189,107,purchase,2025-08-17 17:25:19.978912
78,189,click,2025-09-11 17:25:19.978912
435,36,add_to_cart,2025-07-10 17:25:19.978912
90,85,add_to_cart,2025-06-30 17:25:19.978912
176,155,click,2025-09-07 17:25:19.978912
21,169,click,2025-09-18 17:25:19.978912
54,284,purchase,2025-10-03 17:25:19.978912
184,272,click,2025-11-20 17:25:19.978912
359,35,click,2025-11-16 17:25:19.978912
222,184,click,2025-08-16 17:25:19.978912
315,99,click,2025-09-04 17:25:19.978912
328,237,purchase,2025-07-29 17:25:19.978912
179,122,click,2025-11-15 17:25:19.978912
276,23,add_to_cart,2025-08-29 17:25:19.978912
112,63,click,2025-08-27 17:25:19.978912
224,150,add_to_cart,2025-08-27 17:25:19.978912
214,195,click,2025-09-25 17:25:19.978912
59,80,click,2025-12-14 17:25:19.978912
327,153,purchase,2025-09-29 17:25:19.978912
393,17,click,2025-07-21 17:25:19.978912
109,39,click,2025-07-21 17:25:19.978912
385,202,purchase,2025-11-12 17:25:19.978912
157,280,add_to_cart,2025-10-17 17:25:19.978912
191,88,add_to_cart,2025-11-12 17:25:19.978912
200,300,click,2025-07-04 17:25:19.978912
312,292,click,2025-08-11 17:25:19.978912
196,70,click,2025-11-27 17:25:19.978912
35,124,purchase,2025-10-25 17:25:19.978912
379,80,purchase,2025-11-02 17:25:19.978912
387,45,click,2025-09-21 17:25:19.978912
246,233,click,2025-07-14 17:25:19.978912
237,154,click,2025-11-08 17:25:19.978912
104,180,click,2025-09-15 17:25:19.978912
7,31,click,2025-07-20 17:25:19.978912
283,85,add_to_cart,2025-07-03 17:25:19.978912
1,45,purchase,2025-12-03 17:25:19.978912
219,243,add_to_cart,2025-09-14 17:25:19.978912
464,40,add_to_cart,2025-07-20 17:25:19.978912
230,182,add_to_cart,2025-11-04 17:25:19.978912
455,297,add_to_cart,2025-09-11 17:25:19.978912
172,81,click,2025-10-29 17:25:19.978912
87,38,click,2025-10-31 17:25:19.978912
41,57,click,2025-08-24 17:25:19.978912
123,30,add_to_cart,2025-09-29 17:25:19.978912
331,266,purchase,2025-10-20 17:25:19.978912
298,227,click,2025-10-25 17:25:19.978912
373,292,purchase,2025-11-24 17:25:19.978912
417,54,click,2025-11-29 17:25:19.978912
178,97,add_to_cart,2025-09-10 17:25:19.978912
63,4,purchase,2025-09-05 17:25:19.978912
484,91,add_to_cart,2025-11-20 17:25:19.978912
165,89,purchase,2025-07-02 17:25:19.978912
489,92,click,2025-10-06 17:25:19.978912
187,150,click,2025-06-20 17:25:19.978912
383,234,click,2025-07-11 17:25:19.978912
209,59,click,2025-11-05 17:25:19.978912
227,185,purchase,2025-07-08 17:25:19.978912
432,44,click,2025-10-27 17:25:19.978912
389,180,add_to_cart,2025-07-02 17:25:19.978912
48,76,add_to_cart,2025-11-18 17:25:19.978912
224,144,click,2025-07-23 17:25:19.978912
3,101,click,2025-10-03 17:25:19.978912
372,272,click,2025-08-10 17:25:19.978912
175,55,click,2025-10-11 17:25:19.978912
446,189,click,2025-08-24 17:25:19.978912
99,77,click,2025-06-28 17:25:19.978912
116,296,click,2025-12-03 17:25:19.978912
270,219,add_to_cart,2025-12-15 17:25:19.978912
447,277,add_to_cart,2025-07-09 17:25:19.978912
368,66,add_to_cart,2025-09-18 17:25:19.978912
253,136,click,2025-12-06 17:25:19.978912
317,234,purchase,2025-07-26 17:25:19.978912
415,199,purchase,2025-08-11 17:25:19.978912
95,266,purchase,2025-07-24 17:25:19.978912
273,43,click,2025-10-23 17:25:19.978912
380,228,purchase,2025-07-18 17:25:19.978912
24,227,add_to_cart,2025-10-06 17:25:19.978912
116,63,click,2025-10-27 17:25:19.978912
151,171,click,2025-10-18 17:25:19.978912
338,250,add_to_cart,2025-07-05 17:25:19.978912
50,250,click,2025-12-10 17:25:19.978912
206,238,click,2025-08-29 17:25:19.978912
498,56,click,2025-11-14 17:25:19.978912
335,171,add_to_cart,2025-10-24 17:25:19.978912
79,34,purchase,2025-08-30 17:25:19.978912
70,130,click,2025-10-08 17:25:19.978912
27,130,add_to_cart,2025-09-24 17:25:19.978912
271,151,click,2025-12-14 17:25:19.978912
50,143,add_to_cart,2025-11-03 17:25:19.978912
292,118,click,2025-11-06 17:25:19.978912
247,204,purchase,2025-12-12 17:25:19.978912
264,235,click,2025-10-02 17:25:19.978912
79,17,click,2025-06-25 17:25:19.978912
387,82,click,2025-09-02 17:25:19.978912
190,14,add_to_cart,2025-07-21 17:25:19.978912
47,81,purchase,2025-08-16 17:25:19.978912
461,207,click,2025-12-02 17:25:19.978912
361,204,click,2025-09-08 17:25:19.978912
354,272,add_to_cart,2025-08-29 17:25:19.978912
472,32,purchase,2025-07-27 17:25:19.978912
488,23,click,2025-06-22 17:25:19.978912
352,102,click,2025-08-07 17:25:19.978912
189,162,click,2025-11-25 17:25:19.978912
416,98,click,2025-10-16 17:25:19.978912
256,144,click,2025-12-14 17:25:19.978912
222,104,click,2025-07-20 17:25:19.978912
372,171,click,2025-12-06 17:25:19.978912
241,64,add_to_cart,2025-09-16 17:25:19.978912
269,244,purchase,2025-08-20 17:25:19.978912
1,71,purchase,2025-07-22 17:25:19.978912
34,274,add_to_cart,2025-10-01 17:25:19.978912
446,125,add_to_cart,2025-06-22 17:25:19.978912
79,107,click,2025-09-27 17:25:19.978912
236,148,add_to_cart,2025-12-08 17:25:19.978912
334,192,click,2025-09-06 17:25:19.978912
377,226,add_to_cart,2025-09-18 17:25:19.978912
349,242,purchase,2025-07-17 17:25:19.978912
98,284,purchase,2025-10-30 17:25:19.978912
82,163,click,2025-09-25 17:25:19.978912
455,8,add_to_cart,2025-07-20 17:25:19.978912
477,152,purchase,2025-08-14 17:25:19.978912
415,95,click,2025-12-08 17:25:19.978912
192,214,add_to_cart,2025-07-22 17:25:19.978912
253,64,click,2025-11-16 17:25:19.978912
409,65,purchase,2025-09-16 17:25:19.978912
38,270,click,2025-07-15 17:25:19.978912
14,25,click,2025-07-21 17:25:19.978912
392,100,add_to_cart,2025-08-22 17:25:19.978912
347,105,click,2025-09-02 17:25:19.978912
310,131,click,2025-09-29 17:25:19.979892
386,19,click,2025-06-26 17:25:19.979892
209,225,add_to_cart,2025-10-13 17:25:19.979892
357,106,click,2025-11-16 17:25:19.979892
462,54,add_to_cart,2025-06-21 17:25:19.979892
89,226,add_to_cart,2025-06-29 17:25:19.979892
56,15,click,2025-07-13 17:25:19.979892
94,48,add_to_cart,2025-10-19 17:25:19.979892
93,139,click,2025-11-15 17:25:19.979892
340,34,click,2025-09-17 17:25:19.979892
85,210,click,2025-09-07 17:25:19.979892
445,19,click,2025-08-10 17:25:19.979892
245,196,click,2025-10-18 17:25:19.979892
22,115,click,2025-08-27 17:25:19.979892
291,75,add_to_cart,2025-08-22 17:25:19.979892
485,150,click,2025-12-04 17:25:19.979892
272,36,purchase,2025-11-01 17:25:19.979892
306,242,click,2025-10-11 17:25:19.979892
122,151,click,2025-09-03 17:25:19.979892
128,63,click,2025-07-09 17:25:19.979892
113,154,click,2025-06-30 17:25:19.979892
427,188,add_to_cart,2025-09-09 17:25:19.979892
273,223,click,2025-10-08 17:25:19.979892
336,93,click,2025-12-11 17:25:19.979892
442,5,click,2025-10-14 17:25:19.979892
130,166,click,2025-12-12 17:25:19.979892
132,25,click,2025-08-23 17:25:19.979892
85,98,click,2025-11-05 17:25:19.979892
423,268,click,2025-07-29 17:25:19.979892
482,150,click,2025-07-04 17:25:19.979892
350,252,click,2025-09-09 17:25:19.979892
390,84,add_to_cart,2025-10-22 17:25:19.979892
81,285,click,2025-11-01 17:25:19.979892
487,172,click,2025-07-13 17:25:19.979892
473,221,click,2025-10-18 17:25:19.979892
325,109,click,2025-08-03 17:25:19.979892
69,27,click,2025-07-01 17:25:19.979892
148,246,click,2025-08-17 17:25:19.979892
448,55,click,2025-08-13 17:25:19.979892
16,133,click,2025-10-25 17:25:19.979892
307,52,add_to_cart,2025-12-05 17:25:19.979892
105,253,add_to_cart,2025-09-11 17:25:19.979892
165,269,click,2025-06-21 17:25:19.979892
488,298,click,2025-10-27 17:25:19.979892
201,79,add_to_cart,2025-09-11 17:25:19.979892
197,18,add_to_cart,2025-08-15 17:25:19.979892
426,258,purchase,2025-10-29 17:25:19.979892
185,107,click,2025-08-04 17:25:19.979892
322,47,click,2025-10-27 17:25:19.979892
265,246,add_to_cart,2025-09-25 17:25:19.979892
363,89,add_to_cart,2025-08-07 17:25:19.979892
100,203,click,2025-11-05 17:25:19.979892
342,240,add_to_cart,2025-11-18 17:25:19.979892
320,268,click,2025-07-09 17:25:19.979892
214,13,click,2025-07-02 17:25:19.979892
278,137,click,2025-07-22 17:25:19.979892
162,173,click,2025-08-09 17:25:19.979892
439,230,add_to_cart,2025-07-08 17:25:19.979892
157,198,add_to_cart,2025-11-13 17:25:19.979892
422,243,add_to_cart,2025-12-05 17:25:19.979892
251,43,click,2025-11-18 17:25:19.979892
366,279,click,2025-10-30 17:25:19.979892
97,79,click,2025-07-24 17:25:19.979892
18,279,click,2025-10-03 17:25:19.979892
327,232,add_to_cart,2025-10-05 17:25:19.979892
449,101,click,2025-08-01 17:25:19.979892
383,162,click,2025-09-24 17:25:19.979892
97,144,click,2025-08-24 17:25:19.979892
1,109,click,2025-12-08 17:25:19.979892
216,233,add_to_cart,2025-10-08 17:25:19.979892
132,111,click,2025-09-29 17:25:19.979892
260,232,add_to_cart,2025-11-01 17:25:19.979892
125,238,add_to_cart,2025-07-08 17:25:19.979892
82,197,click,2025-08-31 17:25:19.979892
283,273,click,2025-11-08 17:25:19.979892
171,86,add_to_cart,2025-07-29 17:25:19.979892
59,295,click,2025-10-10 17:25:19.979892
32,41,add_to_cart,2025-09-03 17:25:19.979892
161,48,click,2025-07-12 17:25:19.979892
284,77,click,2025-07-19 17:25:19.979892
106,178,purchase,2025-07-07 17:25:19.979892
105,257,click,2025-10-07 17:25:19.979892
439,117,click,2025-09-08 17:25:19.979892
228,19,click,2025-07-02 17:25:19.979892
188,59,click,2025-07-25 17:25:19.979892
70,196,click,2025-07-10 17:25:19.979892
318,107,click,2025-06-22 17:25:19.979892
464,284,click,2025-11-02 17:25:19.979892
290,34,purchase,2025-10-31 17:25:19.979892
87,295,click,2025-08-09 17:25:19.979892
370,251,click,2025-08-16 17:25:19.979892
362,126,click,2025-11-02 17:25:19.979892
472,106,click,2025-09-23 17:25:19.979892
56,180,click,2025-09-20 17:25:19.979892
113,110,click,2025-09-23 17:25:19.979892
13,228,purchase,2025-09-11 17:25:19.979892
440,121,click,2025-10-31 17:25:19.979892
18,107,click,2025-10-05 17:25:19.979892
182,131,add_to_cart,2025-07-08 17:25:19.979892
461,23,click,2025-06-26 17:25:19.979892
113,145,add_to_cart,2025-09-13 17:25:19.979892
229,154,click,2025-08-07 17:25:19.979892
171,107,add_to_cart,2025-07-17 17:25:19.979892
295,146,add_to_cart,2025-07-10 17:25:19.979892
189,252,purchase,2025-10-06 17:25:19.979892
426,70,click,2025-11-06 17:25:19.979892
465,31,add_to_cart,2025-06-21 17:25:19.979892
79,93,click,2025-10-03 17:25:19.979892
146,137,add_to_cart,2025-12-01 17:25:19.979892
407,163,click,2025-08-19 17:25:19.979892
182,81,click,2025-11-25 17:25:19.979892
499,76,click,2025-11-25 17:25:19.979892
286,63,click,2025-10-17 17:25:19.979892
250,100,click,2025-09-01 17:25:19.979892
354,48,add_to_cart,2025-10-12 17:25:19.979892
314,74,click,2025-07-20 17:25:19.979892
196,192,add_to_cart,2025-10-08 17:25:19.979892
323,30,click,2025-08-28 17:25:19.979892
71,157,click,2025-11-20 17:25:19.979892
248,266,click,2025-10-02 17:25:19.979892
146,256,click,2025-10-22 17:25:19.979892
106,39,click,2025-08-25 17:25:19.979892
263,55,purchase,2025-10-31 17:25:19.979892
296,28,click,2025-10-07 17:25:19.979892
70,118,add_to_cart,2025-08-06 17:25:19.979892
470,209,click,2025-06-26 17:25:19.979892
193,75,purchase,2025-10-23 17:25:19.979892
68,65,click,2025-06-27 17:25:19.979892
494,100,purchase,2025-09-20 17:25:19.979892
305,46,click,2025-09-11 17:25:19.979892
52,156,click,2025-08-18 17:25:19.979892
370,240,click,2025-11-10 17:25:19.979892
363,259,click,2025-11-12 17:25:19.979892
285,136,click,2025-06-19 17:25:19.979892
405,198,click,2025-08-04 17:25:19.979892
474,187,add_to_cart,2025-07-03 17:25:19.979892
334,116,click,2025-09-21 17:25:19.979892
9,58,click,2025-11-13 17:25:19.979892
251,70,click,2025-10-22 17:25:19.979892
431,93,add_to_cart,2025-11-23 17:25:19.979892
332,229,click,2025-08-13 17:25:19.979892
298,137,click,2025-11-02 17:25:19.979892
435,105,click,2025-09-07 17:25:19.979892
184,17,click,2025-11-18 17:25:19.979892
179,54,click,2025-10-13 17:25:19.979892
198,112,purchase,2025-10-29 17:25:19.979892
128,172,click,2025-10-18 17:25:19.979892
20,144,click,2025-10-18 17:25:19.979892
472,85,add_to_cart,2025-11-03 17:25:19.979892
411,12,click,2025-06-28 17:25:19.979892
422,252,add_to_cart,2025-07-28 17:25:19.979892
328,216,purchase,2025-10-05 17:25:19.979892
65,126,purchase,2025-11-03 17:25:19.979892
182,98,click,2025-12-03 17:25:19.979892
241,28,click,2025-07-06 17:25:19.979892
369,266,purchase,2025-07-30 17:25:19.979892
24,52,click,2025-07-20 17:25:19.979892
384,143,click,2025-09-01 17:25:19.979892
431,132,click,2025-07-15 17:25:19.979892
455,207,click,2025-09-13 17:25:19.979892
83,62,purchase,2025-10-27 17:25:19.979892
470,132,add_to_cart,2025-10-28 17:25:19.980892
319,41,click,2025-09-04 17:25:19.980892
185,201,add_to_cart,2025-09-17 17:25:19.980892
439,99,click,2025-09-16 17:25:19.980892
316,284,purchase,2025-09-21 17:25:19.980892
99,47,click,2025-12-03 17:25:19.980892
62,137,click,2025-07-02 17:25:19.980892
286,130,click,2025-12-09 17:25:19.980892
477,195,click,2025-06-28 17:25:19.980892
22,117,click,2025-11-04 17:25:19.980892
459,69,click,2025-07-29 17:25:19.980892
212,28,purchase,2025-12-03 17:25:19.980892
126,14,purchase,2025-12-04 17:25:19.980892
413,46,add_to_cart,2025-11-08 17:25:19.980892
499,16,purchase,2025-12-13 17:25:19.980892
425,209,purchase,2025-10-15 17:25:19.980892
42,158,add_to_cart,2025-07-10 17:25:19.980892
98,227,click,2025-11-09 17:25:19.980892
449,241,purchase,2025-11-22 17:25:19.980892
31,58,click,2025-09-15 17:25:19.980892
158,130,click,2025-10-09 17:25:19.980892
112,217,click,2025-10-13 17:25:19.980892
402,14,click,2025-07-25 17:25:19.980892
247,243,purchase,2025-11-28 17:25:19.980892
122,145,add_to_cart,2025-10-09 17:25:19.980892
273,103,purchase,2025-07-01 17:25:19.980892
294,217,add_to_cart,2025-10-19 17:25:19.980892
398,64,click,2025-08-15 17:25:19.980892
471,158,add_to_cart,2025-11-01 17:25:19.980892
473,162,click,2025-10-24 17:25:19.980892
207,18,click,2025-11-19 17:25:19.980892
110,216,add_to_cart,2025-08-20 17:25:19.980892
440,49,add_to_cart,2025-11-10 17:25:19.980892
278,56,add_to_cart,2025-09-07 17:25:19.980892
451,58,click,2025-07-28 17:25:19.980892
56,155,add_to_cart,2025-06-20 17:25:19.980892
375,55,click,2025-06-23 17:25:19.980892
403,19,click,2025-09-01 17:25:19.980892
57,151,click,2025-09-06 17:25:19.980892
428,108,click,2025-08-27 17:25:19.980892
482,47,click,2025-06-20 17:25:19.980892
291,207,click,2025-12-02 17:25:19.980892
114,128,add_to_cart,2025-06-28 17:25:19.980892
381,185,click,2025-12-13 17:25:19.980892
385,58,click,2025-07-16 17:25:19.980892
308,143,click,2025-11-12 17:25:19.980892
341,97,purchase,2025-10-29 17:25:19.980892
477,47,purchase,2025-10-05 17:25:19.980892
198,191,click,2025-07-22 17:25:19.980892
421,140,click,2025-09-02 17:25:19.980892
321,103,click,2025-11-11 17:25:19.980892
179,231,click,2025-09-10 17:25:19.980892
385,49,click,2025-08-29 17:25:19.980892
219,112,click,2025-08-29 17:25:19.980892
277,87,click,2025-11-13 17:25:19.980892
437,282,add_to_cart,2025-06-29 17:25:19.980892
16,252,click,2025-08-23 17:25:19.980892
492,74,click,2025-10-23 17:25:19.980892
379,47,purchase,2025-11-07 17:25:19.980892
61,76,purchase,2025-08-28 17:25:19.980892
54,96,purchase,2025-07-03 17:25:19.980892
168,31,click,2025-11-08 17:25:19.980892
26,22,click,2025-10-04 17:25:19.980892
336,17,click,2025-06-19 17:25:19.980892
476,212,click,2025-08-26 17:25:19.980892
65,148,click,2025-09-06 17:25:19.980892
100,235,purchase,2025-10-30 17:25:19.980892
74,87,purchase,2025-08-12 17:25:19.980892
192,38,add_to_cart,2025-10-12 17:25:19.980892
171,53,add_to_cart,2025-09-07 17:25:19.980892
273,28,click,2025-11-04 17:25:19.980892
377,77,add_to_cart,2025-09-05 17:25:19.980892
187,200,purchase,2025-10-22 17:25:19.980892
23,173,add_to_cart,2025-10-18 17:25:19.980892
391,274,click,2025-10-03 17:25:19.980892
428,50,click,2025-10-26 17:25:19.980892
181,177,click,2025-07-18 17:25:19.980892
327,227,click,2025-07-30 17:25:19.980892
108,127,purchase,2025-11-10 17:25:19.980892
335,21,add_to_cart,2025-11-04 17:25:19.980892
162,199,add_to_cart,2025-09-05 17:25:19.980892
302,189,click,2025-09-08 17:25:19.980892
493,152,click,2025-08-10 17:25:19.980892
452,160,click,2025-12-03 17:25:19.980892
206,96,add_to_cart,2025-09-08 17:25:19.980892
78,75,click,2025-10-25 17:25:19.980892
16,82,purchase,2025-07-11 17:25:19.980892
327,128,add_to_cart,2025-07-29 17:25:19.980892
96,133,add_to_cart,2025-07-20 17:25:19.980892
147,139,purchase,2025-07-29 17:25:19.980892
2,246,purchase,2025-10-15 17:25:19.981932
10,291,click,2025-08-18 17:25:19.981932
434,112,add_to_cart,2025-09-14 17:25:19.981932
125,203,click,2025-07-02 17:25:19.981932
81,170,click,2025-11-02 17:25:19.981932
485,87,click,2025-08-06 17:25:19.981932
140,119,add_to_cart,2025-07-10 17:25:19.981932
326,98,click,2025-07-17 17:25:19.981932
150,240,add_to_cart,2025-06-29 17:25:19.981932
288,138,add_to_cart,2025-08-15 17:25:19.981932
361,82,add_to_cart,2025-06-22 17:25:19.981932
340,236,click,2025-09-17 17:25:19.981932
129,136,add_to_cart,2025-07-21 17:25:19.981932
438,282,click,2025-08-02 17:25:19.981932
239,3,click,2025-07-08 17:25:19.981932
58,59,purchase,2025-07-03 17:25:19.981932
198,116,click,2025-07-05 17:25:19.981932
211,131,click,2025-10-29 17:25:19.981932
402,201,add_to_cart,2025-08-02 17:25:19.981932
390,292,click,2025-10-17 17:25:19.981932
45,98,click,2025-11-22 17:25:19.981932
97,216,add_to_cart,2025-11-29 17:25:19.981932
279,124,click,2025-10-12 17:25:19.981932
23,73,click,2025-07-02 17:25:19.981932
410,130,add_to_cart,2025-09-01 17:25:19.981932
461,27,add_to_cart,2025-10-22 17:25:19.981932
391,165,add_to_cart,2025-09-30 17:25:19.981932
335,68,purchase,2025-10-16 17:25:19.981932
44,14,click,2025-11-15 17:25:19.981932
27,98,add_to_cart,2025-09-06 17:25:19.981932
282,279,add_to_cart,2025-11-18 17:25:19.981932
97,247,click,2025-11-14 17:25:19.981932
463,112,purchase,2025-12-09 17:25:19.981932
36,207,purchase,2025-12-02 17:25:19.981932
109,233,click,2025-10-04 17:25:19.981932
55,61,add_to_cart,2025-10-07 17:25:19.981932
192,85,add_to_cart,2025-06-20 17:25:19.981932
219,183,click,2025-11-16 17:25:19.981932
185,239,purchase,2025-07-11 17:25:19.981932
69,250,add_to_cart,2025-07-25 17:25:19.981932
317,71,add_to_cart,2025-07-18 17:25:19.981932
130,228,click,2025-07-10 17:25:19.981932
55,85,click,2025-12-04 17:25:19.981932
378,271,click,2025-12-13 17:25:19.981932
97,290,add_to_cart,2025-10-10 17:25:19.981932
336,236,add_to_cart,2025-07-03 17:25:19.981932
87,291,click,2025-09-21 17:25:19.981932
294,39,click,2025-08-23 17:25:19.981932
119,206,click,2025-08-30 17:25:19.981932
208,183,add_to_cart,2025-07-25 17:25:19.981932
334,187,add_to_cart,2025-09-25 17:25:19.981932
413,133,click,2025-12-12 17:25:19.981932
154,30,click,2025-11-26 17:25:19.981932
35,255,click,2025-11-01 17:25:19.981932
79,143,click,2025-07-28 17:25:19.981932
67,103,add_to_cart,2025-09-12 17:25:19.981932
343,74,click,2025-08-08 17:25:19.981932
413,55,click,2025-09-13 17:25:19.981932
34,236,add_to_cart,2025-11-15 17:25:19.981932
97,60,purchase,2025-11-18 17:25:19.981932
169,24,purchase,2025-10-04 17:25:19.981932
169,22,purchase,2025-10-18 17:25:19.981932
151,32,add_to_cart,2025-07-30 17:25:19.981932
71,3,add_to_cart,2025-07-06 17:25:19.981932
3,70,add_to_cart,2025-10-28 17:25:19.981932
314,160,purchase,2025-06-27 17:25:19.981932
32,88,purchase,2025-06-20 17:25:19.981932
287,59,click,2025-08-20 17:25:19.981932
82,252,click,2025-11-29 17:25:19.981932
43,219,click,2025-08-12 17:25:19.981932
391,201,add_to_cart,2025-08-06 17:25:19.981932
105,77,add_to_cart,2025-07-08 17:25:19.981932
1,255,purchase,2025-09-26 17:25:19.981932
61,247,click,2025-09-01 17:25:19.981932
270,270,click,2025-09-17 17:25:19.981932
180,139,purchase,2025-06-28 17:25:19.981932
224,78,click,2025-09-23 17:25:19.981932
6,80,click,2025-11-04 17:25:19.981932
103,10,add_to_cart,2025-06-20 17:25:19.981932
10,124,click,2025-07-03 17:25:19.981932
71,186,click,2025-06-28 17:25:19.981932
90,34,click,2025-10-29 17:25:19.981932
226,121,click,2025-11-04 17:25:19.981932
158,80,click,2025-10-23 17:25:19.981932
228,206,click,2025-09-10 17:25:19.981932
405,53,click,2025-07-24 17:25:19.981932
126,156,click,2025-06-20 17:25:19.981932
444,274,add_to_cart,2025-08-01 17:25:19.981932
209,135,click,2025-12-08 17:25:19.981932
97,98,click,2025-08-26 17:25:19.981932
74,241,click,2025-08-28 17:25:19.981932
115,45,click,2025-10-07 17:25:19.981932
191,199,click,2025-08-01 17:25:19.981932
495,291,click,2025-08-27 17:25:19.981932
170,114,purchase,2025-08-27 17:25:19.981932
307,277,purchase,2025-12-11 17:25:19.981932
448,241,add_to_cart,2025-10-05 17:25:19.981932
204,156,click,2025-10-13 17:25:19.981932
56,44,add_to_cart,2025-06-19 17:25:19.981932
208,80,click,2025-11-11 17:25:19.981932
41,138,add_to_cart,2025-10-17 17:25:19.981932
32,151,click,2025-09-18 17:25:19.981932
15,242,add_to_cart,2025-09-07 17:25:19.981932
62,143,purchase,2025-11-07 17:25:19.981932
155,299,click,2025-08-25 17:25:19.981932
284,50,click,2025-08-04 17:25:19.981932
209,262,click,2025-09-19 17:25:19.981932
320,161,click,2025-08-19 17:25:19.981932
494,62,purchase,2025-07-20 17:25:19.981932
187,55,click,2025-07-05 17:25:19.981932
498,31,click,2025-11-28 17:25:19.981932
442,290,add_to_cart,2025-08-26 17:25:19.981932
130,169,click,2025-12-15 17:25:19.981932
127,266,click,2025-11-29 17:25:19.981932
292,185,click,2025-08-17 17:25:19.981932
114,3,add_to_cart,2025-08-24 17:25:19.981932
199,161,click,2025-08-04 17:25:19.981932
13,260,add_to_cart,2025-10-19 17:25:19.981932
271,48,click,2025-06-26 17:25:19.981932
89,254,click,2025-10-05 17:25:19.981932
215,74,click,2025-08-15 17:25:19.981932
444,166,purchase,2025-08-14 17:25:19.981932
278,260,click,2025-10-29 17:25:19.981932
447,4,click,2025-06-21 17:25:19.981932
474,119,purchase,2025-10-21 17:25:19.981932
481,273,purchase,2025-08-01 17:25:19.981932
203,226,add_to_cart,2025-08-17 17:25:19.981932
74,70,click,2025-11-15 17:25:19.981932
25,182,click,2025-10-12 17:25:19.981932
101,264,click,2025-09-02 17:25:19.981932
176,181,add_to_cart,2025-10-16 17:25:19.981932
427,5,click,2025-07-31 17:25:19.981932
117,197,click,2025-08-12 17:25:19.981932
166,47,click,2025-06-21 17:25:19.981932
41,40,click,2025-09-30 17:25:19.981932
429,122,add_to_cart,2025-07-27 17:25:19.981932
344,135,add_to_cart,2025-11-23 17:25:19.981932
424,140,add_to_cart,2025-08-11 17:25:19.981932
366,153,click,2025-07-13 17:25:19.981932
120,28,purchase,2025-09-14 17:25:19.981932
97,77,click,2025-10-19 17:25:19.981932
145,175,click,2025-07-01 17:25:19.981932
216,49,click,2025-09-10 17:25:19.981932
229,274,click,2025-08-08 17:25:19.981932
313,27,click,2025-06-28 17:25:19.981932
130,221,click,2025-12-04 17:25:19.981932
352,122,purchase,2025-09-03 17:25:19.981932
377,69,purchase,2025-09-15 17:25:19.981932
318,71,click,2025-11-11 17:25:19.981932
472,150,click,2025-10-03 17:25:19.981932
137,187,click,2025-08-27 17:25:19.981932
324,246,click,2025-08-30 17:25:19.981932
337,196,click,2025-08-17 17:25:19.981932
273,32,click,2025-06-30 17:25:19.981932
117,109,add_to_cart,2025-10-13 17:25:19.981932
306,1,click,2025-11-28 17:25:19.981932
368,182,click,2025-07-30 17:25:19.981932
94,174,add_to_cart,2025-10-12 17:25:19.981932
168,169,add_to_cart,2025-07-18 17:25:19.981932
442,248,click,2025-12-12 17:25:19.981932
203,108,click,2025-12-09 17:25:19.981932
341,297,purchase,2025-06-30 17:25:19.981932
149,264,add_to_cart,2025-06-22 17:25:19.981932
402,30,click,2025-07-24 17:25:19.981932
183,225,add_to_cart,2025-10-02 17:25:19.981932
413,89,click,2025-10-22 17:25:19.981932
152,234,add_to_cart,2025-08-16 17:25:19.981932
74,168,click,2025-11-19 17:25:19.981932
365,231,click,2025-07-29 17:25:19.981932
401,126,add_to_cart,2025-06-24 17:25:19.982940
274,61,add_to_cart,2025-07-07 17:25:19.982940
42,120,click,2025-08-02 17:25:19.982940
496,190,click,2025-08-22 17:25:19.982940
212,121,click,2025-11-23 17:25:19.982940
101,48,click,2025-11-20 17:25:19.982940
45,202,click,2025-07-07 17:25:19.982940
82,59,add_to_cart,2025-07-09 17:25:19.982940
17,185,click,2025-12-10 17:25:19.982940
73,223,add_to_cart,2025-08-17 17:25:19.982940
14,11,add_to_cart,2025-10-18 17:25:19.982940
433,281,click,2025-06-21 17:25:19.982940
157,189,add_to_cart,2025-12-08 17:25:19.982940
223,237,purchase,2025-11-06 17:25:19.982940
132,34,click,2025-06-25 17:25:19.982940
338,135,purchase,2025-09-23 17:25:19.982940
404,62,add_to_cart,2025-07-08 17:25:19.982940
376,227,click,2025-10-19 17:25:19.982940
376,93,click,2025-08-22 17:25:19.982940
47,116,add_to_cart,2025-08-07 17:25:19.982940
107,133,click,2025-09-28 17:25:19.982940
108,293,add_to_cart,2025-07-14 17:25:19.982940
265,193,add_to_cart,2025-10-12 17:25:19.982940
205,30,click,2025-10-20 17:25:19.982940
79,298,click,2025-07-06 17:25:19.982940
155,61,click,2025-06-19 17:25:19.982940
271,28,click,2025-06-20 17:25:19.982940
476,77,purchase,2025-11-29 17:25:19.982940
485,121,click,2025-10-25 17:25:19.982940
247,3,click,2025-06-23 17:25:19.982940
19,37,click,2025-10-19 17:25:19.982940
346,147,purchase,2025-10-01 17:25:19.982940
436,92,click,2025-09-04 17:25:19.982940
26,273,purchase,2025-11-20 17:25:19.982940
217,87,add_to_cart,2025-11-19 17:25:19.982940
154,40,purchase,2025-11-22 17:25:19.982940
154,178,click,2025-09-26 17:25:19.982940
174,285,click,2025-07-30 17:25:19.982940
92,42,click,2025-09-21 17:25:19.982940
433,285,click,2025-08-02 17:25:19.982940
338,66,add_to_cart,2025-06-23 17:25:19.982940
480,124,click,2025-11-14 17:25:19.982940
181,145,click,2025-11-17 17:25:19.982940
131,120,add_to_cart,2025-09-01 17:25:19.982940
450,109,click,2025-09-11 17:25:19.982940
481,92,click,2025-08-17 17:25:19.982940
298,60,click,2025-09-03 17:25:19.982940
275,227,add_to_cart,2025-08-05 17:25:19.982940
273,240,click,2025-06-22 17:25:19.982940
492,212,add_to_cart,2025-07-28 17:25:19.982940
417,98,click,2025-08-10 17:25:19.982940
76,14,click,2025-09-18 17:25:19.982940
177,218,add_to_cart,2025-11-04 17:25:19.982940
184,170,add_to_cart,2025-12-06 17:25:19.982940
319,280,click,2025-07-15 17:25:19.982940
131,210,add_to_cart,2025-11-20 17:25:19.982940
363,256,click,2025-07-18 17:25:19.982940
49,171,purchase,2025-06-27 17:25:19.982940
55,73,add_to_cart,2025-10-01 17:25:19.982940
154,147,click,2025-11-07 17:25:19.982940
355,106,purchase,2025-06-28 17:25:19.982940
200,94,click,2025-10-25 17:25:19.982940
308,63,add_to_cart,2025-08-15 17:25:19.982940
356,154,purchase,2025-10-19 17:25:19.982940
373,255,click,2025-10-01 17:25:19.982940
118,35,click,2025-09-07 17:25:19.982940
263,296,add_to_cart,2025-07-09 17:25:19.982940
46,253,click,2025-11-28 17:25:19.982940
302,157,purchase,2025-11-04 17:25:19.982940
356,134,click,2025-12-14 17:25:19.982940
400,129,add_to_cart,2025-11-13 17:25:19.982940
408,280,click,2025-06-25 17:25:19.982940
189,252,click,2025-10-18 17:25:19.982940
310,135,purchase,2025-09-07 17:25:19.982940
318,11,add_to_cart,2025-10-04 17:25:19.982940
129,292,click,2025-07-10 17:25:19.982940
49,148,click,2025-07-02 17:25:19.982940
25,80,add_to_cart,2025-09-22 17:25:19.982940
266,191,add_to_cart,2025-11-24 17:25:19.982940
118,30,add_to_cart,2025-11-29 17:25:19.982940
464,229,add_to_cart,2025-08-07 17:25:19.982940
144,84,click,2025-11-14 17:25:19.982940
442,150,purchase,2025-11-13 17:25:19.982940
200,189,add_to_cart,2025-12-06 17:25:19.982940
157,21,click,2025-12-11 17:25:19.982940
487,37,click,2025-10-09 17:25:19.982940
348,246,click,2025-07-03 17:25:19.982940
134,283,add_to_cart,2025-09-05 17:25:19.982940
400,102,add_to_cart,2025-06-30 17:25:19.982940
148,294,purchase,2025-10-04 17:25:19.982940
336,232,click,2025-07-26 17:25:19.982940
71,288,add_to_cart,2025-10-25 17:25:19.982940
233,245,purchase,2025-12-08 17:25:19.982940
334,177,click,2025-09-09 17:25:19.982940
299,213,click,2025-11-16 17:25:19.982940
154,102,add_to_cart,2025-10-03 17:25:19.982940
90,286,purchase,2025-09-29 17:25:19.982940
334,22,click,2025-08-14 17:25:19.982940
199,19,click,2025-07-07 17:25:19.982940
161,287,click,2025-07-28 17:25:19.982940
26,276,click,2025-06-20 17:25:19.982940
121,147,click,2025-10-18 17:25:19.982940
301,40,click,2025-10-15 17:25:19.982940
212,167,purchase,2025-11-17 17:25:19.982940
63,91,add_to_cart,2025-09-14 17:25:19.982940
451,72,click,2025-10-15 17:25:19.982940
436,283,purchase,2025-08-03 17:25:19.982940
68,140,add_to_cart,2025-06-27 17:25:19.982940
253,239,click,2025-08-04 17:25:19.982940
410,78,click,2025-10-15 17:25:19.982940
459,199,add_to_cart,2025-10-09 17:25:19.982940
2,17,add_to_cart,2025-11-29 17:25:19.982940
398,218,click,2025-06-22 17:25:19.982940
108,229,click,2025-07-17 17:25:19.982940
286,138,add_to_cart,2025-07-29 17:25:19.982940
49,147,click,2025-10-20 17:25:19.982940
140,210,add_to_cart,2025-07-12 17:25:19.982940
218,158,add_to_cart,2025-09-19 17:25:19.982940
44,153,click,2025-10-15 17:25:19.982940
417,163,click,2025-09-09 17:25:19.982940
269,101,click,2025-09-29 17:25:19.982940
78,155,click,2025-11-19 17:25:19.982940
216,10,click,2025-08-05 17:25:19.982940
382,183,add_to_cart,2025-11-06 17:25:19.982940
98,134,click,2025-06-24 17:25:19.982940
236,6,click,2025-08-01 17:25:19.982940
282,258,add_to_cart,2025-07-25 17:25:19.982940
149,211,add_to_cart,2025-12-03 17:25:19.982940
412,51,purchase,2025-07-26 17:25:19.982940
304,147,click,2025-07-16 17:25:19.982940
484,128,click,2025-07-25 17:25:19.982940
424,258,click,2025-11-02 17:25:19.982940
66,51,click,2025-08-22 17:25:19.982940
234,154,add_to_cart,2025-08-20 17:25:19.982940
457,70,click,2025-09-12 17:25:19.982940
87,276,add_to_cart,2025-10-30 17:25:19.982940
79,279,click,2025-07-08 17:25:19.982940
205,134,click,2025-09-23 17:25:19.982940
279,220,purchase,2025-07-15 17:25:19.982940
337,163,click,2025-11-06 17:25:19.982940
254,136,click,2025-10-06 17:25:19.982940
304,57,click,2025-06-26 17:25:19.982940
380,177,purchase,2025-09-01 17:25:19.982940
130,115,click,2025-09-12 17:25:19.982940
84,149,click,2025-06-28 17:25:19.982940
276,241,add_to_cart,2025-11-23 17:25:19.982940
187,123,add_to_cart,2025-10-30 17:25:19.982940
46,292,add_to_cart,2025-11-02 17:25:19.982940
387,69,click,2025-09-25 17:25:19.982940
183,63,purchase,2025-06-29 17:25:19.982940
268,221,add_to_cart,2025-12-04 17:25:19.982940
296,16,click,2025-09-13 17:25:19.982940
322,78,click,2025-07-05 17:25:19.982940
100,122,purchase,2025-09-28 17:25:19.982940
78,258,add_to_cart,2025-07-28 17:25:19.982940
272,217,add_to_cart,2025-09-26 17:25:19.982940
339,114,add_to_cart,2025-08-18 17:25:19.982940
162,146,click,2025-09-06 17:25:19.982940
44,237,click,2025-08-25 17:25:19.982940
238,86,click,2025-11-19 17:25:19.982940
134,167,click,2025-07-21 17:25:19.982940
461,129,click,2025-11-28 17:25:19.982940
192,165,click,2025-10-13 17:25:19.982940
356,277,add_to_cart,2025-12-07 17:25:19.982940
278,257,click,2025-08-20 17:25:19.982940
18,132,click,2025-08-15 17:25:19.982940
12,58,add_to_cart,2025-11-21 17:25:19.982940
180,257,add_to_cart,2025-08-25 17:25:19.982940
123,141,click,2025-08-09 17:25:19.982940
246,174,add_to_cart,2025-10-18 17:25:19.982940
222,175,add_to_cart,2025-07-05 17:25:19.982940
373,209,click,2025-11-28 17:25:19.982940
51,204,click,2025-10-30 17:25:19.982940
488,7,click,2025-09-28 17:25:19.982940
71,51,add_to_cart,2025-07-08 17:25:19.982940
480,259,click,2025-11-24 17:25:19.982940
48,178,click,2025-09-19 17:25:19.982940
19,31,purchase,2025-10-12 17:25:19.982940
262,154,click,2025-07-30 17:25:19.982940
84,55,click,2025-08-31 17:25:19.982940
155,156,click,2025-07-15 17:25:19.982940
53,44,click,2025-09-17 17:25:19.982940
107,81,add_to_cart,2025-11-08 17:25:19.982940
357,166,add_to_cart,2025-08-12 17:25:19.982940
304,30,click,2025-10-28 17:25:19.982940
135,136,click,2025-09-02 17:25:19.982940
443,14,click,2025-07-24 17:25:19.982940
69,106,purchase,2025-10-20 17:25:19.982940
11,75,add_to_cart,2025-12-02 17:25:19.982940
143,79,click,2025-09-24 17:25:19.982940
192,194,click,2025-12-08 17:25:19.982940
387,96,click,2025-11-23 17:25:19.982940
378,40,click,2025-11-02 17:25:19.982940
69,256,purchase,2025-10-11 17:25:19.982940
23,107,add_to_cart,2025-12-13 17:25:19.982940
181,17,add_to_cart,2025-07-28 17:25:19.982940
293,15,click,2025-10-08 17:25:19.984029
9,272,click,2025-09-25 17:25:19.984029
271,13,click,2025-12-15 17:25:19.984029
387,247,click,2025-11-25 17:25:19.984029
93,214,click,2025-09-24 17:25:19.984029
454,151,click,2025-10-21 17:25:19.984029
17,292,click,2025-09-05 17:25:19.984029
154,43,click,2025-08-08 17:25:19.984029
405,114,purchase,2025-11-15 17:25:19.984029
328,81,purchase,2025-07-28 17:25:19.984029
149,141,click,2025-12-02 17:25:19.984029
377,30,click,2025-10-01 17:25:19.984029
267,30,click,2025-12-03 17:25:19.984029
422,266,add_to_cart,2025-09-19 17:25:19.984029
328,99,purchase,2025-09-12 17:25:19.984029
106,94,purchase,2025-07-27 17:25:19.984029
472,211,add_to_cart,2025-08-24 17:25:19.984029
381,295,click,2025-09-13 17:25:19.984029
35,37,click,2025-07-14 17:25:19.984029
119,89,click,2025-09-07 17:25:19.984029
14,255,add_to_cart,2025-10-07 17:25:19.984029
14,214,click,2025-08-12 17:25:19.984029
266,14,add_to_cart,2025-08-20 17:25:19.984029
140,192,add_to_cart,2025-08-11 17:25:19.984029
294,295,click,2025-10-07 17:25:19.984029
364,182,purchase,2025-07-26 17:25:19.984029
119,130,click,2025-10-21 17:25:19.984029
238,224,purchase,2025-09-19 17:25:19.984029
34,43,purchase,2025-12-03 17:25:19.984029
169,181,click,2025-08-03 17:25:19.984029
10,169,click,2025-08-29 17:25:19.984029
122,264,click,2025-07-20 17:25:19.984029
401,96,add_to_cart,2025-09-05 17:25:19.984029
145,203,click,2025-09-05 17:25:19.984029
451,68,purchase,2025-07-27 17:25:19.984029
446,92,click,2025-12-13 17:25:19.984029
223,266,add_to_cart,2025-10-14 17:25:19.984029
371,178,purchase,2025-06-28 17:25:19.984029
257,151,add_to_cart,2025-08-29 17:25:19.984029
268,47,click,2025-12-04 17:25:19.984029
359,3,click,2025-10-22 17:25:19.984029
4,103,click,2025-08-20 17:25:19.984029
426,273,click,2025-07-21 17:25:19.984029
397,22,click,2025-08-14 17:25:19.984029
354,116,click,2025-09-16 17:25:19.984029
106,104,add_to_cart,2025-10-08 17:25:19.984029
85,259,click,2025-06-26 17:25:19.984029
214,298,add_to_cart,2025-10-22 17:25:19.984029
121,130,click,2025-10-02 17:25:19.984029
132,295,click,2025-10-17 17:25:19.984029
338,48,click,2025-11-04 17:25:19.984029
197,27,click,2025-06-27 17:25:19.984029
19,15,click,2025-08-04 17:25:19.984029
130,263,add_to_cart,2025-10-08 17:25:19.984029
12,298,purchase,2025-11-24 17:25:19.984029
81,265,click,2025-10-12 17:25:19.984029
330,134,click,2025-09-23 17:25:19.984029
354,76,click,2025-09-19 17:25:19.984029
262,30,purchase,2025-07-21 17:25:19.984029
392,126,add_to_cart,2025-10-30 17:25:19.984029
125,84,add_to_cart,2025-06-23 17:25:19.984029
307,54,click,2025-11-22 17:25:19.984029
267,283,click,2025-10-05 17:25:19.984029
447,263,click,2025-09-09 17:25:19.984029
441,222,purchase,2025-11-07 17:25:19.984029
383,2,click,2025-10-22 17:25:19.984029
140,146,add_to_cart,2025-08-22 17:25:19.984029
329,18,click,2025-09-30 17:25:19.984029
2,16,click,2025-08-30 17:25:19.984029
8,159,click,2025-07-22 17:25:19.984029
250,298,add_to_cart,2025-10-19 17:25:19.984029
139,209,click,2025-07-15 17:25:19.984029
124,205,purchase,2025-09-06 17:25:19.984029
309,113,click,2025-09-16 17:25:19.984029
228,178,click,2025-09-19 17:25:19.984029
10,209,click,2025-06-24 17:25:19.984029
469,124,add_to_cart,2025-07-27 17:25:19.984029
212,15,click,2025-08-07 17:25:19.984029
112,298,click,2025-08-11 17:25:19.984029
8,45,click,2025-07-27 17:25:19.984029
292,94,click,2025-12-08 17:25:19.984029
477,107,add_to_cart,2025-12-01 17:25:19.984029
362,278,click,2025-06-26 17:25:19.984029
460,128,add_to_cart,2025-06-26 17:25:19.984029
253,38,add_to_cart,2025-12-13 17:25:19.984029
14,97,purchase,2025-08-29 17:25:19.984029
240,198,click,2025-07-30 17:25:19.984029
438,192,click,2025-12-07 17:25:19.984029
242,7,purchase,2025-12-12 17:25:19.984029
469,44,add_to_cart,2025-08-25 17:25:19.984029
342,7,click,2025-06-21 17:25:19.984029
149,194,click,2025-09-27 17:25:19.984029
236,1,purchase,2025-08-04 17:25:19.984029
306,62,click,2025-06-27 17:25:19.984029
478,89,add_to_cart,2025-12-11 17:25:19.984029
167,18,click,2025-10-28 17:25:19.984029
20,108,click,2025-09-24 17:25:19.984029
216,135,click,2025-10-08 17:25:19.984029
343,67,click,2025-07-13 17:25:19.984029
135,93,click,2025-08-18 17:25:19.984029
393,138,purchase,2025-07-02 17:25:19.984029
129,189,add_to_cart,2025-07-07 17:25:19.984029
410,59,add_to_cart,2025-12-04 17:25:19.984029
422,187,add_to_cart,2025-10-23 17:25:19.984029
294,235,click,2025-09-03 17:25:19.984029
246,69,click,2025-09-27 17:25:19.984029
189,98,purchase,2025-10-04 17:25:19.984029
44,8,click,2025-07-04 17:25:19.984029
86,134,click,2025-07-08 17:25:19.984029
44,56,purchase,2025-06-22 17:25:19.984029
330,114,click,2025-12-15 17:25:19.984029
375,88,purchase,2025-06-24 17:25:19.984029
446,138,purchase,2025-07-04 17:25:19.984029
378,108,click,2025-08-01 17:25:19.984029
390,23,click,2025-11-28 17:25:19.984029
145,144,purchase,2025-09-05 17:25:19.984029
51,144,click,2025-09-22 17:25:19.984029
242,56,click,2025-06-27 17:25:19.984029
294,108,click,2025-08-23 17:25:19.984029
408,6,add_to_cart,2025-10-14 17:25:19.984029
51,30,add_to_cart,2025-12-13 17:25:19.984029
266,127,purchase,2025-08-26 17:25:19.984029
120,121,purchase,2025-07-23 17:25:19.984029
200,99,purchase,2025-07-04 17:25:19.984029
405,166,click,2025-11-26 17:25:19.984029
248,241,add_to_cart,2025-09-14 17:25:19.984029
70,50,click,2025-11-10 17:25:19.984029
341,268,click,2025-12-12 17:25:19.984029
57,73,add_to_cart,2025-08-18 17:25:19.984029
382,300,click,2025-08-29 17:25:19.984029
39,52,purchase,2025-09-29 17:25:19.984029
472,265,click,2025-11-29 17:25:19.984029
289,227,add_to_cart,2025-10-28 17:25:19.984029
443,193,click,2025-08-29 17:25:19.984029
18,239,click,2025-08-22 17:25:19.984029
440,10,click,2025-12-06 17:25:19.984029
220,228,click,2025-07-12 17:25:19.984029
313,293,click,2025-08-18 17:25:19.984029
244,52,purchase,2025-08-15 17:25:19.984029
352,240,add_to_cart,2025-10-01 17:25:19.984029
460,99,click,2025-08-15 17:25:19.984029
304,81,click,2025-08-01 17:25:19.984029
298,13,click,2025-09-17 17:25:19.984029
283,128,click,2025-07-20 17:25:19.984029
74,11,add_to_cart,2025-12-15 17:25:19.984029
110,81,click,2025-07-05 17:25:19.984029
180,261,add_to_cart,2025-12-10 17:25:19.984029
426,6,click,2025-08-27 17:25:19.984029
32,222,click,2025-07-23 17:25:19.984029
234,298,add_to_cart,2025-09-06 17:25:19.984029
282,81,click,2025-07-30 17:25:19.984029
25,3,add_to_cart,2025-10-08 17:25:19.984029
331,60,add_to_cart,2025-07-20 17:25:19.984029
279,221,add_to_cart,2025-08-31 17:25:19.984029
226,49,click,2025-09-01 17:25:19.984029
57,228,purchase,2025-12-07 17:25:19.984029
180,290,add_to_cart,2025-12-14 17:25:19.984029
232,293,click,2025-08-25 17:25:19.984029
382,298,click,2025-08-06 17:25:19.984029
343,193,click,2025-09-17 17:25:19.984029
477,257,click,2025-12-04 17:25:19.984029
287,103,purchase,2025-09-24 17:25:19.984029
64,146,click,2025-09-24 17:25:19.984029
455,290,purchase,2025-09-14 17:25:19.984029
232,257,click,2025-11-07 17:25:19.984029
289,278,click,2025-07-07 17:25:19.984029
213,189,purchase,2025-10-18 17:25:19.984029
258,178,click,2025-08-10 17:25:19.984029
18,16,click,2025-10-05 17:25:19.984029
175,86,purchase,2025-08-04 17:25:19.984029
417,248,purchase,2025-07-09 17:25:19.984029
229,217,add_to_cart,2025-11-18 17:25:19.984029
226,42,purchase,2025-10-02 17:25:19.984029
84,194,add_to_cart,2025-11-05 17:25:19.984029
291,163,click,2025-10-05 17:25:19.984029
435,276,add_to_cart,2025-09-19 17:25:19.984029
370,130,purchase,2025-07-14 17:25:19.984029
246,263,click,2025-10-24 17:25:19.985073
402,177,click,2025-08-15 17:25:19.985073
110,265,click,2025-12-05 17:25:19.985073
254,27,add_to_cart,2025-09-20 17:25:19.985073
88,85,click,2025-07-19 17:25:19.985073
72,196,add_to_cart,2025-12-11 17:25:19.985073
381,243,click,2025-08-26 17:25:19.985073
30,177,add_to_cart,2025-07-07 17:25:19.985073
172,130,click,2025-10-15 17:25:19.985073
309,145,click,2025-07-10 17:25:19.985073
394,83,add_to_cart,2025-10-30 17:25:19.985073
343,88,click,2025-11-09 17:25:19.985073
436,20,click,2025-08-27 17:25:19.985073
177,230,click,2025-11-20 17:25:19.985073
139,126,click,2025-11-03 17:25:19.985073
194,51,click,2025-10-16 17:25:19.985073
186,88,purchase,2025-07-03 17:25:19.985073
218,170,add_to_cart,2025-08-10 17:25:19.985073
164,63,purchase,2025-07-09 17:25:19.985073
161,89,click,2025-10-08 17:25:19.985073
431,189,click,2025-08-12 17:25:19.985073
13,190,click,2025-08-11 17:25:19.985073
296,89,add_to_cart,2025-07-16 17:25:19.985073
89,26,click,2025-11-13 17:25:19.985073
324,176,add_to_cart,2025-10-13 17:25:19.985073
42,264,click,2025-07-25 17:25:19.985073
403,42,click,2025-06-22 17:25:19.985073
210,119,click,2025-09-14 17:25:19.985073
229,169,add_to_cart,2025-08-15 17:25:19.985073
350,108,click,2025-12-01 17:25:19.985073
275,147,click,2025-11-26 17:25:19.985073
442,176,purchase,2025-11-24 17:25:19.985073
279,189,add_to_cart,2025-12-06 17:25:19.985073
251,160,click,2025-09-11 17:25:19.985073
310,74,click,2025-07-13 17:25:19.985073
208,18,click,2025-08-01 17:25:19.985073
321,140,click,2025-11-15 17:25:19.985073
140,115,add_to_cart,2025-09-11 17:25:19.985073
280,225,click,2025-10-03 17:25:19.985073
34,46,purchase,2025-07-10 17:25:19.985073
309,38,click,2025-10-02 17:25:19.985073
392,206,click,2025-06-28 17:25:19.985073
18,9,purchase,2025-10-03 17:25:19.985073
57,253,click,2025-08-01 17:25:19.985073
112,108,purchase,2025-11-04 17:25:19.985073
5,98,add_to_cart,2025-10-03 17:25:19.985073
410,275,click,2025-06-21 17:25:19.985073
414,71,click,2025-07-04 17:25:19.985073
182,39,click,2025-09-23 17:25:19.985073
13,298,purchase,2025-07-24 17:25:19.985073
339,90,click,2025-06-23 17:25:19.985073
285,219,click,2025-12-14 17:25:19.985073
259,107,click,2025-11-04 17:25:19.985073
90,96,add_to_cart,2025-09-01 17:25:19.985073
104,32,click,2025-07-30 17:25:19.985073
379,126,click,2025-08-11 17:25:19.985073
186,147,purchase,2025-10-04 17:25:19.985073
250,280,click,2025-06-26 17:25:19.985073
255,24,click,2025-06-26 17:25:19.985073
76,209,add_to_cart,2025-07-12 17:25:19.985073
386,120,add_to_cart,2025-07-07 17:25:19.985073
459,274,click,2025-09-12 17:25:19.985073
108,140,click,2025-09-17 17:25:19.985073
156,297,click,2025-08-17 17:25:19.985073
82,82,click,2025-11-26 17:25:19.985073
77,208,add_to_cart,2025-10-05 17:25:19.985073
485,33,click,2025-10-07 17:25:19.985073
470,24,add_to_cart,2025-07-23 17:25:19.985073
460,61,click,2025-08-21 17:25:19.985073
258,189,add_to_cart,2025-10-25 17:25:19.985073
127,84,click,2025-11-21 17:25:19.985073
485,225,purchase,2025-10-11 17:25:19.985073
391,168,click,2025-11-18 17:25:19.985073
282,186,add_to_cart,2025-09-18 17:25:19.985073
474,72,click,2025-11-26 17:25:19.985073
88,74,click,2025-10-07 17:25:19.985073
204,153,add_to_cart,2025-11-09 17:25:19.985073
16,96,click,2025-11-30 17:25:19.985073
151,53,click,2025-07-06 17:25:19.985073
424,174,add_to_cart,2025-09-07 17:25:19.985073
254,110,add_to_cart,2025-09-29 17:25:19.985073
188,51,click,2025-12-02 17:25:19.985073
329,253,click,2025-11-22 17:25:19.985073
32,73,click,2025-09-24 17:25:19.985073
271,212,purchase,2025-11-08 17:25:19.985073
485,212,click,2025-09-25 17:25:19.985073
397,251,add_to_cart,2025-12-07 17:25:19.985073
5,168,click,2025-08-17 17:25:19.985073
459,263,click,2025-10-18 17:25:19.985073
330,230,click,2025-10-26 17:25:19.985073
308,239,add_to_cart,2025-08-29 17:25:19.985073
333,275,click,2025-10-26 17:25:19.985073
169,143,click,2025-11-27 17:25:19.985073
181,70,click,2025-10-15 17:25:19.985073
366,174,click,2025-12-06 17:25:19.985073
178,109,click,2025-07-03 17:25:19.985073
143,203,click,2025-08-07 17:25:19.985073
362,185,add_to_cart,2025-06-23 17:25:19.985073
248,291,click,2025-06-30 17:25:19.985073
127,92,click,2025-07-24 17:25:19.985073
263,259,purchase,2025-09-20 17:25:19.985073
40,206,click,2025-10-04 17:25:19.985073
412,52,purchase,2025-09-24 17:25:19.985073
416,181,click,2025-09-14 17:25:19.985073
355,3,click,2025-12-01 17:25:19.985073
255,84,click,2025-09-01 17:25:19.985073
143,214,click,2025-09-07 17:25:19.985073
240,34,click,2025-10-01 17:25:19.985073
228,50,click,2025-09-29 17:25:19.985073
341,289,add_to_cart,2025-07-26 17:25:19.985073
198,259,click,2025-08-23 17:25:19.985073
65,258,click,2025-09-12 17:25:19.985073
388,272,click,2025-08-05 17:25:19.985073
11,182,add_to_cart,2025-11-02 17:25:19.985073
108,33,click,2025-12-13 17:25:19.985073
26,265,click,2025-10-30 17:25:19.985073
445,40,add_to_cart,2025-07-11 17:25:19.985073
421,210,purchase,2025-12-04 17:25:19.985073
151,272,click,2025-12-01 17:25:19.985073
221,136,purchase,2025-07-03 17:25:19.985073
341,87,click,2025-11-18 17:25:19.985073
496,60,purchase,2025-06-22 17:25:19.985073
237,164,add_to_cart,2025-09-20 17:25:19.985073
237,3,purchase,2025-06-24 17:25:19.985073
497,15,add_to_cart,2025-10-02 17:25:19.985073
219,102,click,2025-09-13 17:25:19.985073
487,255,click,2025-12-04 17:25:19.985073
424,225,click,2025-10-23 17:25:19.985073
461,210,click,2025-09-24 17:25:19.985073
151,23,click,2025-11-14 17:25:19.985073
123,235,purchase,2025-08-09 17:25:19.985073
144,131,click,2025-07-25 17:25:19.985073
478,158,click,2025-12-05 17:25:19.985073
189,173,click,2025-09-10 17:25:19.985073
255,17,add_to_cart,2025-10-22 17:25:19.985073
68,185,click,2025-07-05 17:25:19.985073
104,184,click,2025-11-16 17:25:19.985073
336,143,purchase,2025-10-09 17:25:19.985073
159,44,add_to_cart,2025-10-21 17:25:19.985073
309,12,add_to_cart,2025-09-18 17:25:19.985073
362,8,add_to_cart,2025-09-09 17:25:19.985073
409,80,click,2025-11-29 17:25:19.985073
300,297,add_to_cart,2025-07-08 17:25:19.985073
396,162,click,2025-07-11 17:25:19.985073
90,216,click,2025-12-03 17:25:19.985073
357,248,click,2025-07-29 17:25:19.985073
256,29,click,2025-08-14 17:25:19.985073
496,272,click,2025-11-14 17:25:19.985073
353,133,click,2025-09-20 17:25:19.985073
220,5,click,2025-09-14 17:25:19.985073
9,244,click,2025-11-12 17:25:19.985073
12,30,add_to_cart,2025-09-24 17:25:19.985073
325,117,click,2025-12-04 17:25:19.985073
438,178,purchase,2025-12-12 17:25:19.985073
244,261,click,2025-09-18 17:25:19.985073
182,235,add_to_cart,2025-07-15 17:25:19.985073
284,141,add_to_cart,2025-09-25 17:25:19.985073
312,50,purchase,2025-08-10 17:25:19.985073
99,270,click,2025-07-11 17:25:19.985073
197,108,click,2025-08-16 17:25:19.985073
482,46,click,2025-07-07 17:25:19.985073
366,82,click,2025-11-13 17:25:19.985073
226,126,click,2025-07-10 17:25:19.985073
333,84,add_to_cart,2025-10-21 17:25:19.985073
103,290,click,2025-10-15 17:25:19.985073
106,71,click,2025-11-15 17:25:19.985073
365,175,click,2025-11-22 17:25:19.985073
368,91,click,2025-10-08 17:25:19.985073
58,249,purchase,2025-06-20 17:25:19.985073
78,132,purchase,2025-09-09 17:25:19.985073
75,169,click,2025-12-07 17:25:19.985073
42,60,click,2025-12-08 17:25:19.985073
422,241,purchase,2025-08-31 17:25:19.985073
324,190,click,2025-07-05 17:25:19.985073
181,281,add_to_cart,2025-09-14 17:25:19.985073
33,232,purchase,2025-10-08 17:25:19.985073
71,289,click,2025-10-31 17:25:19.985073
56,275,click,2025-07-31 17:25:19.985073
105,15,click,2025-09-05 17:25:19.985073
200,41,purchase,2025-10-03 17:25:19.985073
101,208,click,2025-08-11 17:25:19.985073
256,60,click,2025-07-30 17:25:19.986090
307,240,add_to_cart,2025-08-22 17:25:19.986090
74,96,add_to_cart,2025-12-08 17:25:19.986090
171,278,click,2025-10-09 17:25:19.986090
377,160,click,2025-07-23 17:25:19.986090
143,282,click,2025-08-10 17:25:19.986090
166,209,click,2025-08-16 17:25:19.986090
399,133,click,2025-12-13 17:25:19.986090
261,97,add_to_cart,2025-08-30 17:25:19.986090
221,219,click,2025-07-26 17:25:19.986090
83,71,click,2025-08-10 17:25:19.986090
182,274,click,2025-08-18 17:25:19.986090
307,134,click,2025-10-22 17:25:19.986090
10,66,add_to_cart,2025-10-07 17:25:19.986090
396,127,add_to_cart,2025-08-17 17:25:19.986090
4,205,add_to_cart,2025-09-07 17:25:19.986090
351,298,add_to_cart,2025-11-14 17:25:19.986090
402,117,add_to_cart,2025-12-10 17:25:19.986090
336,267,click,2025-07-25 17:25:19.986090
488,282,click,2025-11-30 17:25:19.986090
292,149,add_to_cart,2025-12-02 17:25:19.986090
281,194,click,2025-10-15 17:25:19.986090
215,168,click,2025-07-23 17:25:19.986090
460,179,click,2025-12-08 17:25:19.986090
98,148,click,2025-08-05 17:25:19.986090
420,57,click,2025-09-19 17:25:19.986090
101,5,add_to_cart,2025-11-05 17:25:19.986090
451,14,click,2025-08-27 17:25:19.986090
9,280,purchase,2025-10-18 17:25:19.986090
61,216,click,2025-12-07 17:25:19.986090
309,175,click,2025-11-04 17:25:19.986090
146,3,click,2025-11-28 17:25:19.986090
427,137,click,2025-10-31 17:25:19.986090
419,100,purchase,2025-08-15 17:25:19.986090
63,83,click,2025-06-23 17:25:19.986090
121,280,click,2025-11-18 17:25:19.986090
226,132,click,2025-11-09 17:25:19.986090
105,1,click,2025-10-03 17:25:19.986090
462,116,click,2025-11-26 17:25:19.986090
260,202,click,2025-07-03 17:25:19.986090
349,140,click,2025-06-30 17:25:19.986090
425,146,add_to_cart,2025-08-26 17:25:19.986090
255,266,add_to_cart,2025-08-14 17:25:19.986090
429,202,click,2025-07-21 17:25:19.986090
434,152,click,2025-07-18 17:25:19.986090
207,222,add_to_cart,2025-10-27 17:25:19.986090
28,79,add_to_cart,2025-08-05 17:25:19.986090
170,200,click,2025-10-04 17:25:19.986090
336,250,click,2025-11-03 17:25:19.986090
76,99,click,2025-08-12 17:25:19.986090
116,213,click,2025-09-02 17:25:19.986090
69,143,click,2025-11-10 17:25:19.986090
354,190,click,2025-09-06 17:25:19.986090
234,52,add_to_cart,2025-12-13 17:25:19.986090
1,112,click,2025-11-10 17:25:19.986090
167,135,click,2025-08-26 17:25:19.986090
352,112,add_to_cart,2025-11-01 17:25:19.986090
218,13,add_to_cart,2025-09-07 17:25:19.986090
273,273,click,2025-07-12 17:25:19.986090
368,233,click,2025-07-15 17:25:19.986090
251,44,click,2025-08-02 17:25:19.986090
347,73,click,2025-10-04 17:25:19.986090
344,261,click,2025-07-19 17:25:19.986090
419,231,click,2025-10-08 17:25:19.986090
174,33,click,2025-06-27 17:25:19.986090
170,68,add_to_cart,2025-06-30 17:25:19.986090
246,16,click,2025-07-05 17:25:19.986090
423,150,click,2025-07-11 17:25:19.986090
90,292,click,2025-10-28 17:25:19.986090
49,102,add_to_cart,2025-08-29 17:25:19.986090
446,186,purchase,2025-08-19 17:25:19.986090
294,25,add_to_cart,2025-11-29 17:25:19.986090
407,72,purchase,2025-07-11 17:25:19.986090
150,81,click,2025-08-14 17:25:19.986090
132,61,click,2025-12-12 17:25:19.986090
433,18,click,2025-07-06 17:25:19.986090
59,242,click,2025-09-23 17:25:19.986090
457,58,click,2025-07-24 17:25:19.986090
324,57,click,2025-08-03 17:25:19.986090
199,97,click,2025-09-04 17:25:19.986090
215,215,click,2025-08-21 17:25:19.986090
386,12,purchase,2025-10-15 17:25:19.986090
49,11,click,2025-10-19 17:25:19.986090
472,163,click,2025-06-27 17:25:19.986090
232,283,click,2025-10-19 17:25:19.986090
247,217,add_to_cart,2025-09-01 17:25:19.986090
382,241,add_to_cart,2025-10-05 17:25:19.986090
479,45,click,2025-08-01 17:25:19.986090
239,81,click,2025-12-10 17:25:19.986090
415,255,add_to_cart,2025-11-27 17:25:19.986090
367,67,click,2025-09-21 17:25:19.986090
168,102,purchase,2025-08-27 17:25:19.986090
48,91,click,2025-07-21 17:25:19.986090
51,42,click,2025-10-13 17:25:19.986090
299,276,purchase,2025-07-14 17:25:19.986090
98,274,click,2025-08-03 17:25:19.986090
439,77,click,2025-08-20 17:25:19.986090
216,234,click,2025-11-22 17:25:19.986090
177,202,add_to_cart,2025-08-15 17:25:19.986090
380,221,click,2025-12-08 17:25:19.986090
474,262,click,2025-10-10 17:25:19.986090
80,39,click,2025-12-05 17:25:19.986090
185,11,add_to_cart,2025-09-07 17:25:19.986090
367,112,click,2025-10-11 17:25:19.986090
461,108,click,2025-08-09 17:25:19.986090
399,94,click,2025-12-09 17:25:19.986090
27,84,add_to_cart,2025-11-22 17:25:19.986090
452,58,add_to_cart,2025-07-29 17:25:19.986090
464,293,click,2025-10-14 17:25:19.986090
448,16,add_to_cart,2025-10-05 17:25:19.986090
478,93,click,2025-07-28 17:25:19.986090
492,165,click,2025-09-19 17:25:19.986090
414,215,add_to_cart,2025-08-22 17:25:19.986090
420,144,click,2025-11-22 17:25:19.986090
195,274,add_to_cart,2025-11-08 17:25:19.986090
214,138,purchase,2025-12-06 17:25:19.986090
369,204,click,2025-07-11 17:25:19.986090
342,210,click,2025-09-19 17:25:19.986090
114,19,purchase,2025-11-19 17:25:19.986090
242,294,click,2025-11-16 17:25:19.986090
124,293,click,2025-08-10 17:25:19.986090
305,162,click,2025-08-21 17:25:19.986090
76,130,click,2025-12-14 17:25:19.986090
311,44,add_to_cart,2025-12-08 17:25:19.986090
469,83,click,2025-07-24 17:25:19.986090
312,124,add_to_cart,2025-10-29 17:25:19.986090
196,27,add_to_cart,2025-10-13 17:25:19.986090
351,7,click,2025-07-28 17:25:19.986090
44,199,click,2025-07-20 17:25:19.986090
415,112,add_to_cart,2025-08-31 17:25:19.986090
186,89,add_to_cart,2025-08-08 17:25:19.986090
343,128,click,2025-08-11 17:25:19.986090
246,230,click,2025-09-23 17:25:19.986090
437,18,click,2025-07-18 17:25:19.986090
84,289,click,2025-11-30 17:25:19.986090
207,161,click,2025-07-28 17:25:19.986090
151,281,add_to_cart,2025-08-06 17:25:19.986090
156,166,click,2025-12-14 17:25:19.986090
16,260,purchase,2025-08-24 17:25:19.986090
165,190,add_to_cart,2025-10-12 17:25:19.986090
405,266,click,2025-11-20 17:25:19.986090
463,291,click,2025-11-16 17:25:19.986090
145,279,add_to_cart,2025-08-20 17:25:19.986090
498,217,add_to_cart,2025-11-08 17:25:19.986090
37,207,purchase,2025-07-21 17:25:19.986090
333,153,click,2025-11-21 17:25:19.986090
403,181,click,2025-08-13 17:25:19.986090
414,212,purchase,2025-10-25 17:25:19.986090
45,273,click,2025-09-24 17:25:19.986090
402,203,add_to_cart,2025-09-16 17:25:19.986090
206,205,click,2025-07-31 17:25:19.986090
62,153,add_to_cart,2025-06-30 17:25:19.986090
420,170,click,2025-10-16 17:25:19.986090
356,241,add_to_cart,2025-08-27 17:25:19.987090
468,287,click,2025-12-14 17:25:19.987090
308,245,purchase,2025-09-26 17:25:19.987090
19,80,click,2025-08-03 17:25:19.987090
365,92,click,2025-10-17 17:25:19.987090
300,149,click,2025-09-27 17:25:19.987090
7,30,purchase,2025-08-25 17:25:19.987090
249,123,click,2025-11-19 17:25:19.987090
428,29,click,2025-12-15 17:25:19.987090
117,259,click,2025-09-21 17:25:19.987090
68,186,click,2025-07-14 17:25:19.987090
34,75,click,2025-09-27 17:25:19.987090
194,45,click,2025-10-17 17:25:19.987090
325,69,add_to_cart,2025-10-24 17:25:19.987090
55,210,click,2025-11-10 17:25:19.987090
266,239,add_to_cart,2025-07-17 17:25:19.987090
480,192,add_to_cart,2025-11-11 17:25:19.987090
42,103,purchase,2025-11-13 17:25:19.987090
297,241,add_to_cart,2025-07-24 17:25:19.987090
461,253,click,2025-10-08 17:25:19.987090
231,220,add_to_cart,2025-07-06 17:25:19.987090
453,217,click,2025-08-31 17:25:19.987090
378,202,click,2025-06-24 17:25:19.987090
394,29,add_to_cart,2025-09-09 17:25:19.987090
10,212,purchase,2025-09-11 17:25:19.987090
358,154,click,2025-09-18 17:25:19.987090
475,231,click,2025-10-18 17:25:19.987090
444,102,click,2025-10-16 17:25:19.987090
128,177,click,2025-07-19 17:25:19.987090
179,181,add_to_cart,2025-11-19 17:25:19.987090
405,232,click,2025-08-26 17:25:19.987090
392,12,click,2025-09-17 17:25:19.987090
193,186,click,2025-12-01 17:25:19.987090
92,249,purchase,2025-07-05 17:25:19.987090
369,266,add_to_cart,2025-08-29 17:25:19.987090
231,135,add_to_cart,2025-11-05 17:25:19.987090
78,245,click,2025-06-26 17:25:19.987090
85,31,purchase,2025-06-28 17:25:19.987090
30,259,click,2025-12-04 17:25:19.987090
213,104,purchase,2025-09-11 17:25:19.987090
49,1,click,2025-12-12 17:25:19.987090
265,207,click,2025-08-19 17:25:19.987090
145,135,click,2025-12-11 17:25:19.987090
69,271,click,2025-08-08 17:25:19.987090
58,89,click,2025-10-31 17:25:19.987090
185,195,purchase,2025-10-02 17:25:19.987090
62,122,click,2025-08-12 17:25:19.987090
479,116,click,2025-08-01 17:25:19.987090
308,196,click,2025-08-02 17:25:19.987090
445,36,click,2025-10-19 17:25:19.987090
296,67,add_to_cart,2025-09-04 17:25:19.987090
166,133,click,2025-10-14 17:25:19.987090
171,281,add_to_cart,2025-07-26 17:25:19.987090
63,11,click,2025-10-04 17:25:19.987090
147,218,purchase,2025-06-29 17:25:19.987090
484,156,click,2025-06-21 17:25:19.987090
306,240,purchase,2025-09-13 17:25:19.987090
161,60,click,2025-06-20 17:25:19.987090
141,138,add_to_cart,2025-07-16 17:25:19.987090
334,50,click,2025-07-19 17:25:19.987090
97,167,click,2025-11-24 17:25:19.987090
446,165,click,2025-09-13 17:25:19.987090
221,189,add_to_cart,2025-08-21 17:25:19.987090
43,92,click,2025-10-03 17:25:19.987090
433,294,click,2025-10-13 17:25:19.987090
292,289,add_to_cart,2025-07-19 17:25:19.987090
378,75,add_to_cart,2025-07-28 17:25:19.987090
108,45,purchase,2025-07-14 17:25:19.988099
266,53,click,2025-10-30 17:25:19.988099
95,175,click,2025-09-16 17:25:19.988099
262,161,click,2025-11-25 17:25:19.988099
313,67,add_to_cart,2025-11-15 17:25:19.988099
385,270,purchase,2025-08-17 17:25:19.988099
71,124,purchase,2025-11-08 17:25:19.988099
442,182,purchase,2025-11-07 17:25:19.988099
219,182,purchase,2025-07-05 17:25:19.988099
21,36,purchase,2025-09-07 17:25:19.988099
92,212,click,2025-12-05 17:25:19.988099
127,134,purchase,2025-10-08 17:25:19.988099
80,178,add_to_cart,2025-11-12 17:25:19.988099
312,166,click,2025-12-11 17:25:19.988099
238,46,click,2025-11-26 17:25:19.988099
471,156,click,2025-10-14 17:25:19.988099
372,236,add_to_cart,2025-11-01 17:25:19.988099
404,60,add_to_cart,2025-06-29 17:25:19.988099
486,5,click,2025-12-03 17:25:19.988099
182,181,add_to_cart,2025-08-01 17:25:19.988099
25,145,click,2025-08-05 17:25:19.988099
156,265,add_to_cart,2025-07-03 17:25:19.988099
5,223,add_to_cart,2025-09-13 17:25:19.988099
120,237,purchase,2025-06-22 17:25:19.988099
277,13,click,2025-09-15 17:25:19.988099
18,268,purchase,2025-09-06 17:25:19.988099
431,266,click,2025-07-13 17:25:19.988099
198,16,click,2025-08-17 17:25:19.988099
57,92,click,2025-08-14 17:25:19.988099
93,248,add_to_cart,2025-06-28 17:25:19.988099
19,19,purchase,2025-06-30 17:25:19.988099
384,103,click,2025-06-27 17:25:19.988099
353,95,purchase,2025-07-12 17:25:19.988099
193,283,click,2025-10-09 17:25:19.988099
237,213,click,2025-11-21 17:25:19.988099
387,37,click,2025-12-02 17:25:19.988099
426,61,click,2025-10-15 17:25:19.988099
277,291,purchase,2025-07-24 17:25:19.988099
227,244,add_to_cart,2025-08-21 17:25:19.988099
233,6,click,2025-07-22 17:25:19.988099
40,165,add_to_cart,2025-07-12 17:25:19.988099
323,13,click,2025-09-07 17:25:19.988099
153,25,click,2025-10-11 17:25:19.988099
127,224,click,2025-11-01 17:25:19.988099
237,123,add_to_cart,2025-10-06 17:25:19.988099
486,129,purchase,2025-11-18 17:25:19.988099
493,122,click,2025-10-18 17:25:19.988099
55,35,click,2025-12-08 17:25:19.988099
468,83,click,2025-12-06 17:25:19.988099
436,182,click,2025-11-25 17:25:19.988099
172,76,add_to_cart,2025-11-11 17:25:19.988099
109,104,click,2025-12-12 17:25:19.988099
354,232,add_to_cart,2025-09-22 17:25:19.988099
469,43,click,2025-11-21 17:25:19.988099
184,93,click,2025-11-26 17:25:19.988099
439,144,click,2025-09-11 17:25:19.988099
368,254,click,2025-09-11 17:25:19.988099
471,78,purchase,2025-08-11 17:25:19.988099
198,263,click,2025-11-24 17:25:19.988099
371,70,click,2025-10-28 17:25:19.988099
373,149,add_to_cart,2025-09-18 17:25:19.988099
461,292,purchase,2025-12-10 17:25:19.988099
497,214,purchase,2025-06-20 17:25:19.988099
87,147,click,2025-07-14 17:25:19.988099
201,25,click,2025-07-23 17:25:19.988099
337,109,add_to_cart,2025-12-04 17:25:19.988099
322,181,add_to_cart,2025-11-18 17:25:19.988099
275,251,click,2025-11-27 17:25:19.988099
211,203,click,2025-11-03 17:25:19.988099
391,170,click,2025-09-08 17:25:19.988099
118,175,click,2025-07-26 17:25:19.988099
191,170,click,2025-11-10 17:25:19.988099
42,2,click,2025-09-10 17:25:19.988099
42,134,click,2025-09-22 17:25:19.988099
315,127,click,2025-11-04 17:25:19.988099
276,46,click,2025-09-16 17:25:19.988099
329,194,click,2025-08-12 17:25:19.988099
17,209,click,2025-11-01 17:25:19.988099
283,296,purchase,2025-11-16 17:25:19.988099
431,58,click,2025-11-07 17:25:19.988099
258,78,add_to_cart,2025-06-25 17:25:19.988099
63,202,add_to_cart,2025-11-16 17:25:19.988099
62,289,click,2025-08-29 17:25:19.988099
100,62,click,2025-09-19 17:25:19.988099
19,268,click,2025-09-21 17:25:19.988099
17,126,add_to_cart,2025-11-09 17:25:19.988099
325,49,click,2025-09-17 17:25:19.988099
423,88,click,2025-07-19 17:25:19.988099
466,261,add_to_cart,2025-09-10 17:25:19.988099
373,179,add_to_cart,2025-11-22 17:25:19.988099
246,69,click,2025-10-08 17:25:19.988099
251,60,add_to_cart,2025-09-19 17:25:19.988099
455,249,click,2025-09-08 17:25:19.988099
81,169,add_to_cart,2025-08-16 17:25:19.988099
39,269,click,2025-09-21 17:25:19.988099
36,112,add_to_cart,2025-07-08 17:25:19.988099
424,100,click,2025-11-29 17:25:19.988099
429,215,click,2025-12-04 17:25:19.988099
388,113,click,2025-11-16 17:25:19.988099
486,97,add_to_cart,2025-07-28 17:25:19.988099
409,118,click,2025-12-10 17:25:19.988099
197,36,click,2025-08-13 17:25:19.988099
158,290,click,2025-12-05 17:25:19.988099
204,124,click,2025-08-10 17:25:19.988099
196,40,add_to_cart,2025-08-14 17:25:19.988099
216,141,purchase,2025-10-17 17:25:19.988099
285,26,add_to_cart,2025-12-06 17:25:19.988099
457,142,purchase,2025-11-30 17:25:19.988099
196,57,click,2025-09-23 17:25:19.988099
307,150,click,2025-06-29 17:25:19.988099
152,205,click,2025-06-27 17:25:19.988099
14,76,purchase,2025-07-22 17:25:19.988099
325,285,add_to_cart,2025-09-07 17:25:19.988099
146,210,click,2025-12-01 17:25:19.988099
426,258,click,2025-09-22 17:25:19.988099
57,259,click,2025-11-07 17:25:19.988099
211,184,click,2025-12-11 17:25:19.988099
268,11,add_to_cart,2025-09-21 17:25:19.988099
210,160,click,2025-11-15 17:25:19.988099
17,260,purchase,2025-07-13 17:25:19.988099
286,88,purchase,2025-11-08 17:25:19.988099
344,184,purchase,2025-06-19 17:25:19.988099
203,16,purchase,2025-07-26 17:25:19.988099
99,244,click,2025-11-27 17:25:19.988099
279,86,purchase,2025-07-06 17:25:19.988099
209,199,click,2025-12-01 17:25:19.988099
129,10,purchase,2025-08-24 17:25:19.988099
335,164,click,2025-09-19 17:25:19.988099
288,24,click,2025-06-24 17:25:19.988099
252,64,click,2025-07-21 17:25:19.988099
265,238,click,2025-12-07 17:25:19.988099
271,238,purchase,2025-12-11 17:25:19.988099
412,22,add_to_cart,2025-07-30 17:25:19.988099
408,180,click,2025-08-20 17:25:19.988099
188,47,click,2025-09-04 17:25:19.988099
419,279,add_to_cart,2025-09-16 17:25:19.988099
214,224,click,2025-12-14 17:25:19.988099
283,218,add_to_cart,2025-06-19 17:25:19.988099
211,237,click,2025-07-21 17:25:19.988099
365,204,add_to_cart,2025-11-25 17:25:19.988099
76,19,purchase,2025-10-26 17:25:19.988099
148,180,click,2025-07-11 17:25:19.988099
321,162,click,2025-06-23 17:25:19.988099
213,285,purchase,2025-12-15 17:25:19.988099
433,61,purchase,2025-07-06 17:25:19.988099
109,85,purchase,2025-07-15 17:25:19.988099
129,35,click,2025-12-07 17:25:19.988099
10,5,click,2025-08-25 17:25:19.988099
47,76,click,2025-07-01 17:25:19.988099
379,253,click,2025-11-25 17:25:19.988099
315,7,add_to_cart,2025-09-27 17:25:19.988099
96,169,click,2025-07-29 17:25:19.988099
446,130,add_to_cart,2025-11-09 17:25:19.988099
103,138,purchase,2025-09-16 17:25:19.988099
380,300,purchase,2025-10-06 17:25:19.988099
342,91,click,2025-07-17 17:25:19.988099
146,163,click,2025-06-21 17:25:19.988099
368,253,add_to_cart,2025-08-28 17:25:19.988099
430,201,click,2025-09-03 17:25:19.988099
416,20,add_to_cart,2025-08-29 17:25:19.989090
27,229,purchase,2025-07-13 17:25:19.989090
220,163,click,2025-12-12 17:25:19.989090
18,165,click,2025-07-29 17:25:19.989090
167,232,click,2025-10-10 17:25:19.989090
433,238,add_to_cart,2025-07-04 17:25:19.989090
477,120,click,2025-12-12 17:25:19.989090
82,107,add_to_cart,2025-12-01 17:25:19.989090
428,250,purchase,2025-07-13 17:25:19.989090
72,284,click,2025-11-09 17:25:19.989090
310,198,purchase,2025-08-01 17:25:19.989090
479,220,add_to_cart,2025-12-02 17:25:19.989090
254,151,purchase,2025-08-15 17:25:19.989090
162,286,click,2025-08-27 17:25:19.989090
327,265,click,2025-08-12 17:25:19.989090
420,220,click,2025-09-25 17:25:19.989090
402,216,click,2025-10-27 17:25:19.989090
38,156,click,2025-09-29 17:25:19.989090
443,216,purchase,2025-11-21 17:25:19.989090
393,114,click,2025-11-07 17:25:19.989090
201,161,purchase,2025-11-20 17:25:19.989090
494,98,click,2025-10-17 17:25:19.989090
200,157,click,2025-10-25 17:25:19.989090
255,162,click,2025-10-07 17:25:19.989090
179,42,purchase,2025-07-15 17:25:19.989090
35,180,click,2025-10-29 17:25:19.989090
82,51,click,2025-10-23 17:25:19.989090
389,252,purchase,2025-08-23 17:25:19.989090
398,120,click,2025-06-30 17:25:19.989090
220,75,add_to_cart,2025-08-22 17:25:19.989090
158,162,click,2025-08-09 17:25:19.989090
4,149,click,2025-08-24 17:25:19.989090
167,123,click,2025-11-25 17:25:19.989090
468,141,purchase,2025-08-28 17:25:19.989090
448,182,purchase,2025-10-05 17:25:19.989090
409,277,click,2025-07-16 17:25:19.989090
412,257,click,2025-11-28 17:25:19.989090
204,245,click,2025-12-01 17:25:19.989090
194,86,click,2025-11-04 17:25:19.989090
235,71,click,2025-11-26 17:25:19.989090
206,269,click,2025-11-30 17:25:19.989090
150,180,click,2025-08-03 17:25:19.989090
159,279,click,2025-09-12 17:25:19.989090
279,149,add_to_cart,2025-09-14 17:25:19.989090
304,6,purchase,2025-09-26 17:25:19.989090
404,148,click,2025-08-05 17:25:19.989090
381,168,add_to_cart,2025-07-23 17:25:19.989090
166,9,click,2025-09-29 17:25:19.989090
311,178,click,2025-09-12 17:25:19.989090
68,284,add_to_cart,2025-07-23 17:25:19.989090
463,116,add_to_cart,2025-10-13 17:25:19.989090
88,96,click,2025-07-16 17:25:19.989090
217,56,click,2025-11-20 17:25:19.989090
1,207,purchase,2025-07-25 17:25:19.989090
135,105,add_to_cart,2025-09-30 17:25:19.989090
185,35,add_to_cart,2025-10-19 17:25:19.989090
351,209,add_to_cart,2025-09-11 17:25:19.989090
140,281,click,2025-07-14 17:25:19.989090
106,147,click,2025-06-22 17:25:19.989090
133,287,purchase,2025-10-30 17:25:19.989090
108,81,click,2025-10-06 17:25:19.989090
178,50,click,2025-08-15 17:25:19.989090
298,87,add_to_cart,2025-06-21 17:25:19.989090
358,191,click,2025-10-31 17:25:19.989090
380,1,click,2025-12-08 17:25:19.989090
396,138,click,2025-12-14 17:25:19.989090
359,136,click,2025-07-23 17:25:19.989090
146,154,add_to_cart,2025-11-10 17:25:19.989090
450,162,click,2025-09-19 17:25:19.989090
74,19,click,2025-08-19 17:25:19.989090
463,243,click,2025-11-04 17:25:19.989090
478,129,click,2025-09-05 17:25:19.989090
108,176,click,2025-07-30 17:25:19.989090
122,280,click,2025-10-18 17:25:19.989090
17,84,add_to_cart,2025-06-19 17:25:19.989090
196,222,add_to_cart,2025-10-28 17:25:19.989090
327,145,click,2025-09-03 17:25:19.989090
318,106,click,2025-08-10 17:25:19.989090
297,11,click,2025-10-03 17:25:19.989090
479,166,click,2025-11-16 17:25:19.989090
499,196,click,2025-11-18 17:25:19.989090
252,231,click,2025-09-14 17:25:19.989090
487,147,click,2025-06-20 17:25:19.989090
119,238,purchase,2025-11-19 17:25:19.989090
162,13,add_to_cart,2025-08-11 17:25:19.989090
198,219,purchase,2025-09-09 17:25:19.989090
498,257,click,2025-10-25 17:25:19.989090
486,2,click,2025-07-07 17:25:19.989090
45,210,click,2025-07-09 17:25:19.989090
314,225,purchase,2025-11-02 17:25:19.989090
179,194,click,2025-08-06 17:25:19.989090
382,196,click,2025-10-29 17:25:19.989090
418,260,click,2025-09-09 17:25:19.989090
44,57,add_to_cart,2025-11-30 17:25:19.989090
271,113,click,2025-10-30 17:25:19.989090
78,213,click,2025-08-28 17:25:19.989090
326,279,purchase,2025-10-02 17:25:19.989090
178,244,click,2025-12-01 17:25:19.989090
357,117,click,2025-09-05 17:25:19.989090
498,87,click,2025-09-13 17:25:19.989090
416,263,add_to_cart,2025-07-25 17:25:19.989090
451,300,click,2025-08-09 17:25:19.989090
3,113,click,2025-07-16 17:25:19.989090
214,164,add_to_cart,2025-10-13 17:25:19.989090
342,4,click,2025-09-15 17:25:19.989090
74,118,purchase,2025-11-03 17:25:19.989090
51,23,add_to_cart,2025-12-02 17:25:19.989090
67,233,click,2025-06-23 17:25:19.989090
332,90,click,2025-10-09 17:25:19.989090
93,255,add_to_cart,2025-12-02 17:25:19.989090
176,92,add_to_cart,2025-07-26 17:25:19.989090
145,155,add_to_cart,2025-07-24 17:25:19.989090
7,115,click,2025-09-15 17:25:19.989090
269,207,purchase,2025-06-19 17:25:19.989090
376,81,click,2025-07-31 17:25:19.989090
322,103,click,2025-11-29 17:25:19.989090
4,80,purchase,2025-08-02 17:25:19.989090
138,103,add_to_cart,2025-12-14 17:25:19.989090
231,240,click,2025-10-12 17:25:19.989090
88,265,purchase,2025-08-19 17:25:19.989090
17,33,click,2025-09-08 17:25:19.989090
52,35,click,2025-08-31 17:25:19.989090
134,249,add_to_cart,2025-08-21 17:25:19.989090
211,50,click,2025-07-05 17:25:19.989090
325,280,purchase,2025-12-07 17:25:19.989090
480,242,add_to_cart,2025-07-27 17:25:19.989090
458,152,click,2025-10-03 17:25:19.989090
393,147,purchase,2025-11-24 17:25:19.989090
219,39,click,2025-11-30 17:25:19.989090
205,189,click,2025-06-30 17:25:19.989090
211,25,purchase,2025-07-13 17:25:19.989090
277,244,purchase,2025-09-13 17:25:19.989090
24,223,click,2025-07-12 17:25:19.989090
486,230,click,2025-07-13 17:25:19.989090
4,153,click,2025-09-21 17:25:19.989090
152,288,click,2025-11-14 17:25:19.989090
443,108,click,2025-06-19 17:25:19.989090
483,33,click,2025-12-05 17:25:19.989090
259,111,click,2025-07-15 17:25:19.989090
324,121,add_to_cart,2025-07-10 17:25:19.989090
357,16,click,2025-11-26 17:25:19.989090
168,227,click,2025-09-23 17:25:19.989090
176,11,purchase,2025-06-30 17:25:19.989090
310,203,click,2025-10-10 17:25:19.989090
291,202,add_to_cart,2025-11-02 17:25:19.989090
479,98,click,2025-09-12 17:25:19.989090
56,116,click,2025-09-01 17:25:19.989090
108,281,click,2025-08-03 17:25:19.989090
473,232,click,2025-09-13 17:25:19.989090
296,111,click,2025-10-23 17:25:19.989090
461,12,click,2025-09-25 17:25:19.989090
324,21,click,2025-12-03 17:25:19.989090
302,127,click,2025-11-13 17:25:19.989090
334,285,click,2025-08-03 17:25:19.989090
141,121,purchase,2025-07-11 17:25:19.989090
155,124,purchase,2025-12-05 17:25:19.989090
262,33,purchase,2025-10-07 17:25:19.989090
273,170,add_to_cart,2025-11-25 17:25:19.989090
420,77,click,2025-11-14 17:25:19.989090
232,297,click,2025-08-05 17:25:19.989090
241,63,add_to_cart,2025-09-01 17:25:19.989090
355,270,click,2025-09-14 17:25:19.989090
337,216,click,2025-11-11 17:25:19.989090
489,190,click,2025-10-30 17:25:19.989090
258,75,click,2025-12-04 17:25:19.989090
249,174,click,2025-11-09 17:25:19.990071
77,67,purchase,2025-11-02 17:25:19.990071
180,93,add_to_cart,2025-11-24 17:25:19.990071
66,53,click,2025-07-30 17:25:19.990071
308,94,add_to_cart,2025-09-20 17:25:19.990071
348,113,click,2025-10-22 17:25:19.990071
171,229,add_to_cart,2025-12-06 17:25:19.990071
474,250,purchase,2025-06-29 17:25:19.990071
22,209,click,2025-08-21 17:25:19.990071
367,182,add_to_cart,2025-09-27 17:25:19.990071
107,267,click,2025-10-01 17:25:19.990071
439,281,click,2025-06-21 17:25:19.990071
323,155,add_to_cart,2025-07-09 17:25:19.990071
227,83,add_to_cart,2025-09-19 17:25:19.990071
444,186,add_to_cart,2025-09-10 17:25:19.990071
442,139,purchase,2025-11-28 17:25:19.990071
396,55,add_to_cart,2025-08-27 17:25:19.990071
216,19,add_to_cart,2025-09-22 17:25:19.990071
69,267,add_to_cart,2025-10-12 17:25:19.990071
84,142,click,2025-08-15 17:25:19.990071
103,164,click,2025-08-30 17:25:19.990071
39,252,click,2025-07-16 17:25:19.990071
13,232,click,2025-08-15 17:25:19.990071
297,297,add_to_cart,2025-11-15 17:25:19.990071
313,60,click,2025-07-22 17:25:19.990071
181,22,click,2025-09-18 17:25:19.990071
493,126,purchase,2025-08-25 17:25:19.990071
268,103,click,2025-11-28 17:25:19.990071
13,221,click,2025-07-08 17:25:19.990071
120,110,click,2025-10-07 17:25:19.990071
458,58,add_to_cart,2025-12-09 17:25:19.990071
353,65,click,2025-12-15 17:25:19.990071
57,58,purchase,2025-09-05 17:25:19.990071
40,158,click,2025-09-08 17:25:19.990071
374,76,purchase,2025-09-20 17:25:19.990071
336,19,click,2025-09-27 17:25:19.990071
128,190,click,2025-10-18 17:25:19.990071
173,250,click,2025-11-12 17:25:19.990071
35,79,click,2025-06-19 17:25:19.990071
259,84,click,2025-07-30 17:25:19.990071
376,172,click,2025-12-08 17:25:19.990071
5,212,click,2025-09-19 17:25:19.990071
218,149,purchase,2025-10-24 17:25:19.990071
11,10,click,2025-07-26 17:25:19.990071
382,30,purchase,2025-11-18 17:25:19.990071
327,280,purchase,2025-07-27 17:25:19.990071
117,55,click,2025-09-17 17:25:19.990071
184,127,click,2025-10-20 17:25:19.990071
394,180,add_to_cart,2025-06-19 17:25:19.990071
362,232,add_to_cart,2025-11-09 17:25:19.990071
116,93,purchase,2025-12-14 17:25:19.990071
162,8,add_to_cart,2025-07-07 17:25:19.990071
67,247,click,2025-11-12 17:25:19.990071
200,196,click,2025-10-19 17:25:19.990071
31,163,purchase,2025-10-04 17:25:19.990071
75,40,add_to_cart,2025-08-30 17:25:19.990071
237,254,purchase,2025-08-21 17:25:19.990071
327,85,add_to_cart,2025-08-22 17:25:19.990071
493,272,click,2025-08-24 17:25:19.990071
66,78,purchase,2025-11-16 17:25:19.990071
70,213,purchase,2025-09-24 17:25:19.990071
297,255,click,2025-08-31 17:25:19.990071
447,91,click,2025-10-18 17:25:19.990071
416,193,click,2025-08-18 17:25:19.990071
20,253,add_to_cart,2025-07-17 17:25:19.990071
441,278,click,2025-07-26 17:25:19.990071
226,143,click,2025-07-19 17:25:19.990071
434,244,click,2025-07-09 17:25:19.990071
464,212,click,2025-10-02 17:25:19.990071
409,195,click,2025-09-14 17:25:19.990071
396,270,add_to_cart,2025-06-29 17:25:19.990071
199,19,purchase,2025-09-19 17:25:19.990071
39,40,click,2025-09-24 17:25:19.990071
145,98,add_to_cart,2025-10-22 17:25:19.990071
45,4,add_to_cart,2025-08-05 17:25:19.990071
395,33,click,2025-06-30 17:25:19.990071
326,299,click,2025-10-20 17:25:19.990071
381,165,click,2025-10-24 17:25:19.990071
407,27,click,2025-07-03 17:25:19.990071
91,173,purchase,2025-12-15 17:25:19.990071
238,113,add_to_cart,2025-10-17 17:25:19.990071
70,95,click,2025-10-01 17:25:19.990071
166,233,purchase,2025-10-31 17:25:19.990071
130,134,purchase,2025-12-12 17:25:19.990071
214,124,purchase,2025-12-01 17:25:19.990071
340,116,click,2025-09-26 17:25:19.990071
89,13,add_to_cart,2025-08-22 17:25:19.990071
335,165,add_to_cart,2025-12-04 17:25:19.990071
252,208,add_to_cart,2025-12-15 17:25:19.990071
369,85,click,2025-09-30 17:25:19.990071
349,248,add_to_cart,2025-11-16 17:25:19.990071
72,56,click,2025-08-04 17:25:19.990071
165,172,add_to_cart,2025-10-04 17:25:19.990071
49,141,add_to_cart,2025-10-27 17:25:19.990071
52,132,click,2025-08-08 17:25:19.990071
289,201,click,2025-12-10 17:25:19.990071
278,289,add_to_cart,2025-10-02 17:25:19.990071
114,179,click,2025-09-17 17:25:19.990071
239,29,click,2025-09-15 17:25:19.990071
133,36,add_to_cart,2025-09-30 17:25:19.990071
487,109,purchase,2025-07-03 17:25:19.990071
274,146,click,2025-10-01 17:25:19.990071
166,276,click,2025-09-24 17:25:19.990071
374,146,add_to_cart,2025-11-28 17:25:19.990071
373,168,purchase,2025-07-22 17:25:19.990071
293,257,click,2025-07-13 17:25:19.990071
478,275,click,2025-12-04 17:25:19.990071
243,87,click,2025-10-25 17:25:19.990071
479,154,purchase,2025-09-20 17:25:19.990071
320,285,click,2025-09-07 17:25:19.990071
138,98,click,2025-11-24 17:25:19.990071
79,211,click,2025-09-05 17:25:19.990071
170,48,click,2025-06-26 17:25:19.990071
123,274,add_to_cart,2025-10-15 17:25:19.990071
176,194,click,2025-11-04 17:25:19.990071
300,252,click,2025-10-10 17:25:19.990071
82,283,click,2025-08-01 17:25:19.990071
87,262,click,2025-07-26 17:25:19.990071
225,262,add_to_cart,2025-07-11 17:25:19.990071
16,31,click,2025-07-15 17:25:19.990071
310,105,purchase,2025-09-13 17:25:19.990071
358,169,click,2025-08-16 17:25:19.990071
163,236,click,2025-09-12 17:25:19.990071
98,274,click,2025-08-11 17:25:19.990071
156,230,purchase,2025-11-24 17:25:19.990071
2,23,click,2025-10-23 17:25:19.990071
350,164,add_to_cart,2025-08-13 17:25:19.990071
397,281,click,2025-10-19 17:25:19.990071
169,7,click,2025-09-08 17:25:19.990071
464,210,click,2025-11-27 17:25:19.990071
315,253,purchase,2025-07-07 17:25:19.990071
325,133,click,2025-07-27 17:25:19.990071
375,274,add_to_cart,2025-11-24 17:25:19.990071
92,106,purchase,2025-07-28 17:25:19.990071
181,232,click,2025-08-15 17:25:19.990071
231,33,click,2025-10-21 17:25:19.990071
301,79,click,2025-11-04 17:25:19.990071
148,35,click,2025-10-11 17:25:19.990071
280,110,click,2025-06-29 17:25:19.990071
189,63,add_to_cart,2025-11-12 17:25:19.990071
347,297,add_to_cart,2025-11-17 17:25:19.990071
350,178,add_to_cart,2025-07-15 17:25:19.990071
314,232,purchase,2025-07-18 17:25:19.990071
493,104,click,2025-11-10 17:25:19.990071
411,294,click,2025-08-20 17:25:19.990071
410,35,click,2025-12-07 17:25:19.990071
128,194,click,2025-09-22 17:25:19.990071
7,174,click,2025-11-04 17:25:19.990071
426,102,click,2025-10-10 17:25:19.990071
47,293,add_to_cart,2025-12-09 17:25:19.990071
53,85,purchase,2025-11-23 17:25:19.990071
187,201,click,2025-07-09 17:25:19.990071
38,173,add_to_cart,2025-11-23 17:25:19.990071
453,29,add_to_cart,2025-11-30 17:25:19.990071
471,297,click,2025-10-08 17:25:19.990071
476,56,click,2025-12-03 17:25:19.990071
226,16,purchase,2025-12-06 17:25:19.990071
53,140,add_to_cart,2025-10-18 17:25:19.990071
399,66,purchase,2025-12-14 17:25:19.990071
224,147,click,2025-06-19 17:25:19.990071
154,158,click,2025-08-09 17:25:19.990071
48,69,click,2025-10-23 17:25:19.990071
351,23,purchase,2025-11-27 17:25:19.990071
147,190,click,2025-09-10 17:25:19.990071
393,248,click,2025-11-18 17:25:19.990071
64,145,click,2025-08-05 17:25:19.990071
349,177,click,2025-10-01 17:25:19.990071
182,195,click,2025-07-11 17:25:19.990071
125,13,add_to_cart,2025-11-27 17:25:19.990071
179,166,click,2025-09-03 17:25:19.990071
39,150,click,2025-11-04 17:25:19.990071
260,45,click,2025-07-16 17:25:19.990071
382,174,click,2025-11-11 17:25:19.990071
3,167,click,2025-12-07 17:25:19.990071
64,197,click,2025-11-07 17:25:19.990071
29,206,add_to_cart,2025-11-08 17:25:19.990071
372,82,click,2025-12-01 17:25:19.990071
11,68,click,2025-08-29 17:25:19.990071
97,97,click,2025-06-25 17:25:19.990071
358,167,click,2025-07-04 17:25:19.990071
442,77,click,2025-09-17 17:25:19.990071
203,237,add_to_cart,2025-08-13 17:25:19.990071
411,196,add_to_cart,2025-10-17 17:25:19.990071
481,291,add_to_cart,2025-10-15 17:25:19.991090
21,136,click,2025-11-15 17:25:19.991090
39,296,click,2025-11-16 17:25:19.991090
223,36,add_to_cart,2025-10-11 17:25:19.991090
102,248,click,2025-12-09 17:25:19.991090
46,254,click,2025-07-11 17:25:19.991090
66,214,add_to_cart,2025-07-08 17:25:19.991090
91,252,click,2025-08-26 17:25:19.991090
164,70,add_to_cart,2025-09-04 17:25:19.991090
459,234,click,2025-08-27 17:25:19.991090
111,16,click,2025-11-08 17:25:19.991090
338,174,purchase,2025-07-22 17:25:19.991090
123,187,click,2025-08-01 17:25:19.991090
193,294,click,2025-09-21 17:25:19.991090
447,225,click,2025-07-09 17:25:19.991090
99,274,click,2025-07-11 17:25:19.991090
291,12,click,2025-08-04 17:25:19.991090
159,219,click,2025-07-04 17:25:19.991090
412,1,purchase,2025-09-28 17:25:19.991090
103,111,purchase,2025-07-21 17:25:19.991090
385,277,add_to_cart,2025-11-16 17:25:19.991090
281,129,purchase,2025-11-28 17:25:19.991090
43,93,click,2025-07-19 17:25:19.991090
486,39,click,2025-09-19 17:25:19.991090
84,159,click,2025-09-12 17:25:19.991090
451,186,add_to_cart,2025-06-22 17:25:19.991090
191,256,click,2025-11-28 17:25:19.991090
51,239,click,2025-10-16 17:25:19.991090
386,104,add_to_cart,2025-09-25 17:25:19.991090
210,29,click,2025-09-29 17:25:19.991090
126,89,click,2025-08-03 17:25:19.991090
492,51,click,2025-08-03 17:25:19.991090
448,147,click,2025-10-12 17:25:19.991090
458,36,click,2025-11-06 17:25:19.991090
69,284,click,2025-08-22 17:25:19.991090
265,101,click,2025-11-22 17:25:19.991090
258,107,click,2025-07-09 17:25:19.991090
418,291,click,2025-12-06 17:25:19.991090
188,105,purchase,2025-08-01 17:25:19.991090
230,221,click,2025-11-07 17:25:19.991090
189,76,add_to_cart,2025-08-07 17:25:19.991090
415,227,add_to_cart,2025-08-30 17:25:19.991090
10,84,click,2025-10-08 17:25:19.991090
114,76,click,2025-12-09 17:25:19.991090
76,249,click,2025-07-29 17:25:19.991090
164,255,add_to_cart,2025-11-23 17:25:19.991090
85,50,click,2025-09-18 17:25:19.991090
49,210,click,2025-11-29 17:25:19.991090
495,158,click,2025-09-29 17:25:19.991090
326,233,click,2025-10-12 17:25:19.991090
496,77,click,2025-09-21 17:25:19.991090
177,223,purchase,2025-11-18 17:25:19.991090
387,121,click,2025-10-19 17:25:19.991090
458,107,click,2025-11-28 17:25:19.991090
389,241,add_to_cart,2025-08-28 17:25:19.991090
494,28,add_to_cart,2025-08-17 17:25:19.991090
218,192,click,2025-11-02 17:25:19.991090
189,249,click,2025-10-13 17:25:19.991090
469,213,click,2025-11-09 17:25:19.991090
493,21,click,2025-12-13 17:25:19.991090
346,155,click,2025-12-02 17:25:19.991090
230,27,click,2025-08-03 17:25:19.991090
255,77,click,2025-07-24 17:25:19.991090
236,57,purchase,2025-09-24 17:25:19.991090
26,119,click,2025-07-02 17:25:19.991090
72,165,click,2025-08-05 17:25:19.991090
261,64,purchase,2025-09-28 17:25:19.991090
254,48,add_to_cart,2025-10-25 17:25:19.991090
271,150,click,2025-08-29 17:25:19.991090
123,158,click,2025-11-20 17:25:19.991090
144,156,purchase,2025-07-02 17:25:19.991090
257,151,click,2025-06-26 17:25:19.991090
144,225,add_to_cart,2025-09-30 17:25:19.991090
421,260,purchase,2025-11-15 17:25:19.991090
259,256,click,2025-07-18 17:25:19.991090
436,61,add_to_cart,2025-11-06 17:25:19.991090
47,260,purchase,2025-11-14 17:25:19.991090
351,162,add_to_cart,2025-09-06 17:25:19.991090
13,31,click,2025-12-12 17:25:19.991090
376,71,purchase,2025-09-26 17:25:19.991090
208,2,click,2025-09-23 17:25:19.991090
311,50,add_to_cart,2025-06-25 17:25:19.991090
235,135,click,2025-10-02 17:25:19.991090
149,146,click,2025-11-04 17:25:19.991090
322,179,click,2025-09-10 17:25:19.991090
438,264,click,2025-07-02 17:25:19.991090
155,204,click,2025-09-04 17:25:19.991090
166,299,click,2025-10-30 17:25:19.991090
90,187,click,2025-07-03 17:25:19.991090
186,30,click,2025-11-28 17:25:19.991090
318,59,purchase,2025-12-14 17:25:19.991090
358,9,add_to_cart,2025-09-02 17:25:19.991090
174,167,click,2025-09-05 17:25:19.991090
217,279,click,2025-09-19 17:25:19.991090
395,191,click,2025-07-11 17:25:19.991090
456,242,click,2025-12-12 17:25:19.991090
264,278,add_to_cart,2025-12-09 17:25:19.991090
97,154,add_to_cart,2025-10-20 17:25:19.991090
117,160,click,2025-11-16 17:25:19.991090
199,265,add_to_cart,2025-06-27 17:25:19.991090
320,235,add_to_cart,2025-07-12 17:25:19.991090
486,199,click,2025-09-17 17:25:19.991090
21,33,click,2025-11-10 17:25:19.991090
200,89,click,2025-09-08 17:25:19.991090
371,95,click,2025-08-25 17:25:19.991090
447,221,click,2025-06-23 17:25:19.991090
341,69,click,2025-07-22 17:25:19.991090
448,294,click,2025-12-14 17:25:19.991090
248,237,click,2025-07-27 17:25:19.991090
276,160,click,2025-08-25 17:25:19.991090
264,276,click,2025-09-07 17:25:19.991090
58,290,click,2025-09-03 17:25:19.991090
302,42,click,2025-08-26 17:25:19.991090
31,66,click,2025-11-11 17:25:19.991090
498,21,add_to_cart,2025-07-20 17:25:19.991090
249,70,add_to_cart,2025-07-24 17:25:19.991090
93,261,click,2025-09-25 17:25:19.991090
496,246,click,2025-11-14 17:25:19.991090
265,235,add_to_cart,2025-07-18 17:25:19.991090
271,272,add_to_cart,2025-08-04 17:25:19.991090
94,99,click,2025-11-17 17:25:19.991090
154,35,add_to_cart,2025-10-14 17:25:19.991090
394,171,click,2025-08-13 17:25:19.991090
285,110,click,2025-09-11 17:25:19.991090
80,295,purchase,2025-09-26 17:25:19.991090
292,10,click,2025-08-06 17:25:19.991090
84,202,purchase,2025-10-19 17:25:19.991090
365,257,click,2025-07-10 17:25:19.991090
374,262,click,2025-07-19 17:25:19.991090
37,181,click,2025-07-14 17:25:19.991090
342,66,add_to_cart,2025-08-20 17:25:19.991090
327,294,click,2025-09-22 17:25:19.991090
407,161,add_to_cart,2025-09-23 17:25:19.991090
425,67,add_to_cart,2025-09-20 17:25:19.991090
232,100,click,2025-11-30 17:25:19.991090
93,77,click,2025-12-10 17:25:19.991090
336,35,click,2025-12-09 17:25:19.991090
102,45,add_to_cart,2025-12-02 17:25:19.991090
412,150,purchase,2025-12-13 17:25:19.991090
432,68,click,2025-10-28 17:25:19.991090
166,254,click,2025-11-10 17:25:19.991090
159,17,click,2025-11-17 17:25:19.991090
14,261,click,2025-08-06 17:25:19.991090
373,213,click,2025-07-01 17:25:19.991090
225,256,add_to_cart,2025-06-30 17:25:19.991090
73,216,purchase,2025-07-19 17:25:19.991090
249,286,add_to_cart,2025-08-06 17:25:19.991090
91,7,click,2025-08-17 17:25:19.991090
216,199,click,2025-11-23 17:25:19.991090
461,91,click,2025-09-05 17:25:19.991090
90,147,click,2025-08-06 17:25:19.991090
29,150,click,2025-11-28 17:25:19.991090
435,52,click,2025-12-15 17:25:19.991090
305,243,add_to_cart,2025-11-14 17:25:19.991090
427,219,click,2025-07-20 17:25:19.991090
476,6,purchase,2025-07-03 17:25:19.991090
220,109,click,2025-07-15 17:25:19.991090
328,66,click,2025-11-05 17:25:19.991090
215,10,click,2025-06-22 17:25:19.991090
221,202,click,2025-09-22 17:25:19.991090
389,282,purchase,2025-09-14 17:25:19.991090
42,214,click,2025-08-21 17:25:19.991090
135,68,purchase,2025-06-30 17:25:19.991090
42,247,click,2025-09-11 17:25:19.991090
164,50,click,2025-10-18 17:25:19.991090
361,17,click,2025-08-06 17:25:19.991090
283,11,purchase,2025-07-28 17:25:19.991090
58,124,click,2025-10-16 17:25:19.991090
302,225,purchase,2025-10-26 17:25:19.991090
322,244,click,2025-07-06 17:25:19.991090
25,29,click,2025-09-16 17:25:19.991090
73,285,add_to_cart,2025-10-12 17:25:19.991090
373,59,click,2025-10-28 17:25:19.991090
411,143,click,2025-06-22 17:25:19.991090
129,300,add_to_cart,2025-09-04 17:25:19.991090
87,226,click,2025-07-27 17:25:19.991090
330,164,click,2025-07-04 17:25:19.991090
426,84,click,2025-11-16 17:25:19.991090
436,117,click,2025-07-27 17:25:19.991090
153,204,click,2025-09-15 17:25:19.991090
182,294,click,2025-07-14 17:25:19.991090
125,145,add_to_cart,2025-10-15 17:25:19.991090
67,27,click,2025-12-13 17:25:19.991090
6,17,add_to_cart,2025-11-07 17:25:19.991090
125,63,click,2025-11-27 17:25:19.992120
314,267,click,2025-09-02 17:25:19.992120
326,64,click,2025-09-09 17:25:19.992120
53,39,add_to_cart,2025-08-10 17:25:19.992120
66,130,add_to_cart,2025-07-02 17:25:19.992120
314,115,click,2025-12-06 17:25:19.992120
82,45,click,2025-06-24 17:25:19.992120
87,216,add_to_cart,2025-08-10 17:25:19.992120
2,88,purchase,2025-09-18 17:25:19.992120
204,177,add_to_cart,2025-07-18 17:25:19.992120
150,265,click,2025-10-18 17:25:19.992120
293,105,click,2025-09-24 17:25:19.992120
404,171,add_to_cart,2025-09-05 17:25:19.992120
103,108,click,2025-07-21 17:25:19.992120
24,161,click,2025-06-26 17:25:19.992120
368,283,click,2025-11-02 17:25:19.992120
212,40,click,2025-11-28 17:25:19.992120
65,26,purchase,2025-10-29 17:25:19.992120
449,83,purchase,2025-10-02 17:25:19.992120
209,173,click,2025-12-15 17:25:19.992120
251,173,click,2025-07-09 17:25:19.992120
385,282,add_to_cart,2025-09-10 17:25:19.992120
117,70,click,2025-12-09 17:25:19.992120
116,6,click,2025-09-12 17:25:19.992120
237,284,click,2025-09-17 17:25:19.992120
478,195,click,2025-09-07 17:25:19.992120
105,13,click,2025-06-25 17:25:19.992120
495,63,click,2025-07-17 17:25:19.992120
259,13,click,2025-10-08 17:25:19.992120
46,249,purchase,2025-08-30 17:25:19.992120
311,205,purchase,2025-07-05 17:25:19.992120
331,253,add_to_cart,2025-10-27 17:25:19.992120
216,40,click,2025-10-31 17:25:19.992120
470,165,click,2025-11-23 17:25:19.992120
448,31,add_to_cart,2025-12-04 17:25:19.992120
492,17,purchase,2025-07-13 17:25:19.992120
301,137,click,2025-10-16 17:25:19.992120
410,165,click,2025-11-12 17:25:19.992120
333,281,click,2025-09-13 17:25:19.992120
449,223,click,2025-09-06 17:25:19.992120
24,122,click,2025-11-28 17:25:19.992120
458,78,purchase,2025-08-18 17:25:19.992120
35,88,click,2025-07-06 17:25:19.992120
24,113,click,2025-06-23 17:25:19.992120
28,100,purchase,2025-11-09 17:25:19.992120
484,239,click,2025-11-05 17:25:19.992120
464,111,purchase,2025-08-04 17:25:19.992120
488,90,click,2025-08-10 17:25:19.992120
16,139,purchase,2025-09-21 17:25:19.992120
59,135,click,2025-09-16 17:25:19.992120
465,12,purchase,2025-11-07 17:25:19.992120
243,244,click,2025-12-12 17:25:19.992120
438,182,click,2025-07-25 17:25:19.992120
207,195,click,2025-10-25 17:25:19.992120
400,122,click,2025-08-25 17:25:19.992120
271,53,click,2025-11-27 17:25:19.992120
249,173,purchase,2025-09-15 17:25:19.992120
482,179,click,2025-08-17 17:25:19.992120
267,293,add_to_cart,2025-11-29 17:25:19.992120
193,59,click,2025-06-26 17:25:19.992120
335,54,add_to_cart,2025-08-08 17:25:19.992120
218,257,click,2025-08-08 17:25:19.992120
115,245,purchase,2025-09-19 17:25:19.992120
68,149,click,2025-10-22 17:25:19.992120
299,284,click,2025-09-16 17:25:19.992120
325,16,click,2025-12-12 17:25:19.992120
483,176,add_to_cart,2025-08-15 17:25:19.992120
397,28,add_to_cart,2025-09-07 17:25:19.992120
394,129,add_to_cart,2025-07-29 17:25:19.992120
75,223,click,2025-10-17 17:25:19.992120
466,244,click,2025-11-17 17:25:19.992120
482,238,purchase,2025-10-31 17:25:19.992120
103,232,click,2025-09-10 17:25:19.992120
297,92,click,2025-10-28 17:25:19.992120
490,3,add_to_cart,2025-08-18 17:25:19.992120
178,81,click,2025-07-23 17:25:19.992120
215,44,add_to_cart,2025-10-01 17:25:19.992120
455,155,click,2025-10-03 17:25:19.992120
315,24,purchase,2025-07-17 17:25:19.992120
39,99,purchase,2025-11-29 17:25:19.992120
259,171,add_to_cart,2025-08-31 17:25:19.992120
204,148,click,2025-09-11 17:25:19.992120
7,123,click,2025-09-18 17:25:19.992120
49,112,purchase,2025-10-25 17:25:19.992120
26,130,click,2025-10-06 17:25:19.992120
161,68,add_to_cart,2025-11-26 17:25:19.992120
357,217,click,2025-07-12 17:25:19.992120
176,96,click,2025-09-24 17:25:19.992120
79,145,click,2025-06-21 17:25:19.992120
2,33,click,2025-08-19 17:25:19.992120
489,286,add_to_cart,2025-08-20 17:25:19.992120
383,5,add_to_cart,2025-07-26 17:25:19.992120
455,118,click,2025-07-10 17:25:19.992120
416,140,add_to_cart,2025-12-03 17:25:19.992120
132,230,purchase,2025-10-21 17:25:19.992120
276,160,add_to_cart,2025-11-27 17:25:19.992120
498,294,click,2025-10-07 17:25:19.992120
117,249,click,2025-07-13 17:25:19.992120
164,273,purchase,2025-07-19 17:25:19.992120
288,186,click,2025-07-13 17:25:19.992120
28,40,purchase,2025-09-27 17:25:19.992120
333,224,add_to_cart,2025-08-24 17:25:19.992120
1,152,add_to_cart,2025-11-13 17:25:19.992120
188,140,purchase,2025-08-24 17:25:19.992120
56,128,add_to_cart,2025-06-26 17:25:19.992120
35,147,click,2025-06-23 17:25:19.992120
112,285,click,2025-08-23 17:25:19.992120
286,218,click,2025-10-14 17:25:19.992120
310,220,click,2025-11-20 17:25:19.992120
36,145,click,2025-09-20 17:25:19.992120
439,277,click,2025-12-15 17:25:19.992120
217,242,click,2025-09-14 17:25:19.992120
80,60,click,2025-09-01 17:25:19.992120
314,98,purchase,2025-08-07 17:25:19.992120
83,181,add_to_cart,2025-09-23 17:25:19.992120
65,114,purchase,2025-08-31 17:25:19.992120
325,103,click,2025-08-22 17:25:19.992120
128,57,click,2025-12-11 17:25:19.992120
307,285,click,2025-06-26 17:25:19.992120
22,129,click,2025-12-04 17:25:19.992120
216,86,click,2025-10-29 17:25:19.992120
107,200,click,2025-12-02 17:25:19.992120
109,71,click,2025-10-24 17:25:19.992120
372,98,add_to_cart,2025-11-01 17:25:19.992120
357,300,add_to_cart,2025-07-09 17:25:19.992120
181,176,click,2025-07-11 17:25:19.992120
356,233,click,2025-12-04 17:25:19.992120
164,75,click,2025-09-07 17:25:19.992120
68,143,click,2025-09-24 17:25:19.992120
292,23,purchase,2025-11-02 17:25:19.992120
180,181,purchase,2025-07-16 17:25:19.992120
181,45,click,2025-06-29 17:25:19.992120
466,92,click,2025-11-25 17:25:19.992120
434,269,click,2025-10-11 17:25:19.992120
464,34,click,2025-09-06 17:25:19.992120
169,166,purchase,2025-11-25 17:25:19.992120
402,70,add_to_cart,2025-11-20 17:25:19.992120
22,196,click,2025-07-09 17:25:19.992120
66,133,click,2025-11-29 17:25:19.992120
21,247,add_to_cart,2025-12-12 17:25:19.992120
100,168,click,2025-11-07 17:25:19.992120
384,277,add_to_cart,2025-12-01 17:25:19.992120
300,156,click,2025-11-13 17:25:19.992120
103,23,click,2025-07-27 17:25:19.992120
47,200,add_to_cart,2025-09-17 17:25:19.992120
39,275,click,2025-10-30 17:25:19.992120
285,50,click,2025-08-08 17:25:19.992120
310,186,click,2025-09-17 17:25:19.992120
90,20,click,2025-10-11 17:25:19.992120
85,116,add_to_cart,2025-06-23 17:25:19.992120
273,92,click,2025-06-23 17:25:19.992120
336,53,add_to_cart,2025-09-26 17:25:19.992120
188,123,click,2025-11-28 17:25:19.992120
159,265,click,2025-06-20 17:25:19.992120
243,4,add_to_cart,2025-08-06 17:25:19.992120
73,169,add_to_cart,2025-09-26 17:25:19.992120
479,281,click,2025-07-08 17:25:19.992120
462,290,click,2025-07-18 17:25:19.992120
49,73,click,2025-12-03 17:25:19.992120
101,137,add_to_cart,2025-10-06 17:25:19.992120
2,256,click,2025-10-19 17:25:19.992120
244,141,click,2025-10-12 17:25:19.992120
176,208,click,2025-09-03 17:25:19.992120
238,260,click,2025-11-04 17:25:19.992120
398,263,add_to_cart,2025-09-12 17:25:19.992120
59,271,click,2025-09-07 17:25:19.992120
353,38,click,2025-09-18 17:25:19.992120
99,203,click,2025-08-29 17:25:19.992120
442,224,click,2025-08-24 17:25:19.992120
359,52,click,2025-11-06 17:25:19.992120
442,81,click,2025-09-13 17:25:19.992120
495,211,click,2025-09-05 17:25:19.992120
435,7,add_to_cart,2025-11-25 17:25:19.993090
468,45,add_to_cart,2025-09-24 17:25:19.993090
2,277,click,2025-07-08 17:25:19.993090
243,259,click,2025-08-27 17:25:19.993090
297,142,click,2025-11-04 17:25:19.993090
211,258,click,2025-11-09 17:25:19.993090
123,285,purchase,2025-08-09 17:25:19.993090
229,37,purchase,2025-09-30 17:25:19.993090
82,45,add_to_cart,2025-07-15 17:25:19.993090
144,120,click,2025-08-25 17:25:19.993090
388,46,add_to_cart,2025-11-07 17:25:19.993090
140,140,click,2025-10-30 17:25:19.993090
29,53,add_to_cart,2025-10-21 17:25:19.993090
391,288,click,2025-08-28 17:25:19.993090
270,274,click,2025-07-13 17:25:19.993090
247,269,click,2025-10-06 17:25:19.993090
12,279,click,2025-08-28 17:25:19.993090
355,62,add_to_cart,2025-06-26 17:25:19.993090
389,54,add_to_cart,2025-10-12 17:25:19.993090
337,69,add_to_cart,2025-12-12 17:25:19.993090
106,242,purchase,2025-10-16 17:25:19.993090
32,270,click,2025-06-28 17:25:19.993090
74,252,click,2025-09-02 17:25:19.993090
171,284,click,2025-07-22 17:25:19.993090
337,71,add_to_cart,2025-09-21 17:25:19.993090
69,100,click,2025-09-07 17:25:19.993090
301,61,click,2025-08-09 17:25:19.993090
362,103,click,2025-07-22 17:25:19.993090
137,119,purchase,2025-10-26 17:25:19.993090
433,17,purchase,2025-10-13 17:25:19.993090
417,191,click,2025-10-14 17:25:19.993090
484,212,purchase,2025-11-17 17:25:19.993090
100,78,click,2025-07-22 17:25:19.993090
146,46,click,2025-11-03 17:25:19.993090
9,93,add_to_cart,2025-10-07 17:25:19.993090
62,13,click,2025-11-07 17:25:19.993090
185,228,click,2025-11-23 17:25:19.993090
29,17,purchase,2025-12-15 17:25:19.993090
381,62,add_to_cart,2025-10-16 17:25:19.993090
114,43,purchase,2025-11-21 17:25:19.993090
462,68,click,2025-08-06 17:25:19.993090
409,212,click,2025-08-29 17:25:19.993090
143,203,click,2025-08-30 17:25:19.993090
390,214,purchase,2025-12-15 17:25:19.993090
120,109,click,2025-11-06 17:25:19.993090
170,284,click,2025-11-25 17:25:19.993090
157,94,click,2025-06-28 17:25:19.993090
335,225,add_to_cart,2025-07-31 17:25:19.993090
349,225,click,2025-10-11 17:25:19.993090
260,239,click,2025-11-29 17:25:19.993090
82,118,click,2025-08-14 17:25:19.993090
242,91,click,2025-07-28 17:25:19.993090
441,289,click,2025-09-16 17:25:19.993090
433,281,click,2025-08-25 17:25:19.993090
172,19,purchase,2025-08-12 17:25:19.993090
231,175,click,2025-12-06 17:25:19.993090
208,106,click,2025-06-19 17:25:19.993090
75,289,click,2025-07-31 17:25:19.993090
270,248,purchase,2025-10-30 17:25:19.993090
387,142,click,2025-12-07 17:25:19.993090
499,298,add_to_cart,2025-10-31 17:25:19.993090
114,193,purchase,2025-08-21 17:25:19.993090
62,291,click,2025-09-04 17:25:19.993090
362,208,click,2025-08-14 17:25:19.993090
320,248,add_to_cart,2025-10-09 17:25:19.993090
102,142,add_to_cart,2025-08-29 17:25:19.993090
429,222,add_to_cart,2025-10-09 17:25:19.993090
362,225,add_to_cart,2025-08-06 17:25:19.993090
210,184,click,2025-09-02 17:25:19.993090
442,188,add_to_cart,2025-08-09 17:25:19.993090
255,113,click,2025-10-18 17:25:19.993090
20,181,click,2025-07-16 17:25:19.993090
58,199,add_to_cart,2025-08-01 17:25:19.993090
112,70,click,2025-11-21 17:25:19.993090
473,86,click,2025-09-25 17:25:19.993090
313,39,click,2025-07-15 17:25:19.993090
486,131,click,2025-10-21 17:25:19.993090
461,10,purchase,2025-10-28 17:25:19.993090
196,3,click,2025-10-12 17:25:19.993090
375,150,add_to_cart,2025-12-07 17:25:19.993090
462,67,click,2025-07-31 17:25:19.993090
353,193,click,2025-08-26 17:25:19.993090
92,97,click,2025-07-30 17:25:19.993090
52,19,click,2025-09-11 17:25:19.993090
293,98,click,2025-09-22 17:25:19.993090
8,57,purchase,2025-11-10 17:25:19.993090
300,107,click,2025-07-09 17:25:19.993090
98,88,click,2025-09-24 17:25:19.993090
236,141,click,2025-07-06 17:25:19.993090
389,144,click,2025-08-06 17:25:19.993090
374,52,click,2025-10-15 17:25:19.993090
69,212,add_to_cart,2025-10-14 17:25:19.993090
415,41,click,2025-08-02 17:25:19.993090
45,91,click,2025-08-19 17:25:19.993090
137,39,click,2025-10-01 17:25:19.993090
234,13,click,2025-10-08 17:25:19.993090
32,96,click,2025-09-13 17:25:19.993090
289,109,add_to_cart,2025-10-14 17:25:19.993090
126,104,add_to_cart,2025-10-16 17:25:19.993090
67,231,click,2025-09-08 17:25:19.993090
30,43,add_to_cart,2025-11-09 17:25:19.993090
114,209,click,2025-12-12 17:25:19.993090
204,88,add_to_cart,2025-10-21 17:25:19.993090
29,93,purchase,2025-11-03 17:25:19.993090
131,174,click,2025-11-25 17:25:19.993090
474,126,click,2025-10-19 17:25:19.993090
185,109,click,2025-07-25 17:25:19.993090
253,47,click,2025-10-24 17:25:19.993090
286,214,click,2025-11-28 17:25:19.993090
393,92,add_to_cart,2025-10-20 17:25:19.993090
410,181,click,2025-09-12 17:25:19.993090
386,41,click,2025-07-03 17:25:19.993090
62,259,add_to_cart,2025-08-15 17:25:19.993090
3,121,add_to_cart,2025-11-14 17:25:19.993090
430,77,click,2025-08-26 17:25:19.993090
68,95,add_to_cart,2025-11-27 17:25:19.993090
25,269,purchase,2025-09-23 17:25:19.993090
179,18,click,2025-10-29 17:25:19.993090
141,293,click,2025-10-03 17:25:19.993090
231,171,add_to_cart,2025-07-15 17:25:19.993090
300,162,add_to_cart,2025-08-28 17:25:19.993090
163,52,click,2025-09-25 17:25:19.993090
311,36,click,2025-06-26 17:25:19.993090
471,187,add_to_cart,2025-06-26 17:25:19.993090
393,248,purchase,2025-12-01 17:25:19.993090
130,52,add_to_cart,2025-07-23 17:25:19.993090
445,19,purchase,2025-11-15 17:25:19.993090
246,92,add_to_cart,2025-07-26 17:25:19.993090
297,139,purchase,2025-09-05 17:25:19.993090
172,220,add_to_cart,2025-12-01 17:25:19.993090
64,99,purchase,2025-10-12 17:25:19.993090
31,236,click,2025-09-02 17:25:19.993090
492,207,add_to_cart,2025-06-25 17:25:19.993090
47,144,click,2025-10-02 17:25:19.993090
130,199,click,2025-09-05 17:25:19.993090
352,287,click,2025-07-25 17:25:19.993090
466,264,click,2025-11-16 17:25:19.993090
333,217,click,2025-11-05 17:25:19.993090
110,189,purchase,2025-10-10 17:25:19.993090
69,44,add_to_cart,2025-11-29 17:25:19.993090
58,291,purchase,2025-11-20 17:25:19.993090
106,189,purchase,2025-08-20 17:25:19.993090
300,194,click,2025-10-04 17:25:19.993090
330,270,click,2025-09-06 17:25:19.993090
256,260,click,2025-09-12 17:25:19.993090
312,239,click,2025-10-19 17:25:19.993090
171,112,add_to_cart,2025-09-12 17:25:19.993090
383,69,click,2025-09-05 17:25:19.993090
473,49,click,2025-08-07 17:25:19.993090
162,151,click,2025-08-18 17:25:19.993090
485,239,click,2025-08-12 17:25:19.993090
286,115,click,2025-08-25 17:25:19.993090
71,75,purchase,2025-07-13 17:25:19.993090
255,98,click,2025-08-06 17:25:19.993090
454,111,click,2025-07-01 17:25:19.993090
374,285,click,2025-09-05 17:25:19.993090
55,256,add_to_cart,2025-10-20 17:25:19.993090
323,117,click,2025-06-24 17:25:19.993090
397,176,click,2025-07-07 17:25:19.993090
3,228,click,2025-06-26 17:25:19.993090
26,106,purchase,2025-11-14 17:25:19.993090
313,239,purchase,2025-06-27 17:25:19.993090
126,100,click,2025-09-10 17:25:19.993090
408,176,add_to_cart,2025-07-30 17:25:19.993090
53,249,click,2025-11-10 17:25:19.993090
198,76,click,2025-07-28 17:25:19.994078
299,3,click,2025-10-20 17:25:19.994078
188,81,click,2025-07-16 17:25:19.994078
186,288,add_to_cart,2025-07-04 17:25:19.994078
305,8,purchase,2025-09-17 17:25:19.994078
298,87,click,2025-08-06 17:25:19.994078
204,286,click,2025-08-29 17:25:19.994078
497,74,click,2025-11-20 17:25:19.994078
484,123,click,2025-12-03 17:25:19.994078
450,294,purchase,2025-10-05 17:25:19.994078
11,143,purchase,2025-06-20 17:25:19.994078
359,158,add_to_cart,2025-10-30 17:25:19.994078
354,109,click,2025-08-13 17:25:19.994078
474,195,add_to_cart,2025-07-08 17:25:19.994078
146,36,click,2025-06-29 17:25:19.994078
85,90,purchase,2025-08-10 17:25:19.994078
100,296,click,2025-11-15 17:25:19.994078
104,201,click,2025-07-01 17:25:19.994078
436,46,click,2025-08-22 17:25:19.994078
46,107,click,2025-07-25 17:25:19.994078
44,170,add_to_cart,2025-10-21 17:25:19.994078
278,146,add_to_cart,2025-10-03 17:25:19.994078
181,178,add_to_cart,2025-11-10 17:25:19.994078
187,61,click,2025-09-11 17:25:19.994078
478,3,click,2025-09-27 17:25:19.994078
114,82,purchase,2025-10-29 17:25:19.994078
491,263,add_to_cart,2025-10-19 17:25:19.994078
255,287,click,2025-12-01 17:25:19.994078
381,95,add_to_cart,2025-07-26 17:25:19.994078
380,64,purchase,2025-07-20 17:25:19.994078
30,246,add_to_cart,2025-10-13 17:25:19.994078
264,77,click,2025-08-03 17:25:19.994078
98,259,add_to_cart,2025-10-25 17:25:19.994078
313,93,click,2025-11-27 17:25:19.994078
367,291,add_to_cart,2025-08-13 17:25:19.994078
329,271,click,2025-09-21 17:25:19.994078
115,21,purchase,2025-06-25 17:25:19.994078
276,62,add_to_cart,2025-11-08 17:25:19.994078
488,260,click,2025-07-28 17:25:19.994078
281,237,add_to_cart,2025-11-02 17:25:19.994078
275,141,click,2025-07-19 17:25:19.994078
261,167,click,2025-11-11 17:25:19.994078
331,67,click,2025-08-07 17:25:19.994078
207,58,click,2025-08-27 17:25:19.994078
384,212,purchase,2025-07-25 17:25:19.994078
328,130,click,2025-06-26 17:25:19.994078
211,25,add_to_cart,2025-07-25 17:25:19.994078
215,11,click,2025-09-05 17:25:19.994078
411,257,add_to_cart,2025-09-26 17:25:19.994078
40,81,click,2025-07-03 17:25:19.994078
480,286,click,2025-11-22 17:25:19.994078
26,19,purchase,2025-06-21 17:25:19.994078
27,110,click,2025-08-30 17:25:19.994078
190,34,add_to_cart,2025-10-20 17:25:19.994078
83,288,click,2025-08-15 17:25:19.994078
384,255,click,2025-10-21 17:25:19.994078
434,126,purchase,2025-09-21 17:25:19.994078
170,209,add_to_cart,2025-10-11 17:25:19.994078
413,134,click,2025-09-29 17:25:19.994078
167,86,purchase,2025-09-15 17:25:19.994078
188,75,click,2025-09-30 17:25:19.994078
169,135,click,2025-09-05 17:25:19.994078
289,173,click,2025-09-26 17:25:19.994078
467,213,add_to_cart,2025-10-04 17:25:19.994078
229,19,click,2025-10-15 17:25:19.994078
467,119,click,2025-12-02 17:25:19.994078
97,285,purchase,2025-11-25 17:25:19.994078
367,227,click,2025-07-06 17:25:19.994078
16,212,click,2025-11-16 17:25:19.994078
279,189,click,2025-07-02 17:25:19.994078
135,151,click,2025-11-21 17:25:19.994078
26,223,click,2025-06-27 17:25:19.994078
352,128,click,2025-09-08 17:25:19.994078
12,248,click,2025-08-04 17:25:19.994078
72,51,click,2025-08-07 17:25:19.994078
133,191,add_to_cart,2025-07-05 17:25:19.994078
106,237,purchase,2025-08-26 17:25:19.994078
220,22,add_to_cart,2025-08-27 17:25:19.994078
373,110,click,2025-08-09 17:25:19.994078
453,33,click,2025-07-07 17:25:19.994078
177,127,add_to_cart,2025-10-12 17:25:19.994078
282,44,add_to_cart,2025-11-20 17:25:19.994078
133,7,click,2025-11-28 17:25:19.994078
22,128,click,2025-07-05 17:25:19.994078
463,91,add_to_cart,2025-08-04 17:25:19.994078
269,130,click,2025-06-27 17:25:19.994078
412,17,click,2025-11-06 17:25:19.994078
161,186,click,2025-11-16 17:25:19.994078
107,110,add_to_cart,2025-09-29 17:25:19.994078
279,286,add_to_cart,2025-10-03 17:25:19.994078
353,163,purchase,2025-11-15 17:25:19.994078
235,75,add_to_cart,2025-07-05 17:25:19.994078
18,199,click,2025-09-28 17:25:19.994078
242,287,add_to_cart,2025-07-11 17:25:19.994078
117,182,click,2025-10-29 17:25:19.994078
286,97,click,2025-09-29 17:25:19.994078
282,51,purchase,2025-08-27 17:25:19.994078
144,34,click,2025-09-20 17:25:19.994078
205,21,click,2025-11-29 17:25:19.994078
39,184,purchase,2025-11-19 17:25:19.994078
417,293,purchase,2025-08-30 17:25:19.994078
154,64,click,2025-08-12 17:25:19.994078
176,124,click,2025-07-27 17:25:19.994078
449,101,click,2025-07-15 17:25:19.994078
241,119,purchase,2025-06-28 17:25:19.994078
422,78,click,2025-08-09 17:25:19.994078
386,181,purchase,2025-11-22 17:25:19.994078
369,199,click,2025-07-21 17:25:19.994078
134,190,click,2025-12-08 17:25:19.994078
46,103,click,2025-11-16 17:25:19.994078
50,275,click,2025-08-12 17:25:19.994078
166,130,purchase,2025-11-28 17:25:19.994078
106,241,add_to_cart,2025-09-30 17:25:19.994078
216,134,click,2025-08-16 17:25:19.994078
146,157,click,2025-08-12 17:25:19.994078
411,158,add_to_cart,2025-08-27 17:25:19.994078
425,190,click,2025-09-24 17:25:19.994078
72,100,purchase,2025-07-28 17:25:19.994078
476,52,click,2025-06-23 17:25:19.994078
330,49,click,2025-07-15 17:25:19.994078
273,100,click,2025-08-14 17:25:19.994078
247,251,click,2025-08-01 17:25:19.994078
446,54,click,2025-09-09 17:25:19.994078
413,137,purchase,2025-10-24 17:25:19.994078
186,162,click,2025-09-12 17:25:19.994078
70,292,click,2025-08-16 17:25:19.994078
462,81,click,2025-09-01 17:25:19.994078
150,220,add_to_cart,2025-10-06 17:25:19.994078
246,85,add_to_cart,2025-08-01 17:25:19.994078
262,83,add_to_cart,2025-09-03 17:25:19.994078
26,67,click,2025-07-15 17:25:19.994078
423,234,add_to_cart,2025-08-23 17:25:19.994078
140,198,add_to_cart,2025-07-08 17:25:19.994078
99,259,click,2025-07-08 17:25:19.994078
398,177,click,2025-08-17 17:25:19.994078
278,298,add_to_cart,2025-06-19 17:25:19.994078
51,280,click,2025-07-01 17:25:19.994078
151,300,click,2025-08-06 17:25:19.994078
432,129,click,2025-07-13 17:25:19.994078
455,180,click,2025-10-23 17:25:19.994078
104,292,click,2025-09-09 17:25:19.994078
434,207,add_to_cart,2025-10-28 17:25:19.994078
89,294,purchase,2025-09-03 17:25:19.994078
141,175,click,2025-08-26 17:25:19.994078
213,29,click,2025-08-04 17:25:19.994078
233,179,add_to_cart,2025-11-13 17:25:19.994078
394,41,add_to_cart,2025-08-05 17:25:19.994078
183,192,click,2025-07-23 17:25:19.994078
251,237,add_to_cart,2025-08-07 17:25:19.994078
9,225,add_to_cart,2025-09-09 17:25:19.994078
79,114,click,2025-08-16 17:25:19.994078
52,278,click,2025-12-14 17:25:19.994078
386,17,click,2025-10-12 17:25:19.994078
409,86,purchase,2025-11-11 17:25:19.994078
269,181,click,2025-06-20 17:25:19.994078
226,145,click,2025-10-09 17:25:19.994078
51,225,click,2025-11-11 17:25:19.994078
186,54,purchase,2025-10-05 17:25:19.994078
34,68,click,2025-06-27 17:25:19.994078
291,107,add_to_cart,2025-11-17 17:25:19.994078
230,77,add_to_cart,2025-07-05 17:25:19.994078
131,27,add_to_cart,2025-09-29 17:25:19.994078
490,155,add_to_cart,2025-11-04 17:25:19.994078
120,72,click,2025-08-25 17:25:19.994078
443,180,purchase,2025-09-13 17:25:19.994078
326,47,add_to_cart,2025-08-24 17:25:19.994078
247,242,purchase,2025-12-09 17:25:19.994078
432,277,add_to_cart,2025-07-28 17:25:19.994078
192,105,purchase,2025-11-24 17:25:19.994078
497,95,click,2025-10-20 17:25:19.994078
403,219,click,2025-06-26 17:25:19.994078
323,170,click,2025-12-14 17:25:19.994078
210,283,click,2025-10-20 17:25:19.995132
103,128,add_to_cart,2025-08-20 17:25:19.995132
329,200,click,2025-09-23 17:25:19.995132
372,35,click,2025-10-02 17:25:19.995132
460,144,add_to_cart,2025-11-12 17:25:19.995132
133,292,purchase,2025-11-02 17:25:19.995132
323,66,add_to_cart,2025-10-08 17:25:19.995132
139,219,add_to_cart,2025-10-24 17:25:19.995132
121,56,click,2025-09-13 17:25:19.995132
94,145,purchase,2025-11-13 17:25:19.995132
452,213,click,2025-10-01 17:25:19.995132
453,94,purchase,2025-10-08 17:25:19.995132
129,106,click,2025-08-09 17:25:19.995132
91,84,add_to_cart,2025-07-06 17:25:19.995132
92,136,add_to_cart,2025-11-21 17:25:19.995132
63,146,click,2025-08-06 17:25:19.995132
29,249,add_to_cart,2025-10-04 17:25:19.995132
210,18,add_to_cart,2025-08-20 17:25:19.995132
12,125,purchase,2025-08-25 17:25:19.995132
333,2,click,2025-08-23 17:25:19.995132
297,200,click,2025-08-13 17:25:19.995132
130,138,click,2025-09-13 17:25:19.995132
293,203,click,2025-08-11 17:25:19.995132
173,282,click,2025-07-31 17:25:19.995132
208,30,add_to_cart,2025-07-21 17:25:19.995132
432,56,click,2025-11-06 17:25:19.995132
24,119,add_to_cart,2025-10-02 17:25:19.995132
99,132,click,2025-12-01 17:25:19.995132
406,231,click,2025-08-22 17:25:19.995132
356,152,click,2025-07-13 17:25:19.995132
139,21,add_to_cart,2025-08-30 17:25:19.995132
314,68,add_to_cart,2025-11-11 17:25:19.995132
174,126,click,2025-12-09 17:25:19.995132
29,43,click,2025-06-29 17:25:19.995132
419,182,click,2025-11-08 17:25:19.995132
496,100,add_to_cart,2025-10-13 17:25:19.995132
143,240,add_to_cart,2025-10-20 17:25:19.995132
316,200,add_to_cart,2025-08-30 17:25:19.995132
351,116,click,2025-07-12 17:25:19.995132
42,115,click,2025-08-14 17:25:19.995132
489,142,click,2025-09-24 17:25:19.995132
299,119,click,2025-08-04 17:25:19.995132
208,93,click,2025-09-26 17:25:19.995132
330,9,click,2025-12-14 17:25:19.995132
433,73,click,2025-07-02 17:25:19.995132
192,26,click,2025-08-04 17:25:19.995132
160,239,click,2025-12-02 17:25:19.995132
64,145,click,2025-07-23 17:25:19.995132
243,68,add_to_cart,2025-10-07 17:25:19.995132
258,188,add_to_cart,2025-10-01 17:25:19.995132
152,131,click,2025-07-19 17:25:19.995132
215,221,add_to_cart,2025-09-29 17:25:19.995132
322,281,purchase,2025-12-03 17:25:19.995132
166,277,click,2025-10-04 17:25:19.995132
31,140,click,2025-08-24 17:25:19.995132
371,54,purchase,2025-09-01 17:25:19.995132
232,1,purchase,2025-12-06 17:25:19.995132
282,128,click,2025-11-19 17:25:19.995132
29,1,click,2025-12-02 17:25:19.995132
195,173,add_to_cart,2025-12-07 17:25:19.995132
334,266,click,2025-08-01 17:25:19.995132
256,296,purchase,2025-09-02 17:25:19.995132
281,256,click,2025-11-11 17:25:19.995132
304,174,purchase,2025-07-15 17:25:19.995132
321,45,click,2025-06-30 17:25:19.995132
437,141,click,2025-08-29 17:25:19.995132
323,27,purchase,2025-09-01 17:25:19.995132
346,233,click,2025-08-17 17:25:19.995132
402,209,click,2025-10-10 17:25:19.995132
393,50,purchase,2025-11-16 17:25:19.995132
294,61,click,2025-11-17 17:25:19.995132
87,243,click,2025-09-23 17:25:19.995132
149,269,click,2025-10-09 17:25:19.995132
249,140,add_to_cart,2025-12-02 17:25:19.995132
321,157,add_to_cart,2025-08-29 17:25:19.995132
405,85,purchase,2025-06-19 17:25:19.995132
283,84,click,2025-11-07 17:25:19.995132
362,276,click,2025-11-25 17:25:19.995132
379,31,click,2025-10-06 17:25:19.995132
198,8,add_to_cart,2025-12-10 17:25:19.995132
44,280,add_to_cart,2025-11-06 17:25:19.995132
356,203,purchase,2025-07-16 17:25:19.995132
28,33,purchase,2025-08-06 17:25:19.995132
429,298,click,2025-07-07 17:25:19.995132
17,143,click,2025-09-18 17:25:19.995132
127,37,add_to_cart,2025-11-24 17:25:19.995132
379,147,click,2025-10-21 17:25:19.995132
168,228,click,2025-10-31 17:25:19.995132
244,34,purchase,2025-08-18 17:25:19.995132
387,237,click,2025-07-14 17:25:19.995132
76,212,click,2025-09-17 17:25:19.995132
231,140,click,2025-08-22 17:25:19.995132
204,190,add_to_cart,2025-07-06 17:25:19.995132
450,96,click,2025-07-25 17:25:19.995132
248,194,add_to_cart,2025-09-03 17:25:19.995132
302,296,click,2025-07-21 17:25:19.995132
214,152,purchase,2025-12-01 17:25:19.995132
215,223,click,2025-08-28 17:25:19.995132
158,196,purchase,2025-11-22 17:25:19.995132
69,88,click,2025-09-27 17:25:19.995132
393,299,purchase,2025-11-02 17:25:19.995132
85,17,purchase,2025-07-27 17:25:19.995132
267,211,click,2025-10-04 17:25:19.995132
69,232,click,2025-08-28 17:25:19.995132
99,183,click,2025-06-20 17:25:19.995132
347,162,add_to_cart,2025-07-19 17:25:19.995132
497,70,click,2025-07-09 17:25:19.995132
450,60,click,2025-09-27 17:25:19.995132
216,179,add_to_cart,2025-08-23 17:25:19.995132
415,77,add_to_cart,2025-11-21 17:25:19.995132
161,35,click,2025-06-22 17:25:19.995132
423,16,click,2025-11-23 17:25:19.995132
94,294,click,2025-11-09 17:25:19.995132
174,171,click,2025-12-13 17:25:19.995132
165,32,click,2025-10-17 17:25:19.995132
115,263,add_to_cart,2025-10-18 17:25:19.995132
220,215,click,2025-07-18 17:25:19.995132
444,46,click,2025-11-13 17:25:19.995132
31,189,click,2025-11-07 17:25:19.995132
11,274,purchase,2025-07-16 17:25:19.995132
343,71,click,2025-10-14 17:25:19.995132
377,296,purchase,2025-09-18 17:25:19.995132
130,88,click,2025-09-04 17:25:19.995132
488,261,click,2025-09-22 17:25:19.995132
105,182,add_to_cart,2025-07-10 17:25:19.995132
27,22,click,2025-10-28 17:25:19.995132
227,74,add_to_cart,2025-09-04 17:25:19.995132
2,90,purchase,2025-08-29 17:25:19.995132
359,166,click,2025-07-03 17:25:19.995132
101,234,add_to_cart,2025-10-06 17:25:19.995132
21,129,add_to_cart,2025-09-16 17:25:19.995132
58,292,purchase,2025-09-30 17:25:19.995132
389,95,click,2025-09-20 17:25:19.995132
180,28,click,2025-12-08 17:25:19.995132
429,35,click,2025-12-03 17:25:19.995132
341,231,purchase,2025-11-20 17:25:19.995132
349,125,click,2025-07-31 17:25:19.995132
20,79,click,2025-09-16 17:25:19.995132
255,61,click,2025-10-21 17:25:19.995132
317,217,add_to_cart,2025-08-06 17:25:19.995132
38,282,click,2025-09-01 17:25:19.995132
148,163,click,2025-11-15 17:25:19.995132
498,57,add_to_cart,2025-11-29 17:25:19.995132
25,191,click,2025-08-02 17:25:19.995132
386,132,click,2025-06-19 17:25:19.995132
121,42,click,2025-11-09 17:25:19.995132
416,173,click,2025-08-13 17:25:19.995132
26,167,click,2025-07-21 17:25:19.995132
454,250,click,2025-10-30 17:25:19.995132
169,193,click,2025-10-26 17:25:19.995132
323,278,add_to_cart,2025-08-24 17:25:19.995132
225,238,click,2025-10-19 17:25:19.995132
1,230,click,2025-11-02 17:25:19.995132
307,165,click,2025-09-09 17:25:19.995132
261,243,click,2025-12-05 17:25:19.995132
13,90,purchase,2025-12-04 17:25:19.995132
403,179,click,2025-07-31 17:25:19.995132
396,58,click,2025-10-23 17:25:19.995132
48,263,purchase,2025-11-12 17:25:19.995132
409,136,add_to_cart,2025-07-11 17:25:19.995132
313,238,add_to_cart,2025-07-26 17:25:19.995132
371,243,add_to_cart,2025-08-02 17:25:19.995132
291,151,click,2025-09-07 17:25:19.995132
332,247,purchase,2025-07-01 17:25:19.995132
94,219,purchase,2025-11-24 17:25:19.995132
261,9,click,2025-12-11 17:25:19.995132
482,294,add_to_cart,2025-11-26 17:25:19.995132
278,13,click,2025-08-20 17:25:19.995132
359,263,add_to_cart,2025-10-28 17:25:19.995132
205,225,click,2025-08-19 17:25:19.995132
185,231,click,2025-06-19 17:25:19.995132
175,178,click,2025-07-22 17:25:19.995132
438,247,click,2025-07-27 17:25:19.995132
387,67,click,2025-12-09 17:25:19.995132
380,297,click,2025-09-27 17:25:19.995132
309,157,add_to_cart,2025-12-06 17:25:19.995132
468,165,purchase,2025-08-31 17:25:19.995132
415,184,click,2025-07-19 17:25:19.995132
69,208,purchase,2025-08-05 17:25:19.995132
472,16,click,2025-11-22 17:25:19.995132
104,300,add_to_cart,2025-07-26 17:25:19.995132
246,241,click,2025-09-19 17:25:19.995132
161,230,purchase,2025-07-15 17:25:19.996166
200,18,add_to_cart,2025-10-22 17:25:19.996166
216,147,click,2025-09-09 17:25:19.996166
434,244,click,2025-07-23 17:25:19.996166
212,51,purchase,2025-06-28 17:25:19.996166
16,259,add_to_cart,2025-08-04 17:25:19.996166
498,238,click,2025-06-26 17:25:19.996166
372,246,click,2025-11-21 17:25:19.996166
332,49,add_to_cart,2025-07-25 17:25:19.996166
205,284,purchase,2025-11-17 17:25:19.996166
365,38,click,2025-10-13 17:25:19.996166
490,284,purchase,2025-08-09 17:25:19.996166
39,32,click,2025-08-14 17:25:19.996166
89,243,purchase,2025-06-26 17:25:19.996166
430,41,add_to_cart,2025-08-29 17:25:19.996166
256,292,click,2025-11-20 17:25:19.996166
480,103,click,2025-09-22 17:25:19.996166
254,292,add_to_cart,2025-10-27 17:25:19.996166
216,107,click,2025-07-14 17:25:19.996166
368,246,purchase,2025-09-07 17:25:19.996166
303,87,add_to_cart,2025-07-06 17:25:19.996166
172,66,click,2025-09-27 17:25:19.996166
137,138,purchase,2025-11-17 17:25:19.996166
488,200,click,2025-08-03 17:25:19.996166
498,93,add_to_cart,2025-10-15 17:25:19.996166
471,278,add_to_cart,2025-10-06 17:25:19.996166
384,20,purchase,2025-08-11 17:25:19.996166
178,289,click,2025-11-12 17:25:19.996166
77,90,click,2025-06-23 17:25:19.996166
188,50,click,2025-08-05 17:25:19.996166
480,10,click,2025-08-21 17:25:19.996166
498,79,click,2025-12-08 17:25:19.996166
15,37,add_to_cart,2025-11-03 17:25:19.996166
292,59,click,2025-06-19 17:25:19.996166
497,88,click,2025-10-03 17:25:19.996166
319,104,click,2025-12-15 17:25:19.996166
325,277,click,2025-11-08 17:25:19.996166
214,104,add_to_cart,2025-12-09 17:25:19.996166
208,254,click,2025-09-26 17:25:19.996166
169,230,click,2025-06-25 17:25:19.996166
330,37,click,2025-11-22 17:25:19.996166
280,142,click,2025-11-11 17:25:19.996166
466,43,click,2025-11-04 17:25:19.996166
305,116,purchase,2025-11-02 17:25:19.996166
146,84,add_to_cart,2025-12-12 17:25:19.996166
263,259,click,2025-08-30 17:25:19.996166
4,87,click,2025-08-19 17:25:19.996166
90,291,purchase,2025-09-30 17:25:19.996166
453,96,click,2025-11-22 17:25:19.996166
60,255,click,2025-10-06 17:25:19.996166
311,136,click,2025-07-22 17:25:19.996166
16,248,add_to_cart,2025-08-15 17:25:19.996166
227,92,purchase,2025-09-16 17:25:19.996166
474,247,click,2025-06-21 17:25:19.996166
466,258,click,2025-07-23 17:25:19.996166
29,187,add_to_cart,2025-09-13 17:25:19.996166
151,124,purchase,2025-07-13 17:25:19.996166
245,260,purchase,2025-07-12 17:25:19.996166
270,169,add_to_cart,2025-10-04 17:25:19.996166
79,111,purchase,2025-09-04 17:25:19.996166
433,290,click,2025-09-04 17:25:19.996166
289,87,click,2025-09-22 17:25:19.996166
153,13,click,2025-06-26 17:25:19.996166
277,263,click,2025-09-05 17:25:19.996166
401,288,add_to_cart,2025-08-03 17:25:19.996166
279,23,purchase,2025-11-01 17:25:19.996166
57,200,add_to_cart,2025-09-18 17:25:19.996166
491,242,add_to_cart,2025-07-15 17:25:19.996166
465,239,click,2025-10-07 17:25:19.996166
186,165,add_to_cart,2025-10-28 17:25:19.996166
398,226,click,2025-08-19 17:25:19.996166
93,176,add_to_cart,2025-09-23 17:25:19.996166
276,29,click,2025-07-23 17:25:19.996166
158,165,click,2025-11-06 17:25:19.996166
275,23,click,2025-11-28 17:25:19.996166
181,294,click,2025-10-30 17:25:19.996166
359,44,click,2025-12-15 17:25:19.996166
440,261,click,2025-07-08 17:25:19.996166
77,180,click,2025-11-07 17:25:19.996166
466,296,add_to_cart,2025-08-26 17:25:19.996166
151,139,add_to_cart,2025-11-23 17:25:19.996166
446,248,purchase,2025-12-02 17:25:19.996166
238,241,add_to_cart,2025-06-27 17:25:19.996166
289,106,click,2025-11-09 17:25:19.996166
231,173,add_to_cart,2025-10-06 17:25:19.996166
488,49,click,2025-10-01 17:25:19.996166
18,123,click,2025-07-04 17:25:19.996166
73,35,add_to_cart,2025-07-13 17:25:19.996166
417,106,click,2025-08-15 17:25:19.996166
416,196,click,2025-12-09 17:25:19.996166
189,109,add_to_cart,2025-08-29 17:25:19.996166
438,125,add_to_cart,2025-08-17 17:25:19.996166
17,295,add_to_cart,2025-06-19 17:25:19.996166
19,37,click,2025-07-24 17:25:19.996166
219,188,purchase,2025-07-04 17:25:19.996166
326,23,add_to_cart,2025-12-02 17:25:19.996166
483,261,add_to_cart,2025-06-20 17:25:19.996166
120,194,add_to_cart,2025-10-22 17:25:19.996166
101,152,click,2025-10-20 17:25:19.996166
34,18,click,2025-12-12 17:25:19.996166
84,27,add_to_cart,2025-10-28 17:25:19.996166
409,24,add_to_cart,2025-09-26 17:25:19.996166
196,29,click,2025-11-11 17:25:19.996166
330,139,add_to_cart,2025-08-28 17:25:19.996166
202,146,click,2025-07-09 17:25:19.996166
344,123,click,2025-09-05 17:25:19.996166
341,128,click,2025-08-17 17:25:19.996166
11,117,click,2025-12-06 17:25:19.996166
347,132,click,2025-08-25 17:25:19.996166
400,289,add_to_cart,2025-12-14 17:25:19.996166
218,206,click,2025-10-14 17:25:19.996166
445,236,click,2025-08-18 17:25:19.996166
253,42,purchase,2025-07-25 17:25:19.996166
222,160,click,2025-11-30 17:25:19.996166
383,252,add_to_cart,2025-08-07 17:25:19.996166
369,179,purchase,2025-11-28 17:25:19.996166
80,125,click,2025-11-04 17:25:19.996166
7,260,add_to_cart,2025-07-09 17:25:19.996166
272,276,purchase,2025-08-14 17:25:19.996166
227,213,purchase,2025-10-27 17:25:19.996166
16,190,click,2025-06-22 17:25:19.996166
424,58,click,2025-12-13 17:25:19.996166
12,203,click,2025-10-05 17:25:19.996166
291,80,add_to_cart,2025-08-22 17:25:19.996166
241,228,purchase,2025-08-13 17:25:19.996166
21,95,add_to_cart,2025-08-11 17:25:19.996166
178,4,click,2025-12-11 17:25:19.996166
427,165,click,2025-09-23 17:25:19.996166
228,300,click,2025-06-27 17:25:19.996166
496,42,click,2025-07-16 17:25:19.996166
273,285,add_to_cart,2025-11-23 17:25:19.996166
288,229,click,2025-07-31 17:25:19.996166
297,243,click,2025-07-31 17:25:19.996166
134,212,add_to_cart,2025-07-08 17:25:19.996166
472,300,click,2025-10-04 17:25:19.996166
283,55,purchase,2025-07-23 17:25:19.996166
404,173,click,2025-09-10 17:25:19.996166
153,277,purchase,2025-10-03 17:25:19.996166
66,229,click,2025-11-19 17:25:19.996166
137,30,click,2025-07-06 17:25:19.996166
92,23,add_to_cart,2025-10-15 17:25:19.996166
437,5,purchase,2025-07-23 17:25:19.996166
317,63,click,2025-12-09 17:25:19.996166
422,221,add_to_cart,2025-12-06 17:25:19.996166
259,82,purchase,2025-11-19 17:25:19.996166
468,242,click,2025-10-09 17:25:19.996166
454,253,add_to_cart,2025-10-29 17:25:19.996166
103,52,click,2025-08-31 17:25:19.996166
481,39,click,2025-10-10 17:25:19.996166
55,259,click,2025-09-18 17:25:19.996166
257,271,click,2025-07-15 17:25:19.996166
101,72,click,2025-07-01 17:25:19.996166
198,70,click,2025-10-06 17:25:19.996166
301,220,click,2025-10-31 17:25:19.996166
226,4,add_to_cart,2025-09-09 17:25:19.996166
431,290,add_to_cart,2025-09-15 17:25:19.996166
463,292,click,2025-12-05 17:25:19.996166
237,231,click,2025-06-20 17:25:19.996166
26,80,purchase,2025-11-14 17:25:19.996166
121,66,click,2025-10-05 17:25:19.996166
398,136,click,2025-07-21 17:25:19.996166
182,191,click,2025-08-05 17:25:19.996166
199,59,add_to_cart,2025-08-12 17:25:19.996166
302,266,click,2025-06-30 17:25:19.996166
255,7,click,2025-12-03 17:25:19.996166
122,202,add_to_cart,2025-08-16 17:25:19.996166
31,237,click,2025-09-09 17:25:19.997151
472,268,click,2025-08-07 17:25:19.997151
315,79,purchase,2025-07-26 17:25:19.997151
479,46,click,2025-09-10 17:25:19.997151
285,243,add_to_cart,2025-10-21 17:25:19.997151
106,288,click,2025-08-14 17:25:19.997151
224,160,click,2025-06-28 17:25:19.997151
273,115,click,2025-10-31 17:25:19.997151
398,114,add_to_cart,2025-08-21 17:25:19.997151
232,126,click,2025-06-23 17:25:19.997151
420,90,click,2025-09-02 17:25:19.997151
256,61,purchase,2025-09-10 17:25:19.997151
442,102,add_to_cart,2025-07-05 17:25:19.997151
496,114,click,2025-07-18 17:25:19.997151
24,174,click,2025-10-22 17:25:19.997151
109,92,click,2025-10-23 17:25:19.997151
191,183,click,2025-08-13 17:25:19.997151
347,205,purchase,2025-10-12 17:25:19.997151
25,195,purchase,2025-10-26 17:25:19.997151
187,25,click,2025-07-09 17:25:19.997151
288,234,click,2025-08-10 17:25:19.997151
116,16,purchase,2025-07-21 17:25:19.997151
338,141,add_to_cart,2025-09-16 17:25:19.997151
366,108,click,2025-07-05 17:25:19.997151
402,300,click,2025-11-14 17:25:19.997151
37,80,click,2025-09-04 17:25:19.997151
282,76,purchase,2025-10-20 17:25:19.997151
137,276,click,2025-11-17 17:25:19.997151
227,268,add_to_cart,2025-06-25 17:25:19.997151
320,112,click,2025-09-20 17:25:19.997151
328,75,purchase,2025-08-16 17:25:19.997151
404,214,click,2025-07-06 17:25:19.997151
182,34,click,2025-09-28 17:25:19.997151
362,141,click,2025-08-31 17:25:19.997151
86,166,click,2025-10-25 17:25:19.997151
467,231,click,2025-07-26 17:25:19.997151
414,292,add_to_cart,2025-09-18 17:25:19.997151
53,28,click,2025-06-20 17:25:19.997151
348,295,click,2025-11-15 17:25:19.997151
355,91,click,2025-09-23 17:25:19.997151
235,115,click,2025-07-25 17:25:19.997151
447,159,click,2025-07-05 17:25:19.997151
267,258,click,2025-11-07 17:25:19.997151
287,90,click,2025-07-30 17:25:19.997151
433,245,click,2025-07-21 17:25:19.997151
496,298,click,2025-10-21 17:25:19.997151
487,31,click,2025-06-29 17:25:19.997151
100,228,click,2025-10-30 17:25:19.997151
478,128,add_to_cart,2025-12-10 17:25:19.997151
87,270,click,2025-08-29 17:25:19.997151
403,270,click,2025-11-11 17:25:19.997151
396,209,add_to_cart,2025-08-02 17:25:19.997151
15,178,click,2025-10-06 17:25:19.997151
415,191,click,2025-11-09 17:25:19.997151
427,68,click,2025-06-21 17:25:19.997151
101,267,add_to_cart,2025-08-15 17:25:19.997151
165,270,add_to_cart,2025-07-25 17:25:19.997151
463,128,add_to_cart,2025-12-07 17:25:19.997151
29,264,purchase,2025-10-02 17:25:19.997151
114,221,add_to_cart,2025-10-17 17:25:19.997151
107,242,add_to_cart,2025-10-26 17:25:19.997151
410,244,click,2025-10-31 17:25:19.997151
364,19,click,2025-10-06 17:25:19.997151
130,155,purchase,2025-07-29 17:25:19.997151
84,229,purchase,2025-10-13 17:25:19.997151
271,58,click,2025-08-23 17:25:19.997151
244,281,click,2025-11-25 17:25:19.997151
388,45,purchase,2025-12-11 17:25:19.997151
214,102,click,2025-12-10 17:25:19.997151
306,48,click,2025-11-03 17:25:19.997151
166,50,add_to_cart,2025-11-20 17:25:19.997151
279,81,click,2025-09-14 17:25:19.997151
59,300,click,2025-10-23 17:25:19.997151
90,59,add_to_cart,2025-08-10 17:25:19.997151
371,161,click,2025-08-07 17:25:19.997151
331,103,purchase,2025-07-30 17:25:19.997151
412,274,purchase,2025-11-21 17:25:19.997151
194,183,add_to_cart,2025-07-29 17:25:19.997151
123,116,purchase,2025-10-12 17:25:19.997151
136,267,click,2025-12-12 17:25:19.997151
413,164,click,2025-06-19 17:25:19.997151
139,143,add_to_cart,2025-08-11 17:25:19.997151
229,94,click,2025-07-07 17:25:19.997151
274,250,click,2025-08-29 17:25:19.997151
439,240,add_to_cart,2025-11-30 17:25:19.997151
50,59,add_to_cart,2025-07-27 17:25:19.997151
398,15,add_to_cart,2025-09-05 17:25:19.997151
118,285,add_to_cart,2025-08-25 17:25:19.997151
202,203,add_to_cart,2025-10-03 17:25:19.997151
483,237,add_to_cart,2025-10-24 17:25:19.997151
393,296,click,2025-08-20 17:25:19.997151
483,287,click,2025-10-14 17:25:19.997151
395,73,add_to_cart,2025-07-28 17:25:19.997151
191,214,click,2025-11-01 17:25:19.997151
364,11,purchase,2025-07-08 17:25:19.997151
460,225,add_to_cart,2025-10-15 17:25:19.997151
323,203,add_to_cart,2025-07-02 17:25:19.997151
181,231,purchase,2025-07-28 17:25:19.997151
423,51,add_to_cart,2025-09-26 17:25:19.997151
78,57,click,2025-10-04 17:25:19.997151
440,132,click,2025-07-28 17:25:19.997151
412,280,click,2025-11-30 17:25:19.997151
75,297,click,2025-07-11 17:25:19.997151
295,225,click,2025-07-02 17:25:19.997151
281,174,add_to_cart,2025-09-10 17:25:19.997151
21,292,click,2025-09-03 17:25:19.997151
394,266,click,2025-10-13 17:25:19.997151
171,247,click,2025-10-07 17:25:19.997151
15,78,click,2025-07-29 17:25:19.997151
211,135,click,2025-08-08 17:25:19.997151
48,140,click,2025-07-08 17:25:19.997151
86,253,add_to_cart,2025-07-26 17:25:19.997151
149,176,click,2025-09-26 17:25:19.997151
188,60,click,2025-06-19 17:25:19.997151
372,254,click,2025-07-06 17:25:19.997151
492,8,add_to_cart,2025-09-12 17:25:19.997151
480,107,add_to_cart,2025-08-15 17:25:19.997151
306,171,purchase,2025-11-08 17:25:19.997151
151,58,add_to_cart,2025-11-04 17:25:19.997151
141,290,click,2025-08-29 17:25:19.997151
69,84,click,2025-09-26 17:25:19.997151
260,117,click,2025-12-09 17:25:19.997151
476,200,add_to_cart,2025-10-21 17:25:19.997151
334,22,click,2025-08-05 17:25:19.997151
456,219,add_to_cart,2025-07-01 17:25:19.997151
9,226,click,2025-10-16 17:25:19.997151
121,271,click,2025-10-12 17:25:19.997151
371,102,click,2025-09-14 17:25:19.997151
419,145,add_to_cart,2025-09-22 17:25:19.997151
101,147,click,2025-06-29 17:25:19.997151
149,261,add_to_cart,2025-07-06 17:25:19.997151
442,279,click,2025-11-21 17:25:19.997151
146,14,click,2025-12-10 17:25:19.997151
353,266,click,2025-12-08 17:25:19.997151
456,287,click,2025-07-06 17:25:19.997151
243,141,click,2025-10-24 17:25:19.997151
241,293,click,2025-11-27 17:25:19.997151
337,31,click,2025-12-07 17:25:19.997151
43,171,add_to_cart,2025-07-08 17:25:19.997151
95,205,click,2025-12-08 17:25:19.997151
226,291,click,2025-11-08 17:25:19.997151
6,111,add_to_cart,2025-07-09 17:25:19.997151
214,68,add_to_cart,2025-11-23 17:25:19.997151
206,183,click,2025-07-07 17:25:19.997151
67,196,add_to_cart,2025-09-20 17:25:19.997151
396,126,add_to_cart,2025-06-25 17:25:19.997151
100,175,click,2025-07-09 17:25:19.997151
12,262,click,2025-08-09 17:25:19.997151
237,286,click,2025-12-09 17:25:19.997151
322,155,click,2025-08-31 17:25:19.997151
258,69,purchase,2025-08-26 17:25:19.997151
399,108,click,2025-11-22 17:25:19.997151
407,35,click,2025-08-08 17:25:19.997151
413,44,purchase,2025-07-23 17:25:19.997151
337,143,add_to_cart,2025-09-24 17:25:19.997151
480,211,click,2025-09-01 17:25:19.997151
135,285,add_to_cart,2025-09-07 17:25:19.997151
222,6,add_to_cart,2025-10-21 17:25:19.997151
156,218,add_to_cart,2025-09-15 17:25:19.997151
142,27,click,2025-11-14 17:25:19.997151
428,227,click,2025-09-30 17:25:19.997151
158,284,click,2025-10-07 17:25:19.997151
465,56,click,2025-09-14 17:25:19.997151
416,105,click,2025-12-06 17:25:19.997151
494,18,add_to_cart,2025-08-15 17:25:19.997151
326,205,click,2025-07-01 17:25:19.997151
371,43,click,2025-10-03 17:25:19.997151
344,89,add_to_cart,2025-11-12 17:25:19.997151
262,74,click,2025-09-23 17:25:19.997151
283,157,purchase,2025-08-27 17:25:19.997151
338,266,add_to_cart,2025-11-13 17:25:19.997151
344,134,purchase,2025-09-19 17:25:19.997151
229,89,click,2025-09-10 17:25:19.997151
376,236,add_to_cart,2025-10-20 17:25:19.997151
280,132,purchase,2025-07-19 17:25:19.997151
358,229,add_to_cart,2025-06-23 17:25:19.997151
290,34,add_to_cart,2025-11-14 17:25:19.997151
168,83,click,2025-08-13 17:25:19.997151
47,132,click,2025-08-30 17:25:19.997151
463,204,purchase,2025-06-26 17:25:19.997151
203,287,add_to_cart,2025-12-14 17:25:19.997151
214,258,add_to_cart,2025-10-18 17:25:19.997151
246,292,click,2025-11-13 17:25:19.997151
24,125,click,2025-09-11 17:25:19.997151
321,151,click,2025-09-02 17:25:19.997151
274,247,add_to_cart,2025-12-02 17:25:19.997151
44,175,purchase,2025-10-18 17:25:19.997151
332,80,click,2025-12-01 17:25:19.997151
313,107,add_to_cart,2025-07-10 17:25:19.997151
363,300,click,2025-11-17 17:25:19.997151
156,58,click,2025-08-26 17:25:19.998257
488,91,click,2025-08-29 17:25:19.998257
380,135,add_to_cart,2025-08-15 17:25:19.998257
199,169,purchase,2025-10-30 17:25:19.998257
407,122,click,2025-10-19 17:25:19.998257
469,236,click,2025-09-14 17:25:19.998257
162,76,add_to_cart,2025-09-22 17:25:19.998257
395,23,click,2025-07-10 17:25:19.998257
470,73,purchase,2025-10-24 17:25:19.998257
234,88,purchase,2025-09-21 17:25:19.998257
163,103,click,2025-10-13 17:25:19.998257
116,94,click,2025-09-25 17:25:19.998257
93,266,click,2025-12-14 17:25:19.998257
42,253,click,2025-10-17 17:25:19.998257
284,58,add_to_cart,2025-09-23 17:25:19.998257
379,9,click,2025-06-23 17:25:19.998257
210,13,purchase,2025-10-29 17:25:19.998257
206,131,click,2025-08-20 17:25:19.998257
466,222,purchase,2025-08-06 17:25:19.998257
220,153,click,2025-11-20 17:25:19.998257
280,71,add_to_cart,2025-09-23 17:25:19.998257
136,20,add_to_cart,2025-07-19 17:25:19.998257
106,81,click,2025-06-28 17:25:19.998257
118,228,click,2025-11-26 17:25:19.998257
237,19,purchase,2025-09-14 17:25:19.998257
309,165,click,2025-10-29 17:25:19.998257
456,107,click,2025-08-17 17:25:19.998257
388,214,purchase,2025-09-12 17:25:19.998257
475,239,click,2025-10-16 17:25:19.998257
100,147,click,2025-07-18 17:25:19.998257
261,181,add_to_cart,2025-10-16 17:25:19.998257
481,198,add_to_cart,2025-09-27 17:25:19.998257
305,287,click,2025-11-27 17:25:19.998257
354,53,click,2025-12-03 17:25:19.998257
286,240,add_to_cart,2025-08-08 17:25:19.998257
328,290,click,2025-06-20 17:25:19.998257
103,287,add_to_cart,2025-10-02 17:25:19.998257
63,188,click,2025-12-15 17:25:19.998257
175,6,add_to_cart,2025-06-30 17:25:19.998257
282,283,click,2025-07-31 17:25:19.998257
441,263,purchase,2025-12-13 17:25:19.998257
293,49,click,2025-12-08 17:25:19.998257
226,200,click,2025-09-27 17:25:19.998257
7,60,click,2025-07-05 17:25:19.998257
127,33,click,2025-08-31 17:25:19.998257
424,244,click,2025-11-06 17:25:19.998257
92,172,add_to_cart,2025-07-02 17:25:19.998257
423,207,purchase,2025-06-24 17:25:19.998257
190,283,click,2025-08-19 17:25:19.998257
359,22,click,2025-12-08 17:25:19.998257
476,47,purchase,2025-10-03 17:25:19.998257
462,158,click,2025-07-04 17:25:19.998257
53,258,click,2025-11-19 17:25:19.998257
242,143,click,2025-09-12 17:25:19.998257
486,47,click,2025-08-07 17:25:19.998257
132,27,click,2025-07-02 17:25:19.998257
490,27,add_to_cart,2025-12-10 17:25:19.998257
466,145,click,2025-12-06 17:25:19.998257
364,75,add_to_cart,2025-07-12 17:25:19.998257
112,187,click,2025-11-17 17:25:19.998257
409,10,click,2025-07-21 17:25:19.998257
7,121,click,2025-09-28 17:25:19.998257
230,289,purchase,2025-10-11 17:25:19.998257
156,165,click,2025-12-04 17:25:19.998257
197,264,click,2025-12-03 17:25:19.998257
323,161,click,2025-08-30 17:25:19.998257
364,297,click,2025-07-02 17:25:19.998257
223,118,click,2025-07-02 17:25:19.998257
367,263,click,2025-09-05 17:25:19.998257
490,84,click,2025-06-26 17:25:19.998257
250,146,purchase,2025-06-30 17:25:19.998257
404,171,click,2025-09-16 17:25:19.998257
83,14,add_to_cart,2025-06-28 17:25:19.998257
240,149,click,2025-10-15 17:25:19.998257
380,251,click,2025-08-07 17:25:19.998257
395,57,purchase,2025-12-07 17:25:19.998257
360,133,add_to_cart,2025-06-27 17:25:19.998257
323,170,add_to_cart,2025-08-13 17:25:19.998257
471,102,add_to_cart,2025-07-07 17:25:19.998257
263,106,purchase,2025-11-27 17:25:19.998257
407,171,click,2025-09-17 17:25:19.998257
189,128,click,2025-09-20 17:25:19.998257
455,250,click,2025-11-28 17:25:19.998257
366,32,add_to_cart,2025-06-25 17:25:19.998257
290,216,add_to_cart,2025-09-03 17:25:19.998257
362,262,add_to_cart,2025-06-30 17:25:19.998257
403,244,click,2025-08-12 17:25:19.998257
58,285,purchase,2025-10-28 17:25:19.998257
9,290,click,2025-09-05 17:25:19.998257
304,263,add_to_cart,2025-06-19 17:25:19.998257
115,85,click,2025-10-03 17:25:19.998257
210,45,purchase,2025-06-28 17:25:19.998257
41,200,click,2025-07-31 17:25:19.998257
304,201,click,2025-09-22 17:25:19.998257
173,168,purchase,2025-07-03 17:25:19.998257
234,240,purchase,2025-11-08 17:25:19.998257
281,286,click,2025-06-24 17:25:19.998257
372,190,purchase,2025-08-03 17:25:19.998257
78,71,add_to_cart,2025-12-04 17:25:19.998257
108,145,click,2025-10-25 17:25:19.998257
281,209,click,2025-09-02 17:25:19.998257
403,208,click,2025-07-08 17:25:19.998257
39,222,click,2025-09-15 17:25:19.998257
119,287,add_to_cart,2025-11-22 17:25:19.998257
335,163,click,2025-06-23 17:25:19.998257
336,72,add_to_cart,2025-11-15 17:25:19.998257
27,240,add_to_cart,2025-09-25 17:25:19.998257
104,127,add_to_cart,2025-11-23 17:25:19.998257
74,85,purchase,2025-10-06 17:25:19.998257
191,15,add_to_cart,2025-10-05 17:25:19.998257
324,248,click,2025-08-20 17:25:19.998257
499,283,add_to_cart,2025-07-26 17:25:19.998257
147,2,purchase,2025-11-08 17:25:19.998257
255,74,click,2025-07-13 17:25:19.998257
284,64,purchase,2025-09-16 17:25:19.998257
213,261,click,2025-08-11 17:25:19.998257
123,239,click,2025-11-25 17:25:19.998257
495,279,add_to_cart,2025-11-19 17:25:19.998257
206,201,add_to_cart,2025-06-24 17:25:19.998257
417,293,add_to_cart,2025-10-21 17:25:19.998257
240,286,click,2025-08-13 17:25:19.998257
394,221,add_to_cart,2025-09-01 17:25:19.998257
339,162,add_to_cart,2025-07-27 17:25:19.998257
286,183,click,2025-11-25 17:25:19.998257
22,265,click,2025-12-02 17:25:19.998257
259,132,add_to_cart,2025-08-31 17:25:19.998257
357,120,click,2025-10-07 17:25:19.998257
105,219,click,2025-11-18 17:25:19.998257
466,160,click,2025-08-25 17:25:19.998257
459,300,add_to_cart,2025-07-04 17:25:19.998257
432,109,click,2025-09-05 17:25:19.998257
258,238,click,2025-10-10 17:25:19.998257
204,293,click,2025-08-14 17:25:19.998257
310,67,click,2025-11-13 17:25:19.998257
262,187,click,2025-12-04 17:25:19.998257
107,36,click,2025-07-29 17:25:19.998257
251,49,click,2025-06-20 17:25:19.998257
424,256,click,2025-07-06 17:25:19.998257
492,107,purchase,2025-09-04 17:25:19.998257
221,8,click,2025-12-04 17:25:19.998257
379,236,purchase,2025-11-27 17:25:19.998257
222,178,add_to_cart,2025-09-12 17:25:19.998257
258,242,click,2025-10-18 17:25:19.998257
201,41,click,2025-08-21 17:25:19.998257
367,245,purchase,2025-12-03 17:25:19.998257
258,113,add_to_cart,2025-11-27 17:25:19.998257
349,256,click,2025-07-05 17:25:19.998257
225,166,click,2025-08-06 17:25:19.998257
202,78,click,2025-12-03 17:25:19.998257
226,207,add_to_cart,2025-09-23 17:25:19.998257
236,196,purchase,2025-08-04 17:25:19.998257
183,64,click,2025-11-02 17:25:19.998257
200,140,click,2025-10-01 17:25:19.998257
357,42,click,2025-08-29 17:25:19.998257
246,209,purchase,2025-09-26 17:25:19.998257
444,73,click,2025-08-02 17:25:19.998257
353,153,purchase,2025-07-08 17:25:19.998257
111,135,click,2025-08-17 17:25:19.998257
6,264,add_to_cart,2025-10-25 17:25:19.998257
236,216,click,2025-09-04 17:25:19.998257
127,209,purchase,2025-08-21 17:25:19.998257
104,204,click,2025-09-17 17:25:19.998257
237,110,add_to_cart,2025-09-24 17:25:19.998257
403,31,click,2025-12-03 17:25:19.998257
480,12,add_to_cart,2025-08-18 17:25:19.998257
155,127,click,2025-07-31 17:25:19.998257
257,194,click,2025-07-07 17:25:19.998257
235,140,click,2025-09-12 17:25:19.998257
500,27,click,2025-07-14 17:25:19.998257
289,46,click,2025-06-27 17:25:19.998257
40,135,click,2025-10-08 17:25:19.998257
288,58,click,2025-12-11 17:25:19.998257
197,13,click,2025-07-04 17:25:19.998257
273,100,click,2025-10-06 17:25:19.998257
382,49,click,2025-09-03 17:25:19.998257
264,291,click,2025-10-21 17:25:19.998257
57,94,click,2025-10-26 17:25:19.998257
298,95,add_to_cart,2025-10-21 17:25:19.998257
98,145,click,2025-06-29 17:25:19.998257
137,72,add_to_cart,2025-07-28 17:25:19.998257
376,10,click,2025-11-12 17:25:19.998257
87,162,purchase,2025-09-07 17:25:19.998257
419,214,click,2025-07-07 17:25:19.998257
242,4,add_to_cart,2025-10-24 17:25:19.998257
199,224,click,2025-12-13 17:25:19.998257
463,29,click,2025-10-03 17:25:19.998257
437,203,click,2025-08-31 17:25:19.999299
310,77,click,2025-09-08 17:25:19.999299
84,59,click,2025-11-09 17:25:19.999299
242,196,click,2025-06-19 17:25:19.999299
281,107,purchase,2025-08-04 17:25:19.999299
323,9,click,2025-07-20 17:25:19.999299
252,20,click,2025-11-01 17:25:19.999299
190,149,add_to_cart,2025-08-05 17:25:19.999299
439,17,add_to_cart,2025-12-13 17:25:19.999299
430,12,click,2025-11-26 17:25:19.999299
152,82,add_to_cart,2025-10-16 17:25:19.999299
482,67,click,2025-07-06 17:25:19.999299
302,133,click,2025-07-09 17:25:19.999299
278,53,click,2025-07-22 17:25:19.999299
139,206,click,2025-07-26 17:25:19.999299
176,233,click,2025-10-03 17:25:19.999299
8,54,click,2025-10-20 17:25:19.999299
295,68,click,2025-07-15 17:25:19.999299
235,291,click,2025-10-07 17:25:19.999299
163,169,add_to_cart,2025-08-27 17:25:19.999299
49,161,add_to_cart,2025-09-17 17:25:19.999299
302,15,add_to_cart,2025-08-08 17:25:19.999299
38,191,purchase,2025-10-28 17:25:19.999299
136,15,purchase,2025-06-23 17:25:19.999299
310,287,purchase,2025-07-09 17:25:19.999299
421,10,click,2025-08-07 17:25:19.999299
219,57,click,2025-07-21 17:25:19.999299
348,199,click,2025-09-13 17:25:19.999299
296,161,click,2025-07-04 17:25:19.999299
34,263,click,2025-08-29 17:25:19.999299
352,253,click,2025-07-21 17:25:19.999299
79,119,purchase,2025-10-17 17:25:19.999299
236,80,click,2025-09-09 17:25:19.999299
383,124,click,2025-09-26 17:25:19.999299
273,72,click,2025-11-04 17:25:19.999299
161,168,add_to_cart,2025-07-18 17:25:19.999299
175,284,click,2025-06-30 17:25:19.999299
366,36,click,2025-10-04 17:25:19.999299
308,175,purchase,2025-11-19 17:25:19.999299
374,199,add_to_cart,2025-09-26 17:25:19.999299
464,116,add_to_cart,2025-06-25 17:25:19.999299
221,220,purchase,2025-11-29 17:25:19.999299
9,66,click,2025-08-25 17:25:19.999299
289,265,add_to_cart,2025-08-08 17:25:19.999299
444,134,click,2025-12-01 17:25:19.999299
113,119,add_to_cart,2025-08-20 17:25:19.999299
477,122,click,2025-06-30 17:25:19.999299
205,87,click,2025-10-04 17:25:19.999299
405,289,click,2025-12-02 17:25:19.999299
186,137,click,2025-12-08 17:25:19.999299
341,53,click,2025-10-01 17:25:19.999299
197,205,click,2025-08-03 17:25:19.999299
266,51,add_to_cart,2025-10-10 17:25:19.999299
262,40,click,2025-07-15 17:25:19.999299
248,250,click,2025-12-13 17:25:19.999299
115,218,add_to_cart,2025-06-25 17:25:19.999299
121,179,add_to_cart,2025-08-06 17:25:19.999299
141,39,click,2025-08-14 17:25:19.999299
65,183,click,2025-06-25 17:25:19.999299
276,224,add_to_cart,2025-12-02 17:25:19.999299
313,164,click,2025-08-07 17:25:19.999299
239,234,click,2025-07-28 17:25:19.999299
302,193,click,2025-08-02 17:25:19.999299
392,85,purchase,2025-08-08 17:25:19.999299
10,243,click,2025-09-05 17:25:19.999299
457,173,click,2025-08-22 17:25:19.999299
369,37,purchase,2025-10-31 17:25:19.999299
233,87,click,2025-11-15 17:25:19.999299
195,129,click,2025-09-16 17:25:19.999299
395,194,click,2025-11-11 17:25:19.999299
12,43,purchase,2025-10-15 17:25:19.999299
394,159,add_to_cart,2025-06-25 17:25:19.999299
409,105,add_to_cart,2025-07-17 17:25:19.999299
177,229,click,2025-10-12 17:25:19.999299
177,217,click,2025-09-17 17:25:19.999299
217,264,click,2025-11-02 17:25:19.999299
11,49,click,2025-09-08 17:25:19.999299
446,123,add_to_cart,2025-10-26 17:25:19.999299
118,25,click,2025-08-30 17:25:19.999299
164,131,add_to_cart,2025-09-19 17:25:19.999299
39,224,click,2025-06-25 17:25:19.999299
53,99,click,2025-11-13 17:25:19.999299
218,290,add_to_cart,2025-07-15 17:25:19.999299
206,197,click,2025-09-06 17:25:19.999299
487,109,add_to_cart,2025-07-02 17:25:19.999299
312,220,click,2025-10-19 17:25:19.999299
360,264,add_to_cart,2025-08-23 17:25:19.999299
385,208,purchase,2025-11-20 17:25:19.999299
56,82,click,2025-08-21 17:25:19.999299
118,25,click,2025-10-02 17:25:19.999299
388,186,click,2025-09-14 17:25:19.999299
253,8,add_to_cart,2025-10-20 17:25:19.999299
286,124,click,2025-10-07 17:25:19.999299
268,149,click,2025-10-04 17:25:19.999299
291,98,add_to_cart,2025-12-08 17:25:19.999299
333,216,add_to_cart,2025-09-16 17:25:19.999299
180,101,purchase,2025-08-12 17:25:19.999299
415,218,click,2025-11-12 17:25:19.999299
358,259,click,2025-10-08 17:25:19.999299
235,11,purchase,2025-12-06 17:25:19.999299
343,59,click,2025-11-24 17:25:19.999299
196,250,add_to_cart,2025-07-29 17:25:19.999299
308,140,add_to_cart,2025-07-12 17:25:19.999299
80,38,click,2025-07-10 17:25:19.999299
135,122,click,2025-12-10 17:25:19.999299
22,65,click,2025-08-28 17:25:19.999299
477,146,click,2025-12-09 17:25:19.999299
331,125,click,2025-09-10 17:25:19.999299
440,191,add_to_cart,2025-08-28 17:25:19.999299
225,263,click,2025-12-03 17:25:19.999299
58,296,click,2025-10-14 17:25:19.999299
93,182,click,2025-11-22 17:25:19.999299
192,159,click,2025-09-13 17:25:19.999299
103,287,click,2025-09-10 17:25:19.999299
396,162,click,2025-09-23 17:25:19.999299
7,263,click,2025-11-27 17:25:19.999299
128,217,click,2025-09-24 17:25:19.999299
55,181,click,2025-09-19 17:25:19.999299
231,91,add_to_cart,2025-10-08 17:25:19.999299
362,17,click,2025-07-19 17:25:19.999299
62,125,click,2025-10-17 17:25:19.999299
240,260,purchase,2025-11-24 17:25:19.999299
90,214,add_to_cart,2025-09-15 17:25:19.999299
232,239,click,2025-07-24 17:25:19.999299
457,180,click,2025-09-12 17:25:19.999299
233,172,add_to_cart,2025-06-24 17:25:19.999299
354,143,click,2025-08-03 17:25:19.999299
493,244,click,2025-07-24 17:25:19.999299
333,232,click,2025-08-03 17:25:19.999299
439,172,purchase,2025-11-17 17:25:19.999299
375,277,click,2025-12-12 17:25:19.999299
292,77,click,2025-09-03 17:25:19.999299
345,49,click,2025-08-20 17:25:19.999299
152,248,click,2025-11-30 17:25:19.999299
428,283,click,2025-09-27 17:25:19.999299
145,287,purchase,2025-09-21 17:25:19.999299
130,32,click,2025-10-02 17:25:19.999299
141,158,purchase,2025-11-05 17:25:19.999299
415,18,click,2025-10-17 17:25:19.999299
93,63,click,2025-10-19 17:25:19.999299
114,128,click,2025-08-26 17:25:19.999299
284,16,click,2025-11-06 17:25:19.999299
444,163,click,2025-10-19 17:25:19.999299
411,251,add_to_cart,2025-06-26 17:25:19.999299
143,137,click,2025-09-30 17:25:19.999299
223,295,click,2025-10-29 17:25:19.999299
232,179,add_to_cart,2025-09-17 17:25:19.999299
463,229,click,2025-12-05 17:25:19.999299
33,180,click,2025-10-21 17:25:19.999299
276,72,click,2025-11-23 17:25:19.999299
170,83,click,2025-11-13 17:25:19.999299
140,136,add_to_cart,2025-06-19 17:25:19.999299
357,218,click,2025-08-22 17:25:19.999299
201,109,purchase,2025-11-18 17:25:19.999299
23,119,purchase,2025-08-23 17:25:19.999299
456,18,click,2025-08-06 17:25:19.999299
224,154,click,2025-06-20 17:25:19.999299
368,11,add_to_cart,2025-07-31 17:25:19.999299
270,138,purchase,2025-10-25 17:25:19.999299
347,62,click,2025-12-07 17:25:19.999299
153,71,purchase,2025-11-28 17:25:19.999299
333,61,purchase,2025-09-25 17:25:19.999299
85,132,click,2025-07-01 17:25:19.999299
109,61,add_to_cart,2025-10-11 17:25:19.999299
31,269,click,2025-11-24 17:25:19.999299
229,12,click,2025-09-27 17:25:19.999299
240,35,click,2025-09-06 17:25:19.999299
378,51,click,2025-09-11 17:25:19.999299
363,43,add_to_cart,2025-10-03 17:25:19.999299
310,228,click,2025-09-02 17:25:19.999299
389,111,click,2025-07-07 17:25:19.999299
141,15,purchase,2025-06-23 17:25:19.999299
156,177,click,2025-11-30 17:25:19.999299
299,162,click,2025-10-28 17:25:19.999299
345,39,click,2025-09-09 17:25:19.999299
371,26,click,2025-09-06 17:25:19.999299
99,112,add_to_cart,2025-10-14 17:25:19.999299
47,51,click,2025-07-01 17:25:19.999299
487,98,click,2025-10-21 17:25:19.999299
327,170,click,2025-09-09 17:25:19.999299
422,56,click,2025-08-30 17:25:19.999299
480,221,click,2025-09-30 17:25:20.000298
67,146,click,2025-06-23 17:25:20.000298
62,260,click,2025-11-09 17:25:20.000298
109,129,click,2025-07-29 17:25:20.000298
167,50,click,2025-09-14 17:25:20.000298
37,20,click,2025-09-09 17:25:20.000298
119,174,click,2025-11-14 17:25:20.000298
498,283,add_to_cart,2025-08-30 17:25:20.000298
86,26,add_to_cart,2025-07-18 17:25:20.000298
382,160,click,2025-10-03 17:25:20.000298
392,10,purchase,2025-10-05 17:25:20.000298
465,82,purchase,2025-11-25 17:25:20.000298
52,256,click,2025-07-29 17:25:20.000298
91,105,add_to_cart,2025-06-22 17:25:20.000298
289,140,click,2025-09-04 17:25:20.000298
494,202,purchase,2025-06-24 17:25:20.000298
337,24,click,2025-09-09 17:25:20.000298
298,46,purchase,2025-10-15 17:25:20.000298
204,217,click,2025-11-08 17:25:20.000298
368,55,click,2025-09-09 17:25:20.000298
238,78,add_to_cart,2025-08-28 17:25:20.000298
382,159,add_to_cart,2025-07-15 17:25:20.000298
155,272,add_to_cart,2025-11-06 17:25:20.000298
240,148,purchase,2025-07-25 17:25:20.000298
136,38,add_to_cart,2025-11-27 17:25:20.000298
407,111,add_to_cart,2025-06-21 17:25:20.000298
362,15,click,2025-11-17 17:25:20.000298
381,78,click,2025-08-29 17:25:20.000298
369,76,click,2025-07-03 17:25:20.000298
64,275,add_to_cart,2025-07-05 17:25:20.000298
123,197,click,2025-09-22 17:25:20.000298
254,219,click,2025-12-06 17:25:20.000298
477,63,click,2025-06-24 17:25:20.000298
114,32,purchase,2025-06-27 17:25:20.000298
20,233,click,2025-08-22 17:25:20.000298
16,110,click,2025-08-30 17:25:20.000298
145,165,click,2025-12-09 17:25:20.000298
208,194,click,2025-11-27 17:25:20.000298
19,7,click,2025-08-28 17:25:20.000298
376,139,click,2025-11-13 17:25:20.000298
392,287,click,2025-07-17 17:25:20.000298
166,56,add_to_cart,2025-11-23 17:25:20.000298
38,160,add_to_cart,2025-09-21 17:25:20.000298
181,149,click,2025-09-07 17:25:20.000298
349,287,add_to_cart,2025-08-28 17:25:20.000298
105,257,add_to_cart,2025-07-20 17:25:20.000298
100,139,add_to_cart,2025-09-25 17:25:20.000298
90,292,click,2025-09-05 17:25:20.000298
415,187,click,2025-09-16 17:25:20.000298
300,184,add_to_cart,2025-11-09 17:25:20.000298
444,262,click,2025-10-28 17:25:20.000298
332,145,click,2025-07-16 17:25:20.000298
401,261,click,2025-11-07 17:25:20.000298
79,2,add_to_cart,2025-11-16 17:25:20.000298
73,12,click,2025-11-03 17:25:20.000298
423,261,click,2025-11-14 17:25:20.000298
426,169,add_to_cart,2025-08-12 17:25:20.000298
176,148,purchase,2025-09-12 17:25:20.000298
396,200,click,2025-06-22 17:25:20.000298
96,70,click,2025-12-14 17:25:20.000298
345,54,add_to_cart,2025-10-30 17:25:20.000298
103,259,click,2025-09-08 17:25:20.000298
402,28,add_to_cart,2025-11-23 17:25:20.000298
463,120,add_to_cart,2025-08-04 17:25:20.000298
224,133,click,2025-09-22 17:25:20.000298
6,90,click,2025-11-05 17:25:20.000298
122,16,click,2025-11-04 17:25:20.000298
236,287,add_to_cart,2025-10-05 17:25:20.000298
427,284,click,2025-07-02 17:25:20.000298
116,230,click,2025-07-31 17:25:20.000298
163,137,click,2025-08-26 17:25:20.000298
226,295,click,2025-10-27 17:25:20.000298
230,227,click,2025-10-02 17:25:20.000298
182,27,click,2025-08-02 17:25:20.000298
249,117,add_to_cart,2025-12-15 17:25:20.000298
318,89,click,2025-12-15 17:25:20.000298
453,107,click,2025-11-19 17:25:20.000298
210,221,add_to_cart,2025-08-29 17:25:20.000298
144,223,add_to_cart,2025-08-13 17:25:20.000298
392,122,add_to_cart,2025-06-23 17:25:20.000298
345,33,click,2025-11-23 17:25:20.000298
96,91,click,2025-06-27 17:25:20.000298
382,184,click,2025-07-01 17:25:20.000298
346,258,purchase,2025-07-30 17:25:20.000298
244,13,purchase,2025-08-29 17:25:20.000298
86,24,add_to_cart,2025-07-30 17:25:20.000298
415,34,click,2025-09-07 17:25:20.000298
491,247,add_to_cart,2025-09-05 17:25:20.000298
394,19,purchase,2025-11-15 17:25:20.000298
184,30,click,2025-10-22 17:25:20.000298
121,49,click,2025-07-17 17:25:20.000298
332,180,click,2025-10-15 17:25:20.000298
92,226,click,2025-07-22 17:25:20.000298
70,78,click,2025-09-11 17:25:20.000298
404,207,purchase,2025-11-06 17:25:20.000298
133,35,purchase,2025-09-05 17:25:20.000298
279,250,purchase,2025-11-29 17:25:20.000298
137,71,click,2025-06-21 17:25:20.000298
314,279,click,2025-09-08 17:25:20.000298
187,152,add_to_cart,2025-12-04 17:25:20.000298
221,227,click,2025-07-26 17:25:20.000298
464,243,click,2025-07-02 17:25:20.000298
438,10,add_to_cart,2025-12-03 17:25:20.000298
46,48,click,2025-09-13 17:25:20.000298
278,112,click,2025-09-01 17:25:20.000298
192,204,click,2025-11-27 17:25:20.000298
8,157,purchase,2025-10-20 17:25:20.000298
379,26,click,2025-09-15 17:25:20.000298
276,166,click,2025-10-17 17:25:20.000298
179,249,purchase,2025-07-16 17:25:20.000298
334,262,click,2025-09-03 17:25:20.000298
39,264,click,2025-08-06 17:25:20.000298
293,17,click,2025-06-19 17:25:20.000298
178,76,click,2025-08-11 17:25:20.000298
162,254,click,2025-09-06 17:25:20.000298
331,206,purchase,2025-08-03 17:25:20.000298
374,34,click,2025-10-09 17:25:20.000298
104,147,add_to_cart,2025-09-20 17:25:20.000298
161,228,click,2025-08-30 17:25:20.000298
287,118,click,2025-06-26 17:25:20.000298
123,165,click,2025-08-01 17:25:20.000298
54,38,click,2025-08-17 17:25:20.000298
428,296,click,2025-12-07 17:25:20.000298
34,137,click,2025-08-07 17:25:20.000298
242,246,click,2025-09-30 17:25:20.000298
455,198,add_to_cart,2025-10-14 17:25:20.000298
378,66,click,2025-08-19 17:25:20.000298
113,80,click,2025-09-14 17:25:20.000298
318,52,add_to_cart,2025-08-08 17:25:20.000298
23,129,click,2025-07-10 17:25:20.000298
46,1,purchase,2025-11-08 17:25:20.000298
312,167,add_to_cart,2025-12-09 17:25:20.000298
135,16,purchase,2025-09-03 17:25:20.000298
118,145,click,2025-07-31 17:25:20.000298
473,112,purchase,2025-09-30 17:25:20.000298
189,102,add_to_cart,2025-12-15 17:25:20.000298
131,82,add_to_cart,2025-11-09 17:25:20.000298
422,99,purchase,2025-07-16 17:25:20.000298
212,159,click,2025-09-13 17:25:20.000298
418,40,purchase,2025-10-11 17:25:20.000298
113,155,click,2025-09-07 17:25:20.000298
44,36,click,2025-10-01 17:25:20.000298
128,247,click,2025-12-11 17:25:20.000298
364,4,click,2025-10-21 17:25:20.000298
158,281,click,2025-11-04 17:25:20.000298
273,249,purchase,2025-10-28 17:25:20.000298
315,12,add_to_cart,2025-10-31 17:25:20.000298
394,283,add_to_cart,2025-10-06 17:25:20.000298
355,216,add_to_cart,2025-12-14 17:25:20.000298
340,82,click,2025-10-10 17:25:20.000298
402,14,click,2025-08-06 17:25:20.000298
45,56,click,2025-10-15 17:25:20.000298
108,282,click,2025-08-26 17:25:20.000298
219,199,add_to_cart,2025-09-27 17:25:20.000298
443,166,add_to_cart,2025-11-19 17:25:20.000298
318,292,click,2025-09-21 17:25:20.000298
315,146,click,2025-10-10 17:25:20.000298
177,78,click,2025-08-25 17:25:20.000298
228,112,click,2025-08-16 17:25:20.000298
191,23,click,2025-07-24 17:25:20.000298
471,116,click,2025-06-19 17:25:20.000298
160,142,click,2025-10-06 17:25:20.000298
394,197,purchase,2025-10-20 17:25:20.000298
267,278,click,2025-11-16 17:25:20.000298
358,28,add_to_cart,2025-07-25 17:25:20.000298
326,299,add_to_cart,2025-08-24 17:25:20.000298
379,76,click,2025-08-16 17:25:20.000298
489,18,add_to_cart,2025-09-03 17:25:20.000298
190,100,click,2025-09-04 17:25:20.000298
175,124,click,2025-07-14 17:25:20.000298
290,292,click,2025-10-03 17:25:20.000298
484,125,add_to_cart,2025-09-09 17:25:20.000298
357,7,click,2025-06-24 17:25:20.000298
145,23,click,2025-12-02 17:25:20.000298
232,162,click,2025-08-08 17:25:20.000298
360,117,click,2025-07-02 17:25:20.000298
438,21,add_to_cart,2025-10-22 17:25:20.000298
204,252,add_to_cart,2025-11-20 17:25:20.000298
213,84,click,2025-11-02 17:25:20.000298
40,41,click,2025-10-08 17:25:20.000298
275,203,purchase,2025-11-08 17:25:20.001298
323,128,add_to_cart,2025-09-27 17:25:20.001298
82,142,add_to_cart,2025-12-04 17:25:20.001298
181,103,click,2025-09-02 17:25:20.001298
499,107,click,2025-08-30 17:25:20.001298
320,17,purchase,2025-11-29 17:25:20.001298
83,25,click,2025-11-21 17:25:20.001298
303,64,add_to_cart,2025-09-19 17:25:20.001298
262,237,add_to_cart,2025-07-30 17:25:20.001298
272,176,click,2025-07-23 17:25:20.001298
200,291,add_to_cart,2025-07-05 17:25:20.001298
240,293,click,2025-12-13 17:25:20.001298
402,156,add_to_cart,2025-09-24 17:25:20.001298
180,53,purchase,2025-10-07 17:25:20.001298
432,73,purchase,2025-09-20 17:25:20.001298
171,183,add_to_cart,2025-10-06 17:25:20.001298
295,189,click,2025-08-27 17:25:20.001298
177,13,add_to_cart,2025-08-30 17:25:20.001298
369,47,add_to_cart,2025-12-07 17:25:20.001298
396,160,click,2025-08-10 17:25:20.001298
237,284,click,2025-08-16 17:25:20.001298
138,53,click,2025-10-30 17:25:20.001298
327,287,click,2025-06-21 17:25:20.001298
366,8,purchase,2025-10-13 17:25:20.001298
311,72,click,2025-08-29 17:25:20.001298
129,98,click,2025-08-26 17:25:20.001298
49,87,click,2025-10-30 17:25:20.001298
164,101,purchase,2025-10-02 17:25:20.001298
277,281,purchase,2025-08-13 17:25:20.001298
293,289,click,2025-11-04 17:25:20.001298
116,237,add_to_cart,2025-10-28 17:25:20.001298
24,196,click,2025-11-16 17:25:20.001298
311,97,click,2025-12-08 17:25:20.001298
25,96,add_to_cart,2025-07-04 17:25:20.001298
391,261,click,2025-09-22 17:25:20.001298
127,121,click,2025-12-08 17:25:20.001298
234,273,click,2025-08-10 17:25:20.001298
209,52,click,2025-12-05 17:25:20.001298
93,163,click,2025-08-17 17:25:20.001298
94,190,click,2025-08-17 17:25:20.001298
327,277,add_to_cart,2025-07-07 17:25:20.001298
225,85,click,2025-07-02 17:25:20.001298
455,194,click,2025-07-25 17:25:20.001298
378,181,click,2025-10-06 17:25:20.001298
280,21,purchase,2025-08-06 17:25:20.001298
11,203,add_to_cart,2025-09-11 17:25:20.001298
329,202,purchase,2025-09-06 17:25:20.001298
12,151,click,2025-06-25 17:25:20.001298
35,159,add_to_cart,2025-11-24 17:25:20.001298
447,26,click,2025-12-03 17:25:20.001298
452,66,add_to_cart,2025-09-25 17:25:20.001298
228,263,click,2025-06-29 17:25:20.001298
220,167,add_to_cart,2025-07-07 17:25:20.001298
441,288,click,2025-12-03 17:25:20.001298
141,154,click,2025-07-12 17:25:20.001298
23,206,add_to_cart,2025-08-12 17:25:20.001298
83,153,purchase,2025-06-24 17:25:20.001298
490,184,click,2025-09-12 17:25:20.001298
229,159,purchase,2025-12-05 17:25:20.001298
423,194,click,2025-10-14 17:25:20.001298
344,2,add_to_cart,2025-09-05 17:25:20.001298
80,215,purchase,2025-10-26 17:25:20.001298
353,175,click,2025-10-30 17:25:20.001298
396,75,click,2025-12-12 17:25:20.001298
290,285,click,2025-12-09 17:25:20.001298
455,127,click,2025-09-20 17:25:20.001298
331,49,add_to_cart,2025-11-15 17:25:20.001298
159,32,add_to_cart,2025-08-20 17:25:20.001298
477,158,purchase,2025-09-21 17:25:20.001298
128,15,click,2025-11-16 17:25:20.001298
190,243,click,2025-07-12 17:25:20.001298
397,17,click,2025-11-03 17:25:20.001298
31,22,purchase,2025-09-22 17:25:20.001298
386,244,click,2025-07-19 17:25:20.001298
359,81,purchase,2025-06-23 17:25:20.001298
15,144,click,2025-09-03 17:25:20.001298
313,8,add_to_cart,2025-06-23 17:25:20.001298
75,167,click,2025-08-26 17:25:20.001298
34,287,purchase,2025-07-19 17:25:20.001298
359,268,click,2025-07-14 17:25:20.001298
196,289,add_to_cart,2025-10-14 17:25:20.001298
331,186,add_to_cart,2025-12-12 17:25:20.001298
29,12,click,2025-09-17 17:25:20.001298
194,281,click,2025-08-16 17:25:20.001298
16,83,add_to_cart,2025-12-13 17:25:20.001298
423,55,click,2025-09-26 17:25:20.001298
77,131,add_to_cart,2025-07-01 17:25:20.001298
293,125,add_to_cart,2025-09-24 17:25:20.001298
81,51,click,2025-09-25 17:25:20.001298
405,27,click,2025-07-13 17:25:20.001298
428,165,add_to_cart,2025-08-21 17:25:20.001298
124,281,add_to_cart,2025-07-26 17:25:20.001298
19,33,add_to_cart,2025-10-26 17:25:20.001298
455,62,click,2025-07-15 17:25:20.001298
102,145,purchase,2025-11-11 17:25:20.001298
392,171,click,2025-08-12 17:25:20.001298
77,286,purchase,2025-09-27 17:25:20.001298
229,297,click,2025-12-01 17:25:20.001298
450,117,click,2025-08-05 17:25:20.001298
297,4,click,2025-06-25 17:25:20.001298
203,66,click,2025-11-22 17:25:20.001298
472,60,purchase,2025-12-14 17:25:20.001298
454,287,click,2025-07-05 17:25:20.001298
61,229,click,2025-11-01 17:25:20.001298
26,100,click,2025-09-12 17:25:20.001298
71,119,click,2025-09-13 17:25:20.001298
103,69,click,2025-08-15 17:25:20.001298
467,152,click,2025-11-09 17:25:20.001298
326,280,click,2025-08-20 17:25:20.001298
363,221,click,2025-09-22 17:25:20.001298
157,223,click,2025-07-29 17:25:20.001298
363,165,click,2025-08-16 17:25:20.001298
359,211,add_to_cart,2025-07-06 17:25:20.001298
194,279,add_to_cart,2025-07-19 17:25:20.001298
275,63,add_to_cart,2025-08-21 17:25:20.001298
324,262,purchase,2025-10-05 17:25:20.001298
186,6,purchase,2025-07-14 17:25:20.001298
326,248,click,2025-09-07 17:25:20.001298
113,229,click,2025-12-09 17:25:20.001298
313,286,purchase,2025-12-13 17:25:20.001298
165,257,add_to_cart,2025-12-12 17:25:20.001298
61,63,click,2025-12-08 17:25:20.001298
92,28,click,2025-11-01 17:25:20.001298
286,53,purchase,2025-07-21 17:25:20.001298
455,252,add_to_cart,2025-08-05 17:25:20.001298
457,38,click,2025-06-25 17:25:20.001298
153,139,purchase,2025-10-08 17:25:20.001298
225,53,purchase,2025-11-11 17:25:20.001298
127,94,click,2025-07-26 17:25:20.001298
193,94,purchase,2025-11-29 17:25:20.001298
115,263,purchase,2025-10-01 17:25:20.001298
262,137,click,2025-06-25 17:25:20.001298
18,256,add_to_cart,2025-06-28 17:25:20.001298
10,37,click,2025-08-16 17:25:20.001298
92,142,add_to_cart,2025-09-28 17:25:20.001298
139,147,purchase,2025-09-16 17:25:20.001298
481,8,click,2025-08-24 17:25:20.001298
449,251,click,2025-11-24 17:25:20.001298
333,135,purchase,2025-08-01 17:25:20.001298
357,59,purchase,2025-10-30 17:25:20.001298
340,123,click,2025-12-13 17:25:20.001298
449,263,purchase,2025-06-19 17:25:20.001298
52,120,click,2025-11-15 17:25:20.001298
195,259,click,2025-12-03 17:25:20.001298
466,18,add_to_cart,2025-12-14 17:25:20.001298
489,92,add_to_cart,2025-08-27 17:25:20.001298
206,164,add_to_cart,2025-12-09 17:25:20.001298
287,144,click,2025-11-17 17:25:20.001298
475,238,click,2025-08-06 17:25:20.001298
401,174,purchase,2025-08-06 17:25:20.001298
439,83,click,2025-09-19 17:25:20.001298
366,157,click,2025-07-20 17:25:20.001298
93,109,add_to_cart,2025-06-26 17:25:20.001298
420,178,add_to_cart,2025-08-11 17:25:20.001298
485,250,click,2025-07-13 17:25:20.001298
410,253,click,2025-12-08 17:25:20.001298
309,55,purchase,2025-11-04 17:25:20.001298
145,155,purchase,2025-07-24 17:25:20.001298
86,91,click,2025-08-01 17:25:20.001298
153,126,click,2025-09-23 17:25:20.001298
2,169,click,2025-10-08 17:25:20.001298
342,139,add_to_cart,2025-09-08 17:25:20.001298
389,5,click,2025-11-05 17:25:20.001298
260,66,add_to_cart,2025-07-12 17:25:20.001298
164,111,click,2025-10-23 17:25:20.001298
6,184,click,2025-07-09 17:25:20.001298
500,268,purchase,2025-08-17 17:25:20.001298
149,170,click,2025-11-03 17:25:20.001298
205,244,add_to_cart,2025-10-08 17:25:20.001298
118,138,click,2025-08-23 17:25:20.001298
485,28,click,2025-09-07 17:25:20.001298
89,7,click,2025-11-30 17:25:20.001298
154,51,click,2025-07-20 17:25:20.001298
439,136,click,2025-07-08 17:25:20.001298
167,178,add_to_cart,2025-07-15 17:25:20.001298
468,129,click,2025-08-07 17:25:20.001298
161,197,purchase,2025-11-23 17:25:20.001298
270,267,click,2025-09-18 17:25:20.001298
56,107,click,2025-09-23 17:25:20.001298
228,48,click,2025-10-30 17:25:20.001298
337,138,purchase,2025-08-20 17:25:20.001298
149,103,click,2025-07-05 17:25:20.001298
46,47,click,2025-11-11 17:25:20.002298
144,153,click,2025-06-28 17:25:20.002298
238,6,click,2025-07-08 17:25:20.002298
272,11,click,2025-12-11 17:25:20.002298
120,17,click,2025-12-12 17:25:20.002298
340,143,click,2025-10-19 17:25:20.002298
413,272,click,2025-06-19 17:25:20.002298
220,66,add_to_cart,2025-08-31 17:25:20.002298
8,256,add_to_cart,2025-06-21 17:25:20.002298
344,127,add_to_cart,2025-07-14 17:25:20.002298
387,131,click,2025-07-31 17:25:20.002298
473,18,click,2025-08-15 17:25:20.002298
275,207,add_to_cart,2025-10-15 17:25:20.002298
353,89,click,2025-08-16 17:25:20.002298
66,243,click,2025-07-21 17:25:20.002298
79,17,purchase,2025-11-14 17:25:20.002298
86,223,purchase,2025-10-29 17:25:20.002298
124,210,purchase,2025-06-22 17:25:20.002298
202,99,purchase,2025-11-20 17:25:20.002298
466,13,purchase,2025-08-16 17:25:20.002298
150,270,add_to_cart,2025-07-06 17:25:20.002298
46,187,click,2025-11-18 17:25:20.002298
113,274,purchase,2025-10-12 17:25:20.002298
91,133,purchase,2025-08-19 17:25:20.002298
141,14,click,2025-07-15 17:25:20.002298
289,281,click,2025-12-10 17:25:20.002298
389,44,click,2025-10-27 17:25:20.002298
218,295,purchase,2025-10-28 17:25:20.002298
77,104,click,2025-10-31 17:25:20.002298
411,62,click,2025-09-17 17:25:20.002298
377,53,click,2025-07-20 17:25:20.002298
384,118,purchase,2025-09-11 17:25:20.002298
334,131,add_to_cart,2025-11-21 17:25:20.002298
152,299,click,2025-09-11 17:25:20.002298
323,199,click,2025-08-13 17:25:20.002298
239,36,click,2025-09-02 17:25:20.002298
115,279,click,2025-10-14 17:25:20.002298
319,216,click,2025-09-24 17:25:20.002298
369,74,click,2025-10-11 17:25:20.002298
94,55,click,2025-07-06 17:25:20.002298
483,12,click,2025-09-27 17:25:20.002298
48,83,click,2025-11-13 17:25:20.002298
191,32,purchase,2025-10-27 17:25:20.002298
462,86,click,2025-07-17 17:25:20.002298
12,232,click,2025-09-12 17:25:20.002298
156,275,click,2025-07-18 17:25:20.002298
172,201,click,2025-09-26 17:25:20.002298
477,51,click,2025-09-10 17:25:20.002298
427,256,click,2025-11-09 17:25:20.002298
401,241,add_to_cart,2025-09-07 17:25:20.002298
296,205,click,2025-10-14 17:25:20.002298
177,196,click,2025-10-14 17:25:20.002298
341,244,purchase,2025-11-27 17:25:20.002298
57,1,click,2025-07-20 17:25:20.002298
343,89,add_to_cart,2025-11-07 17:25:20.002298
340,282,click,2025-09-03 17:25:20.002298
448,139,click,2025-09-24 17:25:20.002298
203,87,click,2025-07-15 17:25:20.002298
185,2,click,2025-09-02 17:25:20.002298
121,168,purchase,2025-06-20 17:25:20.002298
226,119,click,2025-10-17 17:25:20.002298
202,80,click,2025-09-25 17:25:20.002298
330,111,add_to_cart,2025-09-15 17:25:20.002298
363,165,click,2025-08-16 17:25:20.002298
380,219,add_to_cart,2025-08-14 17:25:20.002298
454,5,click,2025-09-10 17:25:20.002298
356,215,add_to_cart,2025-08-04 17:25:20.002298
216,195,add_to_cart,2025-08-03 17:25:20.002298
460,282,click,2025-08-05 17:25:20.002298
43,6,click,2025-09-16 17:25:20.002298
375,300,click,2025-08-02 17:25:20.002298
23,58,click,2025-09-05 17:25:20.002298
155,102,click,2025-07-08 17:25:20.002298
186,48,purchase,2025-07-29 17:25:20.002298
249,276,click,2025-09-06 17:25:20.002298
237,163,click,2025-08-13 17:25:20.002298
293,196,click,2025-11-09 17:25:20.002298
134,132,click,2025-07-26 17:25:20.002298
321,66,click,2025-11-29 17:25:20.002298
390,83,click,2025-11-09 17:25:20.002298
434,265,click,2025-06-20 17:25:20.002298
22,229,click,2025-07-12 17:25:20.002298
361,273,add_to_cart,2025-12-13 17:25:20.002298
88,219,purchase,2025-07-15 17:25:20.002298
153,225,click,2025-09-03 17:25:20.002298
125,113,add_to_cart,2025-08-17 17:25:20.002298
79,140,click,2025-11-01 17:25:20.002298
346,185,add_to_cart,2025-08-04 17:25:20.002298
456,173,click,2025-09-08 17:25:20.002298
51,11,add_to_cart,2025-07-22 17:25:20.002298
216,159,purchase,2025-12-03 17:25:20.003298
176,205,add_to_cart,2025-10-20 17:25:20.003298
358,230,add_to_cart,2025-10-04 17:25:20.003298
253,26,click,2025-09-24 17:25:20.003298
454,159,click,2025-09-22 17:25:20.003298
246,278,add_to_cart,2025-06-25 17:25:20.003298
227,148,click,2025-12-04 17:25:20.003298
106,266,click,2025-07-12 17:25:20.003298
193,83,click,2025-09-10 17:25:20.003298
316,26,add_to_cart,2025-10-12 17:25:20.003298
302,71,click,2025-10-28 17:25:20.003298
36,37,add_to_cart,2025-08-11 17:25:20.003298
442,133,add_to_cart,2025-08-06 17:25:20.003298
204,126,click,2025-11-18 17:25:20.003298
422,115,click,2025-10-27 17:25:20.003298
267,92,purchase,2025-12-04 17:25:20.003298
268,242,purchase,2025-09-24 17:25:20.003298
170,200,click,2025-11-28 17:25:20.003298
498,207,click,2025-08-31 17:25:20.003298
39,117,click,2025-08-27 17:25:20.003298
455,219,click,2025-08-27 17:25:20.003298
139,243,click,2025-08-04 17:25:20.003298
292,292,purchase,2025-10-09 17:25:20.003298
52,282,purchase,2025-10-01 17:25:20.003298
287,172,add_to_cart,2025-11-23 17:25:20.003298
289,76,click,2025-07-13 17:25:20.003298
141,209,click,2025-11-06 17:25:20.003298
146,105,click,2025-09-09 17:25:20.003298
425,26,add_to_cart,2025-10-29 17:25:20.003298
314,79,click,2025-07-07 17:25:20.003298
184,128,add_to_cart,2025-09-15 17:25:20.003298
152,137,add_to_cart,2025-07-07 17:25:20.003298
201,36,add_to_cart,2025-10-20 17:25:20.003298
128,59,click,2025-11-17 17:25:20.003298
287,230,add_to_cart,2025-09-17 17:25:20.003298
311,124,click,2025-08-14 17:25:20.003298
253,88,add_to_cart,2025-06-19 17:25:20.003298
489,141,click,2025-09-09 17:25:20.003298
266,273,click,2025-12-08 17:25:20.003298
188,51,click,2025-09-14 17:25:20.003298
386,55,click,2025-08-31 17:25:20.003298
230,150,purchase,2025-09-03 17:25:20.003298
271,153,click,2025-07-25 17:25:20.003298
259,219,purchase,2025-09-15 17:25:20.003298
299,219,click,2025-07-11 17:25:20.003298
415,258,click,2025-09-20 17:25:20.003298
198,45,click,2025-09-14 17:25:20.003298
323,269,click,2025-09-23 17:25:20.003298
56,160,add_to_cart,2025-09-26 17:25:20.003298
319,278,click,2025-07-15 17:25:20.003298
203,55,add_to_cart,2025-11-07 17:25:20.003298
271,145,click,2025-11-13 17:25:20.003298
109,235,click,2025-09-29 17:25:20.003298
116,179,click,2025-11-15 17:25:20.003298
92,208,add_to_cart,2025-11-25 17:25:20.003298
138,136,add_to_cart,2025-06-21 17:25:20.003298
422,275,click,2025-08-10 17:25:20.003298
303,183,click,2025-08-04 17:25:20.003298
57,61,add_to_cart,2025-09-17 17:25:20.003298
50,63,purchase,2025-07-28 17:25:20.003298
498,215,click,2025-10-19 17:25:20.003298
71,139,add_to_cart,2025-06-27 17:25:20.003298
399,134,click,2025-11-14 17:25:20.003298
402,34,click,2025-10-18 17:25:20.003298
82,193,purchase,2025-09-04 17:25:20.003298
372,87,add_to_cart,2025-09-26 17:25:20.003298
105,210,add_to_cart,2025-06-26 17:25:20.003298
88,81,click,2025-06-22 17:25:20.003298
2,190,click,2025-10-16 17:25:20.003298
360,233,add_to_cart,2025-11-06 17:25:20.003298
84,169,purchase,2025-09-25 17:25:20.003298
482,251,add_to_cart,2025-07-07 17:25:20.003298
43,168,click,2025-08-25 17:25:20.003298
154,231,click,2025-09-18 17:25:20.003298
327,150,click,2025-12-04 17:25:20.003298
422,152,click,2025-07-26 17:25:20.003298
94,38,click,2025-08-31 17:25:20.003298
298,297,click,2025-12-07 17:25:20.003298
133,275,add_to_cart,2025-07-21 17:25:20.003298
395,105,add_to_cart,2025-09-18 17:25:20.003298
65,62,add_to_cart,2025-08-27 17:25:20.003298
290,16,purchase,2025-10-28 17:25:20.003298
376,150,click,2025-12-02 17:25:20.003298
257,142,purchase,2025-08-05 17:25:20.003298
467,116,add_to_cart,2025-08-12 17:25:20.003298
386,65,purchase,2025-10-29 17:25:20.003298
213,194,click,2025-10-20 17:25:20.003298
148,161,click,2025-09-14 17:25:20.003298
61,278,add_to_cart,2025-10-17 17:25:20.003298
471,296,purchase,2025-09-26 17:25:20.003298
149,39,add_to_cart,2025-11-03 17:25:20.003298
88,169,add_to_cart,2025-09-25 17:25:20.003298
324,68,click,2025-09-16 17:25:20.003298
383,7,add_to_cart,2025-10-13 17:25:20.004298
396,85,add_to_cart,2025-12-14 17:25:20.004298
278,199,add_to_cart,2025-12-15 17:25:20.004298
404,132,add_to_cart,2025-08-20 17:25:20.004298
82,76,click,2025-10-13 17:25:20.004298
129,250,add_to_cart,2025-10-05 17:25:20.004298
286,209,click,2025-09-22 17:25:20.004298
382,84,purchase,2025-11-22 17:25:20.004298
353,223,add_to_cart,2025-08-08 17:25:20.004298
280,253,add_to_cart,2025-10-18 17:25:20.004298
270,31,purchase,2025-09-05 17:25:20.004298
292,201,click,2025-07-07 17:25:20.004298
453,52,click,2025-10-21 17:25:20.004298
203,72,add_to_cart,2025-08-24 17:25:20.004298
24,21,click,2025-12-11 17:25:20.004298
444,16,click,2025-08-29 17:25:20.004298
351,16,purchase,2025-08-14 17:25:20.004298
311,175,click,2025-08-19 17:25:20.004298
461,78,click,2025-11-10 17:25:20.004298
208,240,click,2025-10-05 17:25:20.004298
280,37,click,2025-09-13 17:25:20.004298
205,232,click,2025-07-31 17:25:20.004298
152,213,click,2025-09-22 17:25:20.004298
438,193,purchase,2025-06-25 17:25:20.004298
26,60,click,2025-10-25 17:25:20.004298
194,189,click,2025-08-06 17:25:20.004298
336,267,click,2025-12-05 17:25:20.004298
422,126,add_to_cart,2025-09-02 17:25:20.004298
238,203,click,2025-06-21 17:25:20.004298
321,32,click,2025-07-18 17:25:20.004298
497,261,purchase,2025-08-12 17:25:20.004298
75,94,click,2025-08-25 17:25:20.004298
435,100,click,2025-11-16 17:25:20.004298
163,285,add_to_cart,2025-08-15 17:25:20.004298
299,25,click,2025-09-19 17:25:20.004298
29,117,click,2025-11-21 17:25:20.004298
165,199,click,2025-11-16 17:25:20.004298
337,279,purchase,2025-07-02 17:25:20.004298
186,70,purchase,2025-10-03 17:25:20.004298
54,79,click,2025-08-14 17:25:20.004298
295,14,click,2025-07-30 17:25:20.004298
42,29,click,2025-10-04 17:25:20.004298
412,144,add_to_cart,2025-07-05 17:25:20.004298
285,10,click,2025-08-26 17:25:20.004298
427,47,click,2025-06-19 17:25:20.004298
387,260,add_to_cart,2025-12-11 17:25:20.004298
500,12,click,2025-10-01 17:25:20.004298
138,298,click,2025-07-27 17:25:20.004298
187,226,add_to_cart,2025-07-21 17:25:20.004298
490,260,add_to_cart,2025-11-26 17:25:20.004298
398,84,add_to_cart,2025-06-27 17:25:20.004298
204,6,purchase,2025-09-07 17:25:20.004298
431,247,click,2025-11-21 17:25:20.004298
42,35,click,2025-06-30 17:25:20.004298
350,175,click,2025-08-28 17:25:20.004298
416,65,click,2025-08-11 17:25:20.004298
288,147,click,2025-10-08 17:25:20.004298
426,57,click,2025-09-16 17:25:20.004298
416,193,click,2025-12-14 17:25:20.004298
26,13,click,2025-07-29 17:25:20.004298
371,18,click,2025-11-18 17:25:20.004298
385,246,click,2025-11-02 17:25:20.004298
56,163,add_to_cart,2025-07-28 17:25:20.004298
253,114,click,2025-09-22 17:25:20.004298
122,282,click,2025-11-03 17:25:20.004298
106,233,purchase,2025-10-22 17:25:20.004298
130,166,add_to_cart,2025-08-02 17:25:20.004298
337,26,click,2025-08-14 17:25:20.004298
158,126,click,2025-10-13 17:25:20.004298
376,281,add_to_cart,2025-08-21 17:25:20.004298
231,286,click,2025-12-04 17:25:20.004298
455,283,click,2025-11-05 17:25:20.004298
308,139,add_to_cart,2025-11-02 17:25:20.004298
91,101,click,2025-12-05 17:25:20.004298
393,11,click,2025-11-27 17:25:20.004298
22,216,click,2025-08-13 17:25:20.004298
290,30,click,2025-10-17 17:25:20.004298
110,94,purchase,2025-07-14 17:25:20.004298
49,116,click,2025-08-17 17:25:20.004298
129,271,click,2025-07-14 17:25:20.004298
73,291,add_to_cart,2025-12-02 17:25:20.004298
340,39,click,2025-07-17 17:25:20.004298
53,24,click,2025-10-13 17:25:20.004298
467,264,click,2025-07-17 17:25:20.004298
356,43,click,2025-08-08 17:25:20.004298
380,170,add_to_cart,2025-06-19 17:25:20.004298
168,169,click,2025-09-12 17:25:20.004298
45,26,click,2025-12-04 17:25:20.004298
452,180,purchase,2025-10-19 17:25:20.004298
393,150,click,2025-09-13 17:25:20.004298
105,133,click,2025-11-04 17:25:20.004298
150,143,click,2025-12-15 17:25:20.004298
146,164,click,2025-07-19 17:25:20.004298
204,101,click,2025-09-01 17:25:20.004298
362,63,click,2025-10-05 17:25:20.004298
299,93,click,2025-07-28 17:25:20.004298
167,207,click,2025-11-08 17:25:20.004298
201,72,click,2025-10-01 17:25:20.004298
134,60,add_to_cart,2025-10-25 17:25:20.004298
211,29,add_to_cart,2025-08-27 17:25:20.004298
48,19,click,2025-09-27 17:25:20.004298
126,73,purchase,2025-09-23 17:25:20.004298
239,246,add_to_cart,2025-08-30 17:25:20.004298
7,87,add_to_cart,2025-07-09 17:25:20.004298
464,183,click,2025-07-14 17:25:20.004298
453,197,add_to_cart,2025-09-09 17:25:20.004298
272,244,purchase,2025-09-21 17:25:20.004298
385,118,click,2025-10-15 17:25:20.004298
371,82,add_to_cart,2025-12-13 17:25:20.005523
37,247,add_to_cart,2025-09-26 17:25:20.005523
487,234,click,2025-08-12 17:25:20.005523
211,153,click,2025-09-16 17:25:20.005523
165,272,click,2025-09-04 17:25:20.005523
125,35,click,2025-08-28 17:25:20.005523
337,213,click,2025-09-12 17:25:20.005523
192,211,click,2025-11-15 17:25:20.005523
218,139,add_to_cart,2025-06-29 17:25:20.005523
214,189,purchase,2025-10-19 17:25:20.005523
62,300,click,2025-11-03 17:25:20.005523
328,252,click,2025-07-09 17:25:20.005523
445,150,click,2025-07-11 17:25:20.005523
381,219,purchase,2025-09-24 17:25:20.005523
161,82,click,2025-08-11 17:25:20.005523
66,190,add_to_cart,2025-07-13 17:25:20.005523
286,234,click,2025-11-01 17:25:20.005523
239,176,click,2025-07-31 17:25:20.005523
20,232,click,2025-07-25 17:25:20.005523
188,63,click,2025-07-10 17:25:20.005523
82,237,add_to_cart,2025-12-06 17:25:20.005523
363,33,click,2025-10-03 17:25:20.005523
202,213,click,2025-09-15 17:25:20.005523
408,60,add_to_cart,2025-12-04 17:25:20.005523
132,2,click,2025-07-13 17:25:20.005523
37,57,click,2025-11-28 17:25:20.005523
132,287,purchase,2025-06-19 17:25:20.005523
77,138,click,2025-07-13 17:25:20.005523
89,279,add_to_cart,2025-11-18 17:25:20.005523
461,214,add_to_cart,2025-12-02 17:25:20.005523
402,239,click,2025-12-08 17:25:20.005523
253,285,click,2025-09-07 17:25:20.005523
344,31,click,2025-12-13 17:25:20.005523
194,206,click,2025-08-01 17:25:20.005523
176,274,add_to_cart,2025-10-30 17:25:20.005523
33,11,click,2025-10-14 17:25:20.005523
58,47,click,2025-07-01 17:25:20.005523
467,3,click,2025-09-30 17:25:20.005523
201,130,click,2025-09-21 17:25:20.005523
28,72,add_to_cart,2025-08-17 17:25:20.005523
35,159,add_to_cart,2025-07-17 17:25:20.005523
487,130,add_to_cart,2025-12-03 17:25:20.005523
125,22,add_to_cart,2025-08-04 17:25:20.005523
394,135,click,2025-06-20 17:25:20.005523
321,20,click,2025-10-17 17:25:20.005523
42,220,click,2025-10-02 17:25:20.005523
85,130,purchase,2025-07-12 17:25:20.005523
393,32,click,2025-11-30 17:25:20.005523
188,90,purchase,2025-09-22 17:25:20.005523
111,259,add_to_cart,2025-10-22 17:25:20.005523
271,298,add_to_cart,2025-07-12 17:25:20.005523
483,249,click,2025-09-29 17:25:20.005523
441,173,click,2025-10-22 17:25:20.005523
325,47,click,2025-06-30 17:25:20.005523
105,197,click,2025-12-07 17:25:20.005523
406,34,purchase,2025-12-10 17:25:20.005523
320,254,add_to_cart,2025-09-05 17:25:20.005523
41,248,add_to_cart,2025-07-12 17:25:20.005523
215,42,click,2025-07-23 17:25:20.005523
71,289,click,2025-11-22 17:25:20.005523
56,123,add_to_cart,2025-10-26 17:25:20.005523
407,27,click,2025-11-29 17:25:20.005523
236,59,purchase,2025-11-25 17:25:20.005523
281,147,add_to_cart,2025-09-24 17:25:20.005523
475,115,click,2025-10-15 17:25:20.005523
105,199,add_to_cart,2025-09-16 17:25:20.005523
390,128,add_to_cart,2025-08-21 17:25:20.005523
375,153,click,2025-10-02 17:25:20.005523
162,271,click,2025-08-21 17:25:20.005523
191,83,click,2025-10-23 17:25:20.005523
9,23,click,2025-07-30 17:25:20.005523
60,11,add_to_cart,2025-06-28 17:25:20.005523
381,187,click,2025-08-17 17:25:20.005523
305,116,add_to_cart,2025-08-02 17:25:20.005523
225,162,click,2025-07-18 17:25:20.006287
307,103,purchase,2025-08-17 17:25:20.006287
188,243,purchase,2025-10-24 17:25:20.006287
70,7,add_to_cart,2025-11-06 17:25:20.006287
293,172,click,2025-12-07 17:25:20.006287
287,256,click,2025-07-17 17:25:20.006287
482,247,click,2025-10-01 17:25:20.006287
169,192,click,2025-10-01 17:25:20.006287
62,114,click,2025-08-08 17:25:20.006287
349,23,add_to_cart,2025-10-07 17:25:20.006287
442,276,click,2025-12-12 17:25:20.006287
14,136,click,2025-10-16 17:25:20.006287
164,195,click,2025-08-12 17:25:20.006287
420,258,purchase,2025-11-10 17:25:20.006287
245,278,click,2025-11-05 17:25:20.006287
335,70,click,2025-09-04 17:25:20.006287
8,36,purchase,2025-07-03 17:25:20.006287
154,108,click,2025-09-25 17:25:20.006287
36,24,add_to_cart,2025-07-26 17:25:20.006287
48,140,add_to_cart,2025-10-29 17:25:20.006287
85,22,click,2025-09-10 17:25:20.006287
28,204,click,2025-07-11 17:25:20.006287
196,224,purchase,2025-11-21 17:25:20.006287
446,223,click,2025-12-12 17:25:20.006287
208,81,click,2025-11-28 17:25:20.006287
470,191,click,2025-06-26 17:25:20.006287
204,286,click,2025-08-18 17:25:20.006287
464,147,click,2025-09-10 17:25:20.006287
307,282,purchase,2025-09-23 17:25:20.006287
104,11,purchase,2025-10-04 17:25:20.006287
230,276,click,2025-10-12 17:25:20.006287
426,56,click,2025-08-27 17:25:20.006287
101,173,click,2025-11-19 17:25:20.006287
29,204,purchase,2025-09-19 17:25:20.006287
127,248,click,2025-07-16 17:25:20.006287
338,266,click,2025-07-07 17:25:20.006287
10,22,add_to_cart,2025-10-27 17:25:20.006287
106,24,click,2025-07-31 17:25:20.006287
167,194,click,2025-08-29 17:25:20.006287
466,96,click,2025-09-18 17:25:20.006287
257,263,add_to_cart,2025-08-07 17:25:20.006287
295,72,add_to_cart,2025-09-21 17:25:20.006287
277,243,add_to_cart,2025-09-03 17:25:20.006287
65,38,click,2025-08-28 17:25:20.006287
271,89,click,2025-08-18 17:25:20.006287
388,28,add_to_cart,2025-09-19 17:25:20.006287
188,92,purchase,2025-10-21 17:25:20.006287
317,54,click,2025-07-14 17:25:20.006287
404,159,click,2025-09-17 17:25:20.006287
138,228,add_to_cart,2025-07-25 17:25:20.006287
343,41,click,2025-11-08 17:25:20.006287
105,37,click,2025-09-02 17:25:20.006287
34,125,click,2025-11-23 17:25:20.006287
380,179,purchase,2025-09-24 17:25:20.006287
110,37,add_to_cart,2025-09-19 17:25:20.006287
432,101,click,2025-10-24 17:25:20.006287
33,31,add_to_cart,2025-07-22 17:25:20.006287
354,190,click,2025-12-12 17:25:20.006287
231,146,click,2025-07-12 17:25:20.006287
317,90,click,2025-06-26 17:25:20.006287
266,6,click,2025-09-02 17:25:20.006287
182,139,purchase,2025-11-25 17:25:20.006287
340,95,click,2025-10-23 17:25:20.006287
65,119,click,2025-08-12 17:25:20.006287
333,120,purchase,2025-08-29 17:25:20.006287
1,123,click,2025-10-25 17:25:20.006287
133,285,click,2025-07-23 17:25:20.006287
80,179,click,2025-07-24 17:25:20.006287
271,7,purchase,2025-11-02 17:25:20.006287
241,127,click,2025-08-31 17:25:20.006287
28,77,click,2025-07-17 17:25:20.006287
223,234,click,2025-08-25 17:25:20.006287
23,74,purchase,2025-08-04 17:25:20.006287
496,271,add_to_cart,2025-07-14 17:25:20.006287
109,120,click,2025-06-24 17:25:20.006287
107,35,add_to_cart,2025-06-25 17:25:20.006287
145,207,add_to_cart,2025-09-16 17:25:20.006287
369,270,add_to_cart,2025-09-16 17:25:20.006287
354,93,add_to_cart,2025-07-06 17:25:20.006287
397,177,click,2025-07-29 17:25:20.006287
398,274,add_to_cart,2025-11-17 17:25:20.006287
139,179,add_to_cart,2025-10-20 17:25:20.006287
284,129,click,2025-10-22 17:25:20.006287
298,125,click,2025-07-04 17:25:20.006287
480,27,click,2025-10-06 17:25:20.006287
99,64,add_to_cart,2025-10-24 17:25:20.006287
317,60,add_to_cart,2025-12-02 17:25:20.006287
123,219,click,2025-11-25 17:25:20.006287
320,217,add_to_cart,2025-09-03 17:25:20.006287
287,169,add_to_cart,2025-12-02 17:25:20.006287
81,149,purchase,2025-10-24 17:25:20.006287
495,270,click,2025-08-23 17:25:20.006287
457,116,click,2025-09-11 17:25:20.006287
10,245,add_to_cart,2025-08-11 17:25:20.006287
8,148,click,2025-09-22 17:25:20.006287
405,92,click,2025-09-13 17:25:20.006287
205,85,click,2025-06-23 17:25:20.006287
315,87,add_to_cart,2025-08-27 17:25:20.006287
434,120,click,2025-07-02 17:25:20.006287
197,24,click,2025-09-06 17:25:20.006287
198,89,click,2025-06-30 17:25:20.006287
30,37,click,2025-06-23 17:25:20.006287
479,271,purchase,2025-07-13 17:25:20.006287
401,12,click,2025-12-14 17:25:20.006287
459,95,click,2025-11-24 17:25:20.006287
20,31,click,2025-08-10 17:25:20.006287
48,233,click,2025-09-11 17:25:20.006287
457,300,purchase,2025-08-15 17:25:20.006287
130,286,purchase,2025-09-27 17:25:20.006287
293,35,click,2025-11-10 17:25:20.006287
385,21,click,2025-09-26 17:25:20.006287
132,111,click,2025-10-28 17:25:20.006287
356,145,click,2025-12-13 17:25:20.006287
54,12,add_to_cart,2025-11-23 17:25:20.006287
378,244,click,2025-09-06 17:25:20.006287
281,146,add_to_cart,2025-07-13 17:25:20.006287
387,239,add_to_cart,2025-08-29 17:25:20.006287
265,92,click,2025-09-02 17:25:20.006287
470,115,add_to_cart,2025-10-05 17:25:20.006287
215,15,add_to_cart,2025-11-13 17:25:20.006287
460,272,click,2025-08-12 17:25:20.006287
458,22,purchase,2025-10-09 17:25:20.006287
290,118,add_to_cart,2025-10-06 17:25:20.006287
43,95,click,2025-12-05 17:25:20.006287
74,257,purchase,2025-08-02 17:25:20.006287
350,262,add_to_cart,2025-11-26 17:25:20.006287
278,87,click,2025-10-15 17:25:20.006287
326,58,click,2025-06-28 17:25:20.006287
242,230,purchase,2025-09-04 17:25:20.006287
130,108,click,2025-09-15 17:25:20.007671
350,19,click,2025-10-02 17:25:20.007671
194,141,click,2025-08-24 17:25:20.007671
32,160,click,2025-08-17 17:25:20.007671
106,100,add_to_cart,2025-12-09 17:25:20.007671
400,265,click,2025-07-31 17:25:20.007671
204,238,click,2025-07-01 17:25:20.007671
1,238,purchase,2025-12-12 17:25:20.007671
245,49,add_to_cart,2025-09-05 17:25:20.007671
72,165,purchase,2025-11-27 17:25:20.007671
432,287,click,2025-08-28 17:25:20.007671
306,59,add_to_cart,2025-07-03 17:25:20.007671
397,183,add_to_cart,2025-11-24 17:25:20.007671
15,147,click,2025-09-04 17:25:20.007671
53,96,add_to_cart,2025-08-09 17:25:20.007671
428,43,click,2025-08-25 17:25:20.007671
8,257,click,2025-07-20 17:25:20.007671
330,213,add_to_cart,2025-08-03 17:25:20.007671
46,189,click,2025-12-09 17:25:20.007671
325,131,add_to_cart,2025-09-30 17:25:20.007671
114,300,click,2025-11-23 17:25:20.007671
147,289,add_to_cart,2025-09-17 17:25:20.007671
495,137,click,2025-11-28 17:25:20.007671
166,30,click,2025-08-21 17:25:20.007671
379,146,click,2025-10-06 17:25:20.007671
139,105,click,2025-10-11 17:25:20.007671
117,287,add_to_cart,2025-10-24 17:25:20.007671
299,191,add_to_cart,2025-07-22 17:25:20.007671
276,178,click,2025-07-27 17:25:20.007671
404,239,click,2025-11-21 17:25:20.007671
277,1,click,2025-11-13 17:25:20.007671
338,110,add_to_cart,2025-06-23 17:25:20.007671
313,275,click,2025-11-07 17:25:20.007671
178,234,click,2025-08-16 17:25:20.007671
330,64,click,2025-08-26 17:25:20.007671
354,244,click,2025-08-30 17:25:20.007671
154,53,click,2025-08-05 17:25:20.007671
414,262,click,2025-08-25 17:25:20.007671
201,17,click,2025-07-20 17:25:20.007671
366,234,click,2025-10-18 17:25:20.007671
115,73,click,2025-08-18 17:25:20.007671
159,91,click,2025-09-30 17:25:20.007671
42,6,click,2025-12-02 17:25:20.007671
247,198,click,2025-10-23 17:25:20.007671
68,196,add_to_cart,2025-06-26 17:25:20.007671
445,296,purchase,2025-06-21 17:25:20.007671
445,137,add_to_cart,2025-06-30 17:25:20.007671
326,267,click,2025-09-15 17:25:20.007671
334,116,add_to_cart,2025-08-11 17:25:20.007671
196,43,click,2025-08-09 17:25:20.007671
90,231,click,2025-08-08 17:25:20.007671
111,58,click,2025-10-05 17:25:20.007671
368,206,click,2025-07-28 17:25:20.007671
359,294,click,2025-07-22 17:25:20.007671
145,94,click,2025-10-26 17:25:20.007671
275,36,click,2025-08-12 17:25:20.007671
179,230,purchase,2025-12-14 17:25:20.007671
241,227,purchase,2025-12-06 17:25:20.007671
326,183,purchase,2025-08-20 17:25:20.007671
319,262,click,2025-11-16 17:25:20.007671
477,131,purchase,2025-10-12 17:25:20.007671
331,65,add_to_cart,2025-08-29 17:25:20.007671
464,186,purchase,2025-11-02 17:25:20.007671
414,117,click,2025-11-04 17:25:20.007671
153,186,add_to_cart,2025-12-13 17:25:20.007671
104,274,click,2025-08-27 17:25:20.007671
75,151,click,2025-07-11 17:25:20.007671
128,151,click,2025-07-04 17:25:20.007671
199,36,purchase,2025-11-18 17:25:20.007671
154,95,click,2025-10-26 17:25:20.007671
56,134,click,2025-08-23 17:25:20.007671
278,162,purchase,2025-08-13 17:25:20.007671
345,44,click,2025-12-03 17:25:20.007671
19,300,purchase,2025-11-06 17:25:20.007671
159,283,add_to_cart,2025-07-15 17:25:20.007671
26,240,click,2025-09-03 17:25:20.007671
426,52,click,2025-07-11 17:25:20.007671
169,281,click,2025-07-17 17:25:20.007671
484,74,purchase,2025-11-08 17:25:20.007671
23,295,purchase,2025-09-02 17:25:20.007671
47,238,click,2025-08-28 17:25:20.007671
13,167,click,2025-11-30 17:25:20.007671
217,140,click,2025-08-28 17:25:20.007671
322,139,add_to_cart,2025-10-22 17:25:20.007671
194,235,click,2025-06-22 17:25:20.007671
144,3,click,2025-08-11 17:25:20.007671
73,256,add_to_cart,2025-09-27 17:25:20.007671
156,278,click,2025-10-25 17:25:20.007671
77,4,click,2025-10-28 17:25:20.007671
419,270,add_to_cart,2025-10-29 17:25:20.007671
169,212,click,2025-10-03 17:25:20.007671
461,216,click,2025-09-25 17:25:20.007671
287,270,add_to_cart,2025-11-08 17:25:20.007671
85,16,click,2025-11-29 17:25:20.007671
416,64,add_to_cart,2025-11-05 17:25:20.007671
182,239,purchase,2025-10-23 17:25:20.007671
482,16,add_to_cart,2025-11-06 17:25:20.007671
456,52,add_to_cart,2025-11-15 17:25:20.007671
315,19,add_to_cart,2025-09-17 17:25:20.007671
297,93,click,2025-07-15 17:25:20.007671
112,261,click,2025-10-01 17:25:20.007671
450,298,click,2025-07-23 17:25:20.007671
230,17,add_to_cart,2025-11-11 17:25:20.007671
96,111,click,2025-08-15 17:25:20.007671
438,94,click,2025-08-18 17:25:20.007671
168,10,add_to_cart,2025-10-21 17:25:20.007671
378,212,click,2025-08-21 17:25:20.007671
156,237,add_to_cart,2025-11-16 17:25:20.007671
421,254,click,2025-06-26 17:25:20.007671
105,16,click,2025-10-02 17:25:20.007671
193,144,click,2025-10-25 17:25:20.007671
489,42,click,2025-10-22 17:25:20.007671
330,3,click,2025-07-31 17:25:20.007671
439,156,click,2025-11-12 17:25:20.007671
132,173,click,2025-07-10 17:25:20.007671
355,24,add_to_cart,2025-06-21 17:25:20.007671
382,275,click,2025-07-13 17:25:20.007671
138,75,add_to_cart,2025-08-31 17:25:20.007671
431,40,add_to_cart,2025-11-09 17:25:20.007671
331,40,click,2025-07-09 17:25:20.007671
270,62,click,2025-11-11 17:25:20.007671
38,238,click,2025-09-22 17:25:20.007671
396,245,purchase,2025-11-14 17:25:20.007671
45,18,purchase,2025-12-08 17:25:20.007671
401,140,click,2025-07-06 17:25:20.007671
464,82,click,2025-11-23 17:25:20.007671
163,189,purchase,2025-09-14 17:25:20.007671
450,108,add_to_cart,2025-07-03 17:25:20.007671
331,234,click,2025-11-27 17:25:20.007671
253,268,click,2025-11-01 17:25:20.007671
169,104,click,2025-11-10 17:25:20.007671
451,134,add_to_cart,2025-06-22 17:25:20.007671
285,33,add_to_cart,2025-10-21 17:25:20.007671
274,237,click,2025-10-13 17:25:20.007671
20,178,click,2025-10-15 17:25:20.007671
239,12,purchase,2025-10-18 17:25:20.007671
270,229,add_to_cart,2025-12-15 17:25:20.007671
418,269,click,2025-09-10 17:25:20.007671
433,131,click,2025-09-30 17:25:20.007671
310,249,click,2025-12-11 17:25:20.007671
31,58,click,2025-07-22 17:25:20.007671
314,4,click,2025-10-19 17:25:20.007671
104,236,click,2025-10-20 17:25:20.007671
170,173,purchase,2025-06-29 17:25:20.008685
186,36,add_to_cart,2025-10-04 17:25:20.008685
128,279,click,2025-08-04 17:25:20.008685
210,237,purchase,2025-09-22 17:25:20.008685
414,275,add_to_cart,2025-11-24 17:25:20.008685
281,296,click,2025-10-24 17:25:20.008685
447,58,purchase,2025-10-20 17:25:20.008685
253,18,click,2025-08-12 17:25:20.008685
19,36,add_to_cart,2025-09-04 17:25:20.008685
200,129,click,2025-08-26 17:25:20.008685
220,1,click,2025-10-26 17:25:20.008685
136,64,click,2025-12-11 17:25:20.008685
223,62,click,2025-07-19 17:25:20.008685
3,146,click,2025-08-24 17:25:20.008685
451,272,purchase,2025-08-03 17:25:20.008685
236,17,add_to_cart,2025-10-13 17:25:20.008685
342,280,click,2025-11-20 17:25:20.008685
465,98,click,2025-11-21 17:25:20.008685
228,227,purchase,2025-10-08 17:25:20.008685
401,243,click,2025-07-09 17:25:20.008685
142,201,click,2025-12-08 17:25:20.008685
499,179,add_to_cart,2025-12-07 17:25:20.008685
9,270,purchase,2025-10-23 17:25:20.008685
190,234,add_to_cart,2025-11-26 17:25:20.008685
350,112,click,2025-06-27 17:25:20.008685
405,66,click,2025-06-30 17:25:20.008685
460,245,add_to_cart,2025-06-29 17:25:20.008685
165,245,purchase,2025-07-30 17:25:20.008685
480,72,purchase,2025-08-26 17:25:20.008685
139,49,click,2025-08-11 17:25:20.008685
276,190,add_to_cart,2025-06-28 17:25:20.008685
291,293,click,2025-08-02 17:25:20.008685
53,177,click,2025-06-25 17:25:20.008685
175,161,click,2025-11-12 17:25:20.008685
110,150,purchase,2025-10-09 17:25:20.008685
203,70,click,2025-07-26 17:25:20.008685
436,33,click,2025-07-23 17:25:20.008685
136,284,purchase,2025-07-30 17:25:20.008685
4,260,click,2025-07-22 17:25:20.008685
155,77,click,2025-10-04 17:25:20.008685
172,110,add_to_cart,2025-11-21 17:25:20.008685
424,139,add_to_cart,2025-07-19 17:25:20.008685
358,35,click,2025-07-04 17:25:20.008685
47,235,purchase,2025-07-31 17:25:20.008685
94,200,click,2025-09-26 17:25:20.008685
428,151,purchase,2025-10-25 17:25:20.008685
48,34,add_to_cart,2025-09-30 17:25:20.008685
240,124,click,2025-10-09 17:25:20.008685
347,32,add_to_cart,2025-11-18 17:25:20.008685
213,272,click,2025-07-11 17:25:20.008685
436,124,click,2025-06-25 17:25:20.008685
340,78,purchase,2025-07-01 17:25:20.008685
324,76,click,2025-07-20 17:25:20.008685
139,60,click,2025-07-26 17:25:20.008685
205,85,click,2025-08-07 17:25:20.008685
381,80,click,2025-09-26 17:25:20.008685
73,172,purchase,2025-09-10 17:25:20.008685
4,258,purchase,2025-12-08 17:25:20.008685
76,279,click,2025-08-01 17:25:20.008685
329,221,click,2025-08-16 17:25:20.008685
77,46,click,2025-09-17 17:25:20.008685
304,73,click,2025-08-08 17:25:20.008685
256,54,click,2025-07-04 17:25:20.008685
410,221,click,2025-07-29 17:25:20.008685
102,9,click,2025-11-27 17:25:20.008685
106,172,add_to_cart,2025-11-19 17:25:20.008685
333,84,purchase,2025-07-17 17:25:20.008685
39,12,add_to_cart,2025-11-30 17:25:20.008685
476,32,add_to_cart,2025-12-14 17:25:20.008685
314,289,click,2025-07-20 17:25:20.008685
275,272,purchase,2025-12-06 17:25:20.008685
88,178,purchase,2025-09-01 17:25:20.008685
211,114,purchase,2025-11-29 17:25:20.008685
369,26,click,2025-12-09 17:25:20.008685
77,237,add_to_cart,2025-10-31 17:25:20.008685
77,172,add_to_cart,2025-06-21 17:25:20.008685
442,233,click,2025-12-06 17:25:20.008685
28,37,purchase,2025-11-30 17:25:20.008685
245,265,click,2025-12-15 17:25:20.008685
66,13,click,2025-08-01 17:25:20.008685
266,106,click,2025-12-03 17:25:20.008685
382,126,click,2025-06-23 17:25:20.008685
470,130,purchase,2025-07-25 17:25:20.008685
205,256,click,2025-06-30 17:25:20.008685
58,115,click,2025-11-16 17:25:20.008685
201,299,add_to_cart,2025-10-05 17:25:20.008685
225,124,click,2025-12-05 17:25:20.008685
142,256,add_to_cart,2025-08-25 17:25:20.008685
381,139,add_to_cart,2025-06-19 17:25:20.008685
368,206,click,2025-10-02 17:25:20.008685
84,47,purchase,2025-10-29 17:25:20.008685
143,217,click,2025-12-09 17:25:20.008685
352,123,add_to_cart,2025-12-15 17:25:20.008685
33,31,purchase,2025-09-20 17:25:20.008685
401,55,add_to_cart,2025-11-14 17:25:20.008685
152,153,click,2025-10-15 17:25:20.008685
158,286,click,2025-07-26 17:25:20.008685
446,36,add_to_cart,2025-09-15 17:25:20.008685
141,285,purchase,2025-09-29 17:25:20.008685
446,256,click,2025-09-30 17:25:20.008685
251,178,click,2025-11-12 17:25:20.008685
303,36,click,2025-07-21 17:25:20.008685
112,254,add_to_cart,2025-08-20 17:25:20.008685
144,162,click,2025-11-22 17:25:20.008685
450,21,purchase,2025-11-18 17:25:20.008685
209,294,purchase,2025-12-05 17:25:20.008685
224,75,click,2025-07-11 17:25:20.008685
43,207,click,2025-11-08 17:25:20.008685
264,178,add_to_cart,2025-08-09 17:25:20.008685
244,37,click,2025-08-17 17:25:20.008685
3,120,click,2025-07-08 17:25:20.008685
125,118,click,2025-08-29 17:25:20.008685
268,1,click,2025-10-12 17:25:20.008685
84,209,click,2025-06-27 17:25:20.008685
16,208,add_to_cart,2025-10-13 17:25:20.008685
334,154,add_to_cart,2025-12-07 17:25:20.008685
464,250,purchase,2025-11-14 17:25:20.008685
59,171,click,2025-10-23 17:25:20.008685
177,107,click,2025-08-13 17:25:20.008685
63,143,click,2025-11-20 17:25:20.008685
446,8,click,2025-10-15 17:25:20.008685
491,94,click,2025-08-29 17:25:20.008685
49,97,click,2025-06-29 17:25:20.008685
307,7,click,2025-06-23 17:25:20.008685
246,274,click,2025-08-04 17:25:20.008685
289,12,click,2025-08-20 17:25:20.008685
286,2,click,2025-11-16 17:25:20.008685
443,7,click,2025-07-18 17:25:20.008685
332,12,purchase,2025-09-04 17:25:20.008685
15,57,click,2025-11-21 17:25:20.008685
338,78,click,2025-07-28 17:25:20.008685
255,74,click,2025-07-16 17:25:20.008685
92,233,click,2025-11-29 17:25:20.008685
279,279,purchase,2025-08-30 17:25:20.008685
206,30,click,2025-11-19 17:25:20.008685
94,95,add_to_cart,2025-07-30 17:25:20.008685
225,56,click,2025-08-04 17:25:20.008685
301,10,add_to_cart,2025-09-28 17:25:20.008685
318,147,purchase,2025-11-09 17:25:20.009976
463,87,add_to_cart,2025-08-26 17:25:20.009976
199,253,click,2025-09-01 17:25:20.009976
271,187,add_to_cart,2025-08-18 17:25:20.009976
500,233,click,2025-07-04 17:25:20.009976
234,253,click,2025-10-18 17:25:20.009976
46,224,add_to_cart,2025-12-06 17:25:20.009976
64,4,purchase,2025-12-15 17:25:20.009976
230,112,click,2025-10-25 17:25:20.009976
430,193,add_to_cart,2025-07-23 17:25:20.009976
440,141,click,2025-09-20 17:25:20.009976
249,140,click,2025-12-11 17:25:20.009976
246,95,purchase,2025-08-10 17:25:20.009976
428,41,click,2025-09-05 17:25:20.009976
75,2,click,2025-08-20 17:25:20.009976
157,278,click,2025-08-21 17:25:20.009976
223,150,add_to_cart,2025-09-04 17:25:20.009976
190,41,click,2025-09-14 17:25:20.009976
473,116,click,2025-10-29 17:25:20.009976
52,120,click,2025-11-13 17:25:20.009976
438,237,purchase,2025-09-04 17:25:20.009976
88,270,add_to_cart,2025-11-21 17:25:20.009976
313,291,add_to_cart,2025-11-02 17:25:20.009976
339,9,add_to_cart,2025-09-16 17:25:20.009976
66,239,click,2025-08-17 17:25:20.009976
150,118,click,2025-08-27 17:25:20.009976
20,10,click,2025-10-11 17:25:20.009976
33,25,click,2025-08-10 17:25:20.009976
328,173,click,2025-07-16 17:25:20.009976
281,225,add_to_cart,2025-06-26 17:25:20.009976
46,11,click,2025-11-23 17:25:20.009976
73,101,click,2025-09-07 17:25:20.009976
354,265,click,2025-06-30 17:25:20.009976
313,83,click,2025-09-20 17:25:20.009976
343,276,click,2025-08-18 17:25:20.009976
133,261,add_to_cart,2025-07-08 17:25:20.009976
55,221,click,2025-08-17 17:25:20.009976
61,219,click,2025-11-18 17:25:20.009976
345,89,add_to_cart,2025-12-08 17:25:20.009976
8,15,click,2025-07-12 17:25:20.009976
272,246,add_to_cart,2025-08-26 17:25:20.009976
246,176,click,2025-07-26 17:25:20.009976
176,4,add_to_cart,2025-12-01 17:25:20.009976
493,21,click,2025-11-09 17:25:20.009976
116,208,add_to_cart,2025-07-22 17:25:20.009976
317,137,click,2025-08-31 17:25:20.009976
271,216,click,2025-06-20 17:25:20.009976
193,117,add_to_cart,2025-08-18 17:25:20.009976
150,179,click,2025-09-22 17:25:20.009976
131,246,click,2025-07-06 17:25:20.009976
102,128,click,2025-08-20 17:25:20.009976
310,78,click,2025-09-15 17:25:20.009976
270,229,add_to_cart,2025-11-10 17:25:20.009976
292,293,add_to_cart,2025-09-27 17:25:20.009976
210,262,click,2025-12-04 17:25:20.009976
495,82,click,2025-11-18 17:25:20.009976
361,66,purchase,2025-11-13 17:25:20.009976
338,96,click,2025-10-02 17:25:20.009976
67,145,add_to_cart,2025-09-28 17:25:20.009976
10,65,click,2025-09-28 17:25:20.009976
49,9,purchase,2025-10-27 17:25:20.009976
487,186,click,2025-11-17 17:25:20.009976
111,158,click,2025-10-19 17:25:20.009976
321,31,click,2025-11-20 17:25:20.009976
219,151,add_to_cart,2025-11-23 17:25:20.009976
57,242,click,2025-11-29 17:25:20.009976
283,156,add_to_cart,2025-08-05 17:25:20.009976
459,59,click,2025-10-18 17:25:20.009976
113,10,click,2025-07-25 17:25:20.009976
133,124,add_to_cart,2025-09-04 17:25:20.009976
71,282,click,2025-09-13 17:25:20.009976
83,237,click,2025-07-20 17:25:20.009976
57,17,click,2025-12-11 17:25:20.009976
376,23,purchase,2025-11-20 17:25:20.009976
349,9,click,2025-06-28 17:25:20.009976
271,207,click,2025-08-26 17:25:20.009976
483,45,click,2025-08-12 17:25:20.009976
111,27,click,2025-09-21 17:25:20.009976
357,188,click,2025-08-29 17:25:20.009976
375,140,add_to_cart,2025-12-14 17:25:20.009976
76,9,click,2025-11-02 17:25:20.009976
158,234,add_to_cart,2025-09-01 17:25:20.009976
20,92,click,2025-07-15 17:25:20.009976
421,77,purchase,2025-08-29 17:25:20.009976
131,244,purchase,2025-11-02 17:25:20.009976
329,155,click,2025-07-22 17:25:20.009976
122,218,click,2025-10-28 17:25:20.009976
41,285,add_to_cart,2025-09-16 17:25:20.009976
167,150,click,2025-09-26 17:25:20.009976
410,88,click,2025-08-04 17:25:20.009976
130,106,purchase,2025-07-18 17:25:20.009976
23,294,click,2025-09-25 17:25:20.009976
279,95,click,2025-11-03 17:25:20.009976
251,253,add_to_cart,2025-11-02 17:25:20.009976
469,39,click,2025-10-11 17:25:20.009976
400,255,click,2025-11-01 17:25:20.009976
9,54,click,2025-11-27 17:25:20.009976
13,243,click,2025-12-12 17:25:20.009976
412,110,purchase,2025-09-10 17:25:20.009976
411,254,purchase,2025-09-09 17:25:20.009976
307,112,click,2025-09-11 17:25:20.009976
320,174,add_to_cart,2025-08-01 17:25:20.009976
52,189,click,2025-09-06 17:25:20.009976
209,221,add_to_cart,2025-10-29 17:25:20.009976
38,249,click,2025-07-05 17:25:20.009976
100,52,click,2025-11-28 17:25:20.009976
193,162,click,2025-11-06 17:25:20.009976
402,35,click,2025-10-12 17:25:20.009976
191,37,click,2025-07-17 17:25:20.009976
51,111,click,2025-08-24 17:25:20.009976
393,177,purchase,2025-06-29 17:25:20.009976
141,9,purchase,2025-10-24 17:25:20.009976
168,275,add_to_cart,2025-10-15 17:25:20.009976
311,121,click,2025-08-12 17:25:20.009976
109,105,click,2025-08-24 17:25:20.009976
207,156,click,2025-07-06 17:25:20.009976
427,26,click,2025-10-16 17:25:20.009976
300,296,click,2025-07-29 17:25:20.009976
110,25,click,2025-10-28 17:25:20.009976
196,69,click,2025-07-19 17:25:20.009976
417,151,add_to_cart,2025-09-17 17:25:20.009976
152,65,add_to_cart,2025-10-09 17:25:20.009976
420,150,click,2025-10-06 17:25:20.009976
243,245,add_to_cart,2025-07-18 17:25:20.009976
128,58,click,2025-09-12 17:25:20.009976
105,156,click,2025-08-03 17:25:20.009976
10,112,click,2025-08-12 17:25:20.009976
356,123,add_to_cart,2025-11-24 17:25:20.009976
148,203,click,2025-09-04 17:25:20.009976
489,4,click,2025-11-06 17:25:20.009976
365,129,click,2025-07-22 17:25:20.009976
364,26,click,2025-10-24 17:25:20.009976
459,289,click,2025-11-16 17:25:20.009976
140,27,add_to_cart,2025-07-15 17:25:20.009976
190,42,click,2025-08-15 17:25:20.009976
402,71,add_to_cart,2025-06-30 17:25:20.009976
94,64,click,2025-08-18 17:25:20.009976
492,25,click,2025-07-19 17:25:20.009976
496,72,add_to_cart,2025-10-16 17:25:20.009976
229,268,click,2025-10-04 17:25:20.009976
63,95,click,2025-10-31 17:25:20.009976
340,117,click,2025-10-19 17:25:20.009976
25,164,add_to_cart,2025-11-17 17:25:20.009976
268,278,add_to_cart,2025-10-24 17:25:20.009976
405,65,click,2025-07-23 17:25:20.009976
281,260,click,2025-07-10 17:25:20.009976
11,228,add_to_cart,2025-11-14 17:25:20.009976
320,200,click,2025-12-07 17:25:20.009976
201,220,click,2025-11-09 17:25:20.009976
126,180,add_to_cart,2025-12-08 17:25:20.009976
306,228,add_to_cart,2025-07-17 17:25:20.009976
190,252,click,2025-10-09 17:25:20.009976
89,299,add_to_cart,2025-10-25 17:25:20.009976
355,4,click,2025-10-31 17:25:20.009976
116,141,add_to_cart,2025-11-29 17:25:20.009976
352,166,click,2025-11-25 17:25:20.009976
177,254,click,2025-10-29 17:25:20.009976
14,153,click,2025-12-07 17:25:20.009976
257,67,click,2025-12-11 17:25:20.009976
209,55,click,2025-12-10 17:25:20.009976
281,96,add_to_cart,2025-06-23 17:25:20.009976
443,167,click,2025-10-31 17:25:20.009976
328,62,add_to_cart,2025-09-10 17:25:20.009976
325,174,click,2025-08-26 17:25:20.009976
389,253,add_to_cart,2025-09-06 17:25:20.009976
105,112,click,2025-08-07 17:25:20.009976
483,215,click,2025-07-10 17:25:20.009976
147,239,click,2025-08-15 17:25:20.009976
279,227,click,2025-09-04 17:25:20.009976
9,230,click,2025-08-03 17:25:20.009976
118,233,click,2025-11-30 17:25:20.009976
94,163,purchase,2025-09-15 17:25:20.009976
434,126,purchase,2025-08-16 17:25:20.009976
144,253,add_to_cart,2025-07-26 17:25:20.009976
289,199,click,2025-12-09 17:25:20.009976
386,197,add_to_cart,2025-09-08 17:25:20.009976
14,122,click,2025-08-26 17:25:20.009976
494,264,click,2025-07-03 17:25:20.010987
257,54,click,2025-08-02 17:25:20.010987
346,135,click,2025-09-09 17:25:20.010987
186,151,click,2025-08-09 17:25:20.010987
345,100,click,2025-07-22 17:25:20.010987
400,234,click,2025-11-27 17:25:20.010987
207,32,add_to_cart,2025-09-20 17:25:20.010987
346,62,purchase,2025-12-12 17:25:20.010987
431,196,click,2025-08-08 17:25:20.010987
172,30,click,2025-11-23 17:25:20.010987
464,243,add_to_cart,2025-08-31 17:25:20.010987
270,106,click,2025-09-25 17:25:20.010987
221,295,purchase,2025-06-20 17:25:20.010987
152,133,purchase,2025-09-26 17:25:20.010987
111,22,click,2025-07-10 17:25:20.010987
183,156,click,2025-10-19 17:25:20.010987
399,214,purchase,2025-07-05 17:25:20.010987
339,226,purchase,2025-12-04 17:25:20.010987
72,285,click,2025-08-17 17:25:20.010987
418,171,click,2025-07-06 17:25:20.010987
386,42,add_to_cart,2025-12-12 17:25:20.010987
283,60,click,2025-11-18 17:25:20.010987
74,77,purchase,2025-11-13 17:25:20.010987
355,202,add_to_cart,2025-10-03 17:25:20.010987
215,220,add_to_cart,2025-07-10 17:25:20.010987
497,187,click,2025-12-11 17:25:20.010987
328,96,add_to_cart,2025-12-06 17:25:20.010987
476,212,click,2025-07-16 17:25:20.010987
23,262,click,2025-06-30 17:25:20.010987
68,77,click,2025-11-29 17:25:20.010987
398,31,click,2025-10-17 17:25:20.010987
447,39,add_to_cart,2025-11-13 17:25:20.010987
373,214,purchase,2025-08-01 17:25:20.010987
362,126,click,2025-06-21 17:25:20.010987
93,165,click,2025-07-10 17:25:20.010987
321,246,click,2025-08-05 17:25:20.010987
324,109,click,2025-06-25 17:25:20.010987
384,88,add_to_cart,2025-08-27 17:25:20.010987
63,200,click,2025-08-06 17:25:20.010987
224,271,purchase,2025-11-15 17:25:20.010987
225,51,add_to_cart,2025-12-12 17:25:20.010987
369,198,click,2025-08-15 17:25:20.010987
346,23,click,2025-11-28 17:25:20.010987
337,153,click,2025-09-25 17:25:20.010987
103,223,click,2025-11-12 17:25:20.010987
215,221,click,2025-10-29 17:25:20.010987
192,151,click,2025-10-14 17:25:20.010987
160,266,purchase,2025-12-02 17:25:20.010987
372,73,click,2025-09-17 17:25:20.010987
207,77,add_to_cart,2025-09-20 17:25:20.010987
269,32,click,2025-11-13 17:25:20.010987
194,65,click,2025-09-26 17:25:20.010987
380,18,click,2025-06-29 17:25:20.010987
403,164,click,2025-08-10 17:25:20.010987
152,287,click,2025-07-09 17:25:20.010987
237,54,add_to_cart,2025-08-26 17:25:20.010987
88,63,click,2025-09-08 17:25:20.010987
11,257,add_to_cart,2025-08-23 17:25:20.010987
187,239,add_to_cart,2025-06-28 17:25:20.010987
214,9,purchase,2025-07-26 17:25:20.010987
15,120,add_to_cart,2025-10-27 17:25:20.010987
266,90,click,2025-08-22 17:25:20.010987
297,175,purchase,2025-10-06 17:25:20.010987
411,3,purchase,2025-10-14 17:25:20.010987
444,130,add_to_cart,2025-10-07 17:25:20.010987
73,54,click,2025-08-01 17:25:20.010987
52,293,click,2025-07-28 17:25:20.010987
128,184,add_to_cart,2025-09-03 17:25:20.010987
28,224,purchase,2025-07-23 17:25:20.010987
65,12,add_to_cart,2025-07-06 17:25:20.010987
17,195,add_to_cart,2025-12-15 17:25:20.010987
351,247,click,2025-08-13 17:25:20.010987
428,154,click,2025-08-24 17:25:20.010987
138,78,add_to_cart,2025-11-10 17:25:20.010987
319,140,click,2025-10-31 17:25:20.010987
229,90,add_to_cart,2025-07-04 17:25:20.010987
254,144,add_to_cart,2025-08-16 17:25:20.010987
477,72,click,2025-09-25 17:25:20.010987
210,177,click,2025-07-12 17:25:20.010987
431,263,add_to_cart,2025-11-02 17:25:20.010987
294,271,click,2025-09-14 17:25:20.010987
231,105,click,2025-10-09 17:25:20.010987
241,72,add_to_cart,2025-10-01 17:25:20.010987
70,74,add_to_cart,2025-09-30 17:25:20.010987
104,143,purchase,2025-07-27 17:25:20.010987
204,62,click,2025-09-29 17:25:20.010987
53,146,click,2025-06-20 17:25:20.010987
462,46,add_to_cart,2025-09-21 17:25:20.010987
428,229,click,2025-12-07 17:25:20.010987
375,105,click,2025-08-24 17:25:20.010987
330,109,click,2025-09-26 17:25:20.010987
54,121,click,2025-09-19 17:25:20.010987
276,43,click,2025-10-08 17:25:20.010987
335,99,click,2025-07-07 17:25:20.010987
31,194,click,2025-09-01 17:25:20.010987
135,214,purchase,2025-10-12 17:25:20.010987
58,229,click,2025-11-19 17:25:20.010987
105,185,click,2025-07-01 17:25:20.010987
266,112,click,2025-08-02 17:25:20.010987
10,272,click,2025-12-10 17:25:20.010987
496,102,purchase,2025-10-24 17:25:20.010987
253,210,add_to_cart,2025-08-05 17:25:20.010987
295,227,add_to_cart,2025-08-21 17:25:20.010987
156,281,purchase,2025-07-23 17:25:20.010987
158,22,purchase,2025-07-05 17:25:20.010987
37,248,click,2025-09-10 17:25:20.010987
119,159,click,2025-08-10 17:25:20.010987
67,229,click,2025-10-23 17:25:20.010987
242,187,click,2025-07-07 17:25:20.010987
299,143,add_to_cart,2025-11-14 17:25:20.010987
463,24,click,2025-10-26 17:25:20.010987
213,141,add_to_cart,2025-08-07 17:25:20.010987
308,240,click,2025-10-12 17:25:20.010987
101,292,click,2025-09-22 17:25:20.010987
56,82,click,2025-12-03 17:25:20.010987
332,48,add_to_cart,2025-12-08 17:25:20.010987
324,171,add_to_cart,2025-06-27 17:25:20.010987
239,262,purchase,2025-07-11 17:25:20.010987
393,68,add_to_cart,2025-12-08 17:25:20.010987
231,14,click,2025-10-19 17:25:20.010987
362,30,click,2025-08-14 17:25:20.010987
381,110,add_to_cart,2025-09-16 17:25:20.010987
92,212,add_to_cart,2025-09-04 17:25:20.010987
279,264,click,2025-09-20 17:25:20.010987
447,202,click,2025-08-02 17:25:20.010987
109,84,click,2025-10-16 17:25:20.010987
317,53,click,2025-10-01 17:25:20.010987
168,256,purchase,2025-08-24 17:25:20.010987
300,74,add_to_cart,2025-07-05 17:25:20.010987
470,220,click,2025-09-05 17:25:20.010987
408,143,click,2025-08-31 17:25:20.010987
435,100,add_to_cart,2025-09-13 17:25:20.010987
442,129,add_to_cart,2025-10-03 17:25:20.010987
218,219,click,2025-07-22 17:25:20.010987
222,271,add_to_cart,2025-11-28 17:25:20.010987
161,22,add_to_cart,2025-06-27 17:25:20.010987
16,178,click,2025-08-25 17:25:20.010987
278,48,purchase,2025-07-21 17:25:20.010987
497,117,click,2025-12-14 17:25:20.010987
57,179,click,2025-11-16 17:25:20.010987
62,273,click,2025-06-20 17:25:20.010987
498,179,click,2025-06-27 17:25:20.010987
363,49,click,2025-10-30 17:25:20.010987
466,255,add_to_cart,2025-11-03 17:25:20.010987
327,30,click,2025-12-05 17:25:20.010987
242,85,purchase,2025-06-29 17:25:20.010987
90,277,add_to_cart,2025-11-27 17:25:20.010987
72,34,click,2025-08-07 17:25:20.010987
326,98,click,2025-12-12 17:25:20.010987
30,76,click,2025-08-27 17:25:20.010987
359,175,click,2025-07-03 17:25:20.010987
407,249,click,2025-07-07 17:25:20.010987
288,134,click,2025-10-26 17:25:20.010987
86,178,click,2025-07-10 17:25:20.010987
234,228,click,2025-09-03 17:25:20.010987
235,63,click,2025-09-24 17:25:20.010987
313,268,purchase,2025-11-09 17:25:20.010987
365,258,click,2025-06-27 17:25:20.010987
265,144,click,2025-10-18 17:25:20.010987
287,52,click,2025-08-30 17:25:20.010987
327,99,click,2025-09-02 17:25:20.010987
393,45,add_to_cart,2025-11-28 17:25:20.010987
269,42,click,2025-11-21 17:25:20.010987
186,57,click,2025-07-31 17:25:20.010987
131,33,click,2025-11-21 17:25:20.010987
291,114,click,2025-09-23 17:25:20.010987
481,300,click,2025-10-26 17:25:20.010987
277,114,click,2025-12-06 17:25:20.010987
320,56,click,2025-06-22 17:25:20.010987
351,44,click,2025-08-13 17:25:20.010987
180,212,purchase,2025-07-03 17:25:20.010987
290,34,click,2025-09-15 17:25:20.010987
480,270,click,2025-08-12 17:25:20.010987
377,196,add_to_cart,2025-08-25 17:25:20.010987
163,125,add_to_cart,2025-08-24 17:25:20.010987
271,79,add_to_cart,2025-10-31 17:25:20.010987
376,255,add_to_cart,2025-10-07 17:25:20.010987
96,145,click,2025-12-05 17:25:20.010987
262,83,click,2025-09-24 17:25:20.010987
365,230,add_to_cart,2025-07-25 17:25:20.010987
469,137,purchase,2025-07-09 17:25:20.010987
353,27,click,2025-08-08 17:25:20.011987
288,177,click,2025-10-19 17:25:20.011987
436,207,add_to_cart,2025-09-22 17:25:20.011987
83,213,click,2025-07-03 17:25:20.011987
225,37,purchase,2025-09-28 17:25:20.011987
412,293,click,2025-09-30 17:25:20.011987
223,179,add_to_cart,2025-10-06 17:25:20.011987
469,160,click,2025-08-22 17:25:20.011987
118,12,click,2025-10-10 17:25:20.011987
482,169,click,2025-12-01 17:25:20.011987
192,80,click,2025-09-23 17:25:20.011987
79,14,click,2025-12-13 17:25:20.011987
78,54,add_to_cart,2025-10-19 17:25:20.011987
147,254,click,2025-11-19 17:25:20.011987
107,65,click,2025-07-26 17:25:20.011987
382,58,click,2025-12-13 17:25:20.011987
271,96,add_to_cart,2025-07-13 17:25:20.011987
390,21,click,2025-06-24 17:25:20.011987
244,260,purchase,2025-10-12 17:25:20.011987
73,73,add_to_cart,2025-07-21 17:25:20.011987
357,248,add_to_cart,2025-12-05 17:25:20.011987
468,127,click,2025-11-21 17:25:20.011987
354,46,add_to_cart,2025-12-12 17:25:20.011987
422,268,click,2025-09-24 17:25:20.011987
26,128,click,2025-10-23 17:25:20.011987
210,30,click,2025-10-17 17:25:20.011987
92,94,click,2025-07-13 17:25:20.011987
125,224,click,2025-07-31 17:25:20.011987
435,100,click,2025-07-05 17:25:20.011987
73,71,click,2025-09-27 17:25:20.011987
480,81,click,2025-07-08 17:25:20.011987
123,300,add_to_cart,2025-10-18 17:25:20.011987
309,108,purchase,2025-06-26 17:25:20.011987
184,102,add_to_cart,2025-06-20 17:25:20.011987
187,91,click,2025-10-31 17:25:20.011987
198,16,click,2025-07-28 17:25:20.011987
78,110,click,2025-09-14 17:25:20.011987
348,263,click,2025-08-06 17:25:20.011987
186,160,purchase,2025-06-29 17:25:20.011987
344,253,click,2025-07-14 17:25:20.011987
253,89,add_to_cart,2025-08-02 17:25:20.011987
13,95,add_to_cart,2025-09-02 17:25:20.011987
299,272,add_to_cart,2025-10-31 17:25:20.011987
76,247,purchase,2025-08-02 17:25:20.011987
51,206,click,2025-11-20 17:25:20.011987
275,286,click,2025-12-15 17:25:20.011987
149,248,purchase,2025-08-26 17:25:20.011987
219,67,click,2025-09-17 17:25:20.011987
122,46,click,2025-11-07 17:25:20.011987
211,43,click,2025-08-01 17:25:20.011987
280,229,add_to_cart,2025-11-19 17:25:20.011987
26,234,click,2025-07-21 17:25:20.011987
173,199,purchase,2025-11-30 17:25:20.011987
156,32,click,2025-10-10 17:25:20.011987
238,264,add_to_cart,2025-11-24 17:25:20.011987
376,113,add_to_cart,2025-10-04 17:25:20.011987
82,276,click,2025-08-18 17:25:20.011987
492,146,click,2025-08-02 17:25:20.011987
356,6,purchase,2025-08-03 17:25:20.011987
490,108,add_to_cart,2025-10-01 17:25:20.011987
413,260,add_to_cart,2025-12-15 17:25:20.011987
273,71,click,2025-07-29 17:25:20.011987
68,162,click,2025-12-02 17:25:20.011987
44,100,click,2025-07-22 17:25:20.011987
493,33,click,2025-11-27 17:25:20.011987
61,143,add_to_cart,2025-09-30 17:25:20.011987
123,244,click,2025-08-30 17:25:20.011987
349,224,add_to_cart,2025-10-03 17:25:20.011987
196,214,click,2025-08-27 17:25:20.011987
330,120,click,2025-08-13 17:25:20.011987
409,168,purchase,2025-09-14 17:25:20.011987
479,217,purchase,2025-07-13 17:25:20.011987
323,217,purchase,2025-07-26 17:25:20.011987
111,54,add_to_cart,2025-10-14 17:25:20.011987
258,208,add_to_cart,2025-11-23 17:25:20.011987
89,80,purchase,2025-06-28 17:25:20.011987
433,151,add_to_cart,2025-12-06 17:25:20.011987
198,55,purchase,2025-07-05 17:25:20.011987
282,5,click,2025-06-22 17:25:20.011987
200,35,purchase,2025-07-27 17:25:20.011987
99,119,click,2025-09-11 17:25:20.011987
27,197,click,2025-11-12 17:25:20.011987
89,54,click,2025-09-12 17:25:20.011987
146,259,purchase,2025-11-07 17:25:20.011987
182,262,click,2025-07-09 17:25:20.011987
257,2,purchase,2025-09-27 17:25:20.011987
189,82,click,2025-07-19 17:25:20.011987
240,5,click,2025-09-07 17:25:20.011987
359,174,click,2025-07-06 17:25:20.011987
387,139,click,2025-11-23 17:25:20.011987
196,193,add_to_cart,2025-11-21 17:25:20.011987
297,138,add_to_cart,2025-08-04 17:25:20.011987
165,297,click,2025-09-17 17:25:20.011987
307,116,click,2025-12-10 17:25:20.011987
271,44,click,2025-11-27 17:25:20.011987
8,289,purchase,2025-11-27 17:25:20.011987
38,219,click,2025-08-28 17:25:20.011987
114,56,click,2025-08-27 17:25:20.011987
339,242,click,2025-09-12 17:25:20.011987
56,258,add_to_cart,2025-09-20 17:25:20.011987
431,1,click,2025-07-29 17:25:20.011987
474,289,click,2025-12-03 17:25:20.011987
359,103,add_to_cart,2025-09-21 17:25:20.011987
138,292,purchase,2025-06-21 17:25:20.011987
102,149,add_to_cart,2025-10-01 17:25:20.011987
334,84,click,2025-07-10 17:25:20.011987
177,26,click,2025-09-30 17:25:20.011987
169,175,purchase,2025-11-23 17:25:20.011987
339,223,click,2025-10-07 17:25:20.011987
286,129,click,2025-08-13 17:25:20.011987
261,142,click,2025-10-19 17:25:20.011987
375,298,purchase,2025-07-31 17:25:20.011987
223,135,add_to_cart,2025-10-09 17:25:20.011987
199,55,add_to_cart,2025-06-27 17:25:20.011987
211,56,click,2025-10-07 17:25:20.011987
287,76,click,2025-09-25 17:25:20.011987
180,132,click,2025-12-08 17:25:20.011987
250,42,click,2025-08-24 17:25:20.011987
231,110,purchase,2025-11-18 17:25:20.011987
472,70,click,2025-10-10 17:25:20.011987
482,284,click,2025-07-02 17:25:20.011987
23,126,purchase,2025-07-08 17:25:20.011987
48,296,click,2025-08-24 17:25:20.011987
109,179,add_to_cart,2025-09-27 17:25:20.011987
296,298,add_to_cart,2025-07-12 17:25:20.011987
6,197,purchase,2025-07-24 17:25:20.011987
38,261,add_to_cart,2025-07-04 17:25:20.011987
169,101,add_to_cart,2025-08-04 17:25:20.011987
356,61,click,2025-06-25 17:25:20.011987
283,183,click,2025-12-02 17:25:20.011987
203,297,purchase,2025-07-04 17:25:20.011987
325,9,click,2025-08-24 17:25:20.011987
313,206,add_to_cart,2025-08-31 17:25:20.011987
273,54,click,2025-10-01 17:25:20.011987
244,180,click,2025-09-24 17:25:20.011987
327,104,click,2025-09-22 17:25:20.011987
475,126,click,2025-11-17 17:25:20.011987
47,34,purchase,2025-10-28 17:25:20.011987
249,165,purchase,2025-12-14 17:25:20.011987
79,298,click,2025-09-18 17:25:20.011987
110,270,add_to_cart,2025-10-07 17:25:20.011987
13,289,click,2025-10-31 17:25:20.011987
395,118,add_to_cart,2025-10-14 17:25:20.011987
380,92,add_to_cart,2025-08-19 17:25:20.011987
365,100,click,2025-09-22 17:25:20.011987
90,87,click,2025-07-20 17:25:20.011987
342,234,add_to_cart,2025-11-19 17:25:20.011987
348,124,purchase,2025-11-23 17:25:20.011987
280,203,add_to_cart,2025-09-07 17:25:20.011987
221,32,purchase,2025-11-07 17:25:20.011987
73,39,add_to_cart,2025-10-19 17:25:20.011987
234,94,click,2025-11-01 17:25:20.011987
260,10,purchase,2025-07-27 17:25:20.011987
113,215,click,2025-07-19 17:25:20.011987
46,100,click,2025-11-29 17:25:20.011987
274,244,add_to_cart,2025-07-12 17:25:20.011987
43,58,click,2025-11-08 17:25:20.011987
208,19,click,2025-09-17 17:25:20.011987
417,117,add_to_cart,2025-11-15 17:25:20.011987
349,136,click,2025-09-09 17:25:20.011987
103,296,purchase,2025-10-19 17:25:20.011987
124,13,purchase,2025-09-16 17:25:20.011987
10,101,click,2025-11-29 17:25:20.011987
329,155,click,2025-08-18 17:25:20.011987
187,82,add_to_cart,2025-11-23 17:25:20.011987
31,88,click,2025-07-21 17:25:20.011987
156,105,click,2025-09-11 17:25:20.011987
60,130,add_to_cart,2025-12-12 17:25:20.011987
249,272,add_to_cart,2025-10-04 17:25:20.011987
387,14,click,2025-10-02 17:25:20.011987
374,128,add_to_cart,2025-10-28 17:25:20.011987
439,60,add_to_cart,2025-08-29 17:25:20.011987
270,227,click,2025-11-20 17:25:20.011987
442,17,add_to_cart,2025-11-14 17:25:20.011987
217,45,click,2025-11-18 17:25:20.011987
399,38,click,2025-10-26 17:25:20.011987
2,124,add_to_cart,2025-07-01 17:25:20.011987
24,64,purchase,2025-11-09 17:25:20.011987
206,253,click,2025-06-20 17:25:20.011987
320,262,purchase,2025-10-20 17:25:20.011987
496,112,click,2025-09-27 17:25:20.011987
199,102,click,2025-10-05 17:25:20.012991
356,49,click,2025-12-13 17:25:20.012991
114,277,click,2025-07-29 17:25:20.012991
280,227,click,2025-08-27 17:25:20.012991
155,23,purchase,2025-09-16 17:25:20.012991
165,185,click,2025-10-26 17:25:20.012991
486,64,click,2025-07-30 17:25:20.012991
222,157,add_to_cart,2025-08-04 17:25:20.012991
91,283,click,2025-07-29 17:25:20.012991
167,149,add_to_cart,2025-11-21 17:25:20.012991
447,169,click,2025-11-20 17:25:20.012991
207,133,click,2025-09-27 17:25:20.012991
282,132,add_to_cart,2025-11-10 17:25:20.012991
65,197,click,2025-07-05 17:25:20.012991
376,135,click,2025-11-25 17:25:20.012991
4,35,click,2025-10-28 17:25:20.012991
157,220,click,2025-09-23 17:25:20.012991
249,185,add_to_cart,2025-08-20 17:25:20.012991
257,5,click,2025-10-17 17:25:20.012991
235,71,click,2025-09-01 17:25:20.012991
306,241,click,2025-08-15 17:25:20.012991
366,297,click,2025-11-27 17:25:20.012991
470,193,purchase,2025-07-30 17:25:20.012991
395,168,purchase,2025-09-29 17:25:20.012991
74,236,click,2025-09-07 17:25:20.012991
187,294,click,2025-08-07 17:25:20.012991
62,298,click,2025-08-10 17:25:20.012991
337,248,click,2025-08-31 17:25:20.012991
164,165,click,2025-07-29 17:25:20.012991
56,71,click,2025-10-15 17:25:20.012991
111,231,add_to_cart,2025-11-01 17:25:20.012991
218,55,click,2025-10-20 17:25:20.012991
240,182,purchase,2025-08-08 17:25:20.012991
21,22,click,2025-09-06 17:25:20.012991
141,283,add_to_cart,2025-11-27 17:25:20.012991
265,105,purchase,2025-10-16 17:25:20.012991
139,175,click,2025-07-17 17:25:20.012991
459,294,purchase,2025-12-11 17:25:20.012991
70,39,click,2025-07-15 17:25:20.012991
385,60,purchase,2025-07-06 17:25:20.012991
118,300,purchase,2025-11-27 17:25:20.012991
198,299,click,2025-11-15 17:25:20.012991
205,212,add_to_cart,2025-06-27 17:25:20.012991
214,155,click,2025-07-22 17:25:20.012991
56,173,click,2025-09-01 17:25:20.012991
287,23,click,2025-09-26 17:25:20.012991
470,240,click,2025-07-29 17:25:20.012991
293,209,add_to_cart,2025-07-06 17:25:20.012991
175,122,click,2025-09-17 17:25:20.012991
347,253,add_to_cart,2025-08-21 17:25:20.012991
370,141,click,2025-08-13 17:25:20.012991
500,153,purchase,2025-10-05 17:25:20.012991
462,214,click,2025-09-03 17:25:20.012991
128,48,click,2025-11-21 17:25:20.012991
431,17,add_to_cart,2025-07-16 17:25:20.012991
378,296,purchase,2025-07-28 17:25:20.012991
325,69,add_to_cart,2025-11-04 17:25:20.012991
442,85,click,2025-07-26 17:25:20.012991
292,282,click,2025-11-23 17:25:20.012991
288,208,click,2025-11-18 17:25:20.012991
226,40,click,2025-08-26 17:25:20.012991
64,96,click,2025-12-03 17:25:20.012991
455,250,click,2025-09-11 17:25:20.012991
426,136,click,2025-10-02 17:25:20.012991
48,73,add_to_cart,2025-06-27 17:25:20.012991
202,273,add_to_cart,2025-06-19 17:25:20.012991
498,169,click,2025-11-11 17:25:20.012991
337,198,click,2025-10-30 17:25:20.012991
414,106,click,2025-07-06 17:25:20.012991
405,101,click,2025-10-27 17:25:20.012991
60,235,add_to_cart,2025-09-20 17:25:20.012991
397,280,add_to_cart,2025-11-06 17:25:20.012991
257,106,add_to_cart,2025-09-30 17:25:20.012991
65,35,click,2025-11-04 17:25:20.012991
239,157,purchase,2025-07-26 17:25:20.012991
289,273,click,2025-10-17 17:25:20.012991
38,240,purchase,2025-10-19 17:25:20.012991
25,207,click,2025-11-13 17:25:20.012991
410,245,click,2025-07-01 17:25:20.012991
461,93,click,2025-12-14 17:25:20.012991
59,109,click,2025-07-08 17:25:20.012991
476,114,click,2025-07-16 17:25:20.012991
417,24,purchase,2025-10-18 17:25:20.012991
357,293,click,2025-07-14 17:25:20.012991
383,252,add_to_cart,2025-08-26 17:25:20.012991
297,267,purchase,2025-11-21 17:25:20.012991
158,209,add_to_cart,2025-08-05 17:25:20.012991
57,55,click,2025-10-15 17:25:20.012991
433,27,purchase,2025-06-28 17:25:20.012991
48,2,click,2025-09-03 17:25:20.012991
328,68,click,2025-09-29 17:25:20.012991
433,148,add_to_cart,2025-09-02 17:25:20.012991
431,130,click,2025-09-16 17:25:20.012991
56,83,add_to_cart,2025-07-05 17:25:20.012991
65,42,click,2025-08-14 17:25:20.012991
268,156,click,2025-09-09 17:25:20.012991
69,157,click,2025-07-31 17:25:20.012991
216,107,purchase,2025-08-23 17:25:20.012991
390,284,purchase,2025-07-19 17:25:20.012991
89,188,click,2025-09-21 17:25:20.012991
449,105,click,2025-11-18 17:25:20.012991
281,112,click,2025-10-29 17:25:20.012991
257,133,click,2025-09-23 17:25:20.012991
160,271,purchase,2025-10-14 17:25:20.012991
490,110,purchase,2025-12-14 17:25:20.012991
234,73,add_to_cart,2025-11-23 17:25:20.012991
131,293,click,2025-10-26 17:25:20.012991
49,143,click,2025-08-26 17:25:20.012991
147,260,click,2025-09-27 17:25:20.012991
316,245,click,2025-07-13 17:25:20.012991
491,155,click,2025-08-22 17:25:20.012991
413,149,add_to_cart,2025-12-15 17:25:20.012991
434,60,click,2025-07-26 17:25:20.012991
2,86,click,2025-12-01 17:25:20.012991
329,192,click,2025-11-03 17:25:20.012991
440,182,purchase,2025-08-05 17:25:20.012991
145,287,add_to_cart,2025-09-04 17:25:20.012991
444,273,click,2025-08-13 17:25:20.012991
366,255,purchase,2025-11-08 17:25:20.012991
420,7,click,2025-10-14 17:25:20.012991
61,126,click,2025-06-28 17:25:20.012991
273,83,click,2025-10-26 17:25:20.012991
49,28,click,2025-09-29 17:25:20.012991
332,266,click,2025-09-24 17:25:20.012991
444,283,add_to_cart,2025-07-15 17:25:20.012991
404,251,click,2025-09-10 17:25:20.012991
434,188,click,2025-06-25 17:25:20.012991
131,299,click,2025-07-29 17:25:20.012991
43,69,add_to_cart,2025-09-14 17:25:20.012991
57,99,add_to_cart,2025-07-29 17:25:20.012991
50,193,click,2025-11-17 17:25:20.012991
452,227,click,2025-09-02 17:25:20.012991
465,182,click,2025-10-16 17:25:20.012991
178,93,click,2025-11-05 17:25:20.012991
293,143,click,2025-07-21 17:25:20.012991
46,203,click,2025-10-31 17:25:20.012991
170,132,add_to_cart,2025-07-11 17:25:20.012991
271,267,click,2025-11-07 17:25:20.012991
417,134,add_to_cart,2025-11-06 17:25:20.012991
336,179,add_to_cart,2025-06-20 17:25:20.012991
139,186,click,2025-12-14 17:25:20.012991
247,18,add_to_cart,2025-07-13 17:25:20.012991
148,97,click,2025-10-26 17:25:20.012991
230,34,add_to_cart,2025-08-18 17:25:20.012991
280,300,click,2025-12-08 17:25:20.012991
125,187,click,2025-11-15 17:25:20.012991
192,111,click,2025-11-07 17:25:20.012991
374,247,click,2025-09-24 17:25:20.012991
80,71,click,2025-07-25 17:25:20.012991
94,212,click,2025-11-23 17:25:20.012991
226,108,click,2025-07-30 17:25:20.012991
65,177,purchase,2025-08-17 17:25:20.012991
88,228,click,2025-10-08 17:25:20.012991
88,19,click,2025-12-04 17:25:20.012991
201,248,click,2025-11-10 17:25:20.012991
214,209,click,2025-10-20 17:25:20.012991
204,216,add_to_cart,2025-07-15 17:25:20.012991
401,201,click,2025-09-15 17:25:20.012991
382,257,add_to_cart,2025-09-17 17:25:20.012991
89,106,click,2025-12-12 17:25:20.012991
476,271,click,2025-07-25 17:25:20.012991
61,271,add_to_cart,2025-11-24 17:25:20.012991
271,121,click,2025-08-31 17:25:20.012991
94,245,click,2025-10-07 17:25:20.012991
307,66,click,2025-07-30 17:25:20.012991
27,228,click,2025-06-29 17:25:20.012991
214,137,click,2025-09-22 17:25:20.012991
74,194,click,2025-11-07 17:25:20.014000
61,194,click,2025-06-24 17:25:20.014000
186,146,add_to_cart,2025-07-19 17:25:20.014000
31,145,purchase,2025-11-16 17:25:20.014000
219,72,add_to_cart,2025-07-11 17:25:20.014000
12,192,add_to_cart,2025-07-08 17:25:20.014000
302,44,add_to_cart,2025-09-03 17:25:20.014000
415,157,purchase,2025-07-11 17:25:20.014000
32,16,click,2025-07-04 17:25:20.014000
160,78,click,2025-10-24 17:25:20.014000
489,52,click,2025-07-11 17:25:20.014000
237,2,click,2025-07-15 17:25:20.014000
227,232,click,2025-08-04 17:25:20.014000
181,61,click,2025-10-23 17:25:20.014000
317,132,click,2025-08-06 17:25:20.014000
46,52,purchase,2025-09-28 17:25:20.014000
341,297,purchase,2025-11-10 17:25:20.014000
458,180,add_to_cart,2025-10-14 17:25:20.014000
80,31,click,2025-08-07 17:25:20.014000
135,155,purchase,2025-10-20 17:25:20.014000
260,121,purchase,2025-09-27 17:25:20.014000
475,51,purchase,2025-11-30 17:25:20.014000
308,95,add_to_cart,2025-07-01 17:25:20.014000
247,176,click,2025-08-18 17:25:20.014000
473,11,click,2025-08-04 17:25:20.014000
159,12,purchase,2025-07-20 17:25:20.014000
203,45,click,2025-12-07 17:25:20.014000
112,290,click,2025-06-28 17:25:20.014000
468,205,click,2025-11-18 17:25:20.014000
292,219,click,2025-11-01 17:25:20.014000
438,256,purchase,2025-10-19 17:25:20.014000
310,248,click,2025-11-17 17:25:20.014000
119,21,click,2025-09-12 17:25:20.014000
383,41,purchase,2025-08-17 17:25:20.014000
17,278,click,2025-10-20 17:25:20.014000
493,277,purchase,2025-11-13 17:25:20.014000
331,195,click,2025-08-30 17:25:20.014000
414,71,add_to_cart,2025-08-06 17:25:20.014000
227,270,click,2025-11-30 17:25:20.014000
361,73,click,2025-08-07 17:25:20.014000
486,199,click,2025-09-18 17:25:20.014000
406,76,purchase,2025-09-26 17:25:20.014000
117,275,click,2025-07-19 17:25:20.014000
43,283,click,2025-09-25 17:25:20.014000
368,146,purchase,2025-09-11 17:25:20.014000
115,13,click,2025-07-23 17:25:20.014000
283,129,add_to_cart,2025-10-20 17:25:20.014000
37,230,add_to_cart,2025-07-16 17:25:20.014000
302,85,click,2025-11-18 17:25:20.014000
113,162,click,2025-07-01 17:25:20.014000
35,51,purchase,2025-07-18 17:25:20.014000
132,215,click,2025-08-02 17:25:20.014000
336,1,click,2025-07-28 17:25:20.014000
336,123,add_to_cart,2025-06-27 17:25:20.014000
469,288,click,2025-08-17 17:25:20.014000
410,200,add_to_cart,2025-10-30 17:25:20.014000
377,183,click,2025-12-06 17:25:20.014000
228,216,purchase,2025-11-05 17:25:20.014000
147,240,click,2025-10-03 17:25:20.014000
122,68,click,2025-06-22 17:25:20.014000
81,82,add_to_cart,2025-12-01 17:25:20.014000
173,142,click,2025-10-03 17:25:20.014000
154,41,click,2025-10-25 17:25:20.014000
150,239,add_to_cart,2025-06-25 17:25:20.014000
375,3,add_to_cart,2025-10-18 17:25:20.014000
58,94,click,2025-06-23 17:25:20.014000
63,59,click,2025-08-20 17:25:20.014000
156,228,add_to_cart,2025-11-07 17:25:20.014000
449,18,click,2025-08-12 17:25:20.014000
428,239,purchase,2025-11-04 17:25:20.014000
356,74,click,2025-10-26 17:25:20.014000
427,169,add_to_cart,2025-10-27 17:25:20.014000
421,264,click,2025-09-15 17:25:20.014000
322,160,click,2025-09-02 17:25:20.014000
401,169,click,2025-10-11 17:25:20.014000
168,206,click,2025-06-30 17:25:20.014000
166,9,click,2025-10-19 17:25:20.014000
85,115,click,2025-08-11 17:25:20.014000
445,152,purchase,2025-12-12 17:25:20.014000
137,87,click,2025-06-22 17:25:20.014000
461,95,purchase,2025-08-07 17:25:20.014000
459,231,click,2025-11-14 17:25:20.014000
189,186,add_to_cart,2025-06-24 17:25:20.014000
464,114,purchase,2025-10-15 17:25:20.014000
400,274,purchase,2025-07-25 17:25:20.014000
379,29,click,2025-11-28 17:25:20.014000
2,203,add_to_cart,2025-08-04 17:25:20.014000
106,2,click,2025-09-01 17:25:20.014000
364,78,click,2025-10-12 17:25:20.014000
72,231,add_to_cart,2025-09-27 17:25:20.014000
427,98,click,2025-11-09 17:25:20.014000
126,117,click,2025-10-04 17:25:20.014000
170,110,click,2025-09-26 17:25:20.014000
205,167,click,2025-09-07 17:25:20.014000
313,297,click,2025-10-18 17:25:20.014000
337,87,purchase,2025-09-12 17:25:20.014000
487,22,click,2025-07-07 17:25:20.014000
472,210,add_to_cart,2025-11-09 17:25:20.014000
195,272,add_to_cart,2025-07-07 17:25:20.014000
158,278,click,2025-06-26 17:25:20.014000
500,139,add_to_cart,2025-09-06 17:25:20.014000
141,232,add_to_cart,2025-08-09 17:25:20.014000
275,233,click,2025-10-24 17:25:20.014000
7,80,click,2025-10-15 17:25:20.014000
393,55,purchase,2025-07-26 17:25:20.014000
467,291,purchase,2025-10-26 17:25:20.014000
493,34,add_to_cart,2025-12-02 17:25:20.014000
54,252,click,2025-08-30 17:25:20.014000
104,125,click,2025-09-09 17:25:20.014000
342,11,click,2025-10-18 17:25:20.014000
338,122,add_to_cart,2025-06-19 17:25:20.014000
61,35,add_to_cart,2025-12-15 17:25:20.014000
87,69,click,2025-07-24 17:25:20.014000
258,139,add_to_cart,2025-10-21 17:25:20.014000
178,12,click,2025-08-05 17:25:20.014000
242,125,add_to_cart,2025-07-24 17:25:20.014000
203,299,click,2025-11-28 17:25:20.014000
31,147,add_to_cart,2025-09-18 17:25:20.014000
289,77,click,2025-10-22 17:25:20.014000
462,68,click,2025-10-30 17:25:20.014000
80,206,click,2025-06-22 17:25:20.014000
11,236,purchase,2025-07-18 17:25:20.014000
417,59,add_to_cart,2025-09-03 17:25:20.014000
254,258,click,2025-11-25 17:25:20.014000
384,254,add_to_cart,2025-07-12 17:25:20.014000
391,243,add_to_cart,2025-06-25 17:25:20.014000
384,277,add_to_cart,2025-09-07 17:25:20.014000
287,220,click,2025-12-06 17:25:20.014000
176,225,click,2025-09-23 17:25:20.014000
126,101,click,2025-10-24 17:25:20.014000
494,122,click,2025-08-11 17:25:20.014000
47,218,add_to_cart,2025-08-03 17:25:20.014000
206,75,click,2025-11-16 17:25:20.014000
476,237,click,2025-09-14 17:25:20.014000
437,240,click,2025-10-22 17:25:20.014000
107,165,click,2025-10-12 17:25:20.014000
464,157,purchase,2025-11-25 17:25:20.014000
275,211,purchase,2025-12-09 17:25:20.014000
337,277,click,2025-11-02 17:25:20.014000
123,216,add_to_cart,2025-10-09 17:25:20.014000
474,218,click,2025-09-04 17:25:20.014000
134,233,add_to_cart,2025-07-26 17:25:20.014000
107,12,click,2025-09-09 17:25:20.014000
305,83,click,2025-12-14 17:25:20.014000
329,113,purchase,2025-09-06 17:25:20.014000
50,271,purchase,2025-08-07 17:25:20.014000
337,195,click,2025-06-23 17:25:20.014000
95,141,purchase,2025-10-30 17:25:20.014000
268,124,add_to_cart,2025-06-28 17:25:20.014000
23,141,click,2025-09-07 17:25:20.014000
54,208,click,2025-11-19 17:25:20.014000
374,115,click,2025-08-06 17:25:20.014000
254,206,add_to_cart,2025-11-10 17:25:20.014000
453,288,purchase,2025-09-24 17:25:20.014000
235,149,click,2025-09-09 17:25:20.014000
484,210,add_to_cart,2025-09-27 17:25:20.014000
59,112,add_to_cart,2025-06-19 17:25:20.014000
164,142,click,2025-06-26 17:25:20.014969
259,24,click,2025-10-26 17:25:20.014969
314,49,click,2025-09-21 17:25:20.014969
216,288,click,2025-07-09 17:25:20.014969
183,11,purchase,2025-12-14 17:25:20.014969
57,188,click,2025-11-29 17:25:20.014969
145,68,click,2025-11-23 17:25:20.014969
423,90,add_to_cart,2025-06-27 17:25:20.014969
90,110,click,2025-10-31 17:25:20.014969
452,164,click,2025-07-29 17:25:20.014969
311,206,click,2025-10-23 17:25:20.014969
45,32,click,2025-12-03 17:25:20.014969
460,74,add_to_cart,2025-10-06 17:25:20.014969
257,251,click,2025-12-01 17:25:20.014969
21,21,add_to_cart,2025-10-15 17:25:20.014969
467,296,click,2025-07-17 17:25:20.014969
21,298,click,2025-10-07 17:25:20.014969
52,73,click,2025-10-06 17:25:20.014969
338,41,purchase,2025-08-07 17:25:20.014969
171,94,click,2025-07-12 17:25:20.014969
436,132,click,2025-11-25 17:25:20.014969
67,99,add_to_cart,2025-10-23 17:25:20.014969
113,53,click,2025-08-04 17:25:20.014969
300,229,click,2025-08-17 17:25:20.014969
160,128,click,2025-12-05 17:25:20.014969
266,212,add_to_cart,2025-07-14 17:25:20.014969
320,285,purchase,2025-08-13 17:25:20.014969
232,279,click,2025-10-05 17:25:20.014969
463,159,click,2025-08-29 17:25:20.014969
325,233,click,2025-11-19 17:25:20.014969
68,71,add_to_cart,2025-07-09 17:25:20.014969
28,205,click,2025-09-14 17:25:20.014969
437,189,click,2025-11-13 17:25:20.014969
116,151,add_to_cart,2025-12-11 17:25:20.014969
51,8,click,2025-12-07 17:25:20.014969
181,100,click,2025-07-28 17:25:20.014969
260,16,purchase,2025-09-13 17:25:20.014969
79,154,purchase,2025-08-20 17:25:20.014969
273,157,click,2025-09-18 17:25:20.014969
108,93,click,2025-08-04 17:25:20.014969
451,262,click,2025-09-04 17:25:20.014969
74,37,click,2025-10-03 17:25:20.014969
175,161,purchase,2025-07-05 17:25:20.014969
490,174,add_to_cart,2025-08-13 17:25:20.014969
184,18,add_to_cart,2025-06-21 17:25:20.014969
23,16,click,2025-10-29 17:25:20.014969
274,270,click,2025-09-24 17:25:20.014969
129,68,click,2025-12-05 17:25:20.014969
291,30,click,2025-07-24 17:25:20.014969
320,225,click,2025-08-08 17:25:20.014969
186,164,click,2025-12-09 17:25:20.014969
479,14,click,2025-09-02 17:25:20.014969
59,279,click,2025-10-20 17:25:20.014969
492,156,click,2025-11-15 17:25:20.014969
1,122,click,2025-08-17 17:25:20.014969
131,263,click,2025-06-25 17:25:20.014969
67,170,click,2025-09-26 17:25:20.014969
293,10,click,2025-09-28 17:25:20.014969
467,172,purchase,2025-08-03 17:25:20.014969
285,13,click,2025-09-13 17:25:20.014969
89,213,add_to_cart,2025-07-27 17:25:20.014969
417,161,purchase,2025-09-12 17:25:20.014969
100,232,click,2025-12-07 17:25:20.014969
189,160,click,2025-12-07 17:25:20.014969
477,127,click,2025-08-25 17:25:20.014969
378,48,click,2025-08-16 17:25:20.014969
346,261,click,2025-08-08 17:25:20.014969
388,61,add_to_cart,2025-08-30 17:25:20.014969
241,122,click,2025-09-21 17:25:20.014969
270,90,purchase,2025-11-30 17:25:20.014969
498,255,add_to_cart,2025-12-14 17:25:20.014969
219,90,click,2025-07-18 17:25:20.014969
417,3,click,2025-08-12 17:25:20.014969
406,280,click,2025-08-20 17:25:20.014969
176,117,click,2025-07-13 17:25:20.014969
387,98,click,2025-08-10 17:25:20.014969
471,162,add_to_cart,2025-11-03 17:25:20.014969
341,298,click,2025-10-14 17:25:20.014969
233,297,click,2025-08-13 17:25:20.014969
151,82,add_to_cart,2025-07-24 17:25:20.014969
452,148,click,2025-07-05 17:25:20.014969
277,6,click,2025-11-27 17:25:20.014969
229,185,click,2025-08-05 17:25:20.014969
171,252,click,2025-11-23 17:25:20.014969
223,25,add_to_cart,2025-08-30 17:25:20.014969
213,41,purchase,2025-11-27 17:25:20.014969
282,169,click,2025-08-10 17:25:20.014969
41,3,click,2025-08-09 17:25:20.014969
122,171,click,2025-07-14 17:25:20.014969
227,57,add_to_cart,2025-11-03 17:25:20.014969
294,83,add_to_cart,2025-11-21 17:25:20.014969
88,179,click,2025-12-10 17:25:20.014969
267,133,click,2025-09-26 17:25:20.014969
489,86,purchase,2025-10-01 17:25:20.014969
29,271,click,2025-11-21 17:25:20.014969
495,94,add_to_cart,2025-08-19 17:25:20.014969
247,250,add_to_cart,2025-08-16 17:25:20.014969
316,295,click,2025-06-25 17:25:20.014969
451,198,add_to_cart,2025-09-04 17:25:20.014969
449,79,click,2025-10-18 17:25:20.014969
244,166,purchase,2025-08-19 17:25:20.014969
61,39,click,2025-10-22 17:25:20.014969
147,214,click,2025-07-17 17:25:20.014969
174,131,click,2025-10-02 17:25:20.014969
433,157,add_to_cart,2025-07-17 17:25:20.014969
278,159,click,2025-08-07 17:25:20.014969
334,227,click,2025-07-01 17:25:20.014969
369,45,click,2025-07-21 17:25:20.014969
441,201,click,2025-09-20 17:25:20.014969
379,22,add_to_cart,2025-08-14 17:25:20.014969
142,242,click,2025-09-30 17:25:20.014969
44,229,add_to_cart,2025-09-14 17:25:20.014969
144,238,add_to_cart,2025-09-28 17:25:20.014969
353,149,purchase,2025-12-08 17:25:20.014969
333,273,add_to_cart,2025-09-09 17:25:20.014969
486,67,click,2025-08-21 17:25:20.014969
497,7,click,2025-10-22 17:25:20.014969
396,233,purchase,2025-11-09 17:25:20.014969
55,292,purchase,2025-09-17 17:25:20.014969
307,256,click,2025-12-02 17:25:20.014969
358,67,purchase,2025-06-23 17:25:20.014969
423,250,add_to_cart,2025-09-18 17:25:20.014969
417,77,purchase,2025-10-10 17:25:20.014969
161,87,add_to_cart,2025-07-09 17:25:20.014969
285,252,purchase,2025-07-05 17:25:20.014969
325,222,purchase,2025-08-05 17:25:20.014969
198,72,click,2025-09-28 17:25:20.014969
159,202,purchase,2025-08-16 17:25:20.014969
80,59,click,2025-11-28 17:25:20.014969
31,276,click,2025-12-05 17:25:20.014969
473,221,add_to_cart,2025-10-03 17:25:20.014969
112,157,add_to_cart,2025-08-06 17:25:20.014969
46,181,purchase,2025-08-12 17:25:20.014969
353,213,click,2025-07-21 17:25:20.014969
205,129,click,2025-08-05 17:25:20.014969
52,243,click,2025-08-28 17:25:20.014969
138,172,click,2025-07-28 17:25:20.014969
472,270,add_to_cart,2025-10-04 17:25:20.014969
74,163,click,2025-12-13 17:25:20.014969
41,24,click,2025-12-14 17:25:20.014969
479,193,click,2025-07-29 17:25:20.014969
77,294,add_to_cart,2025-09-19 17:25:20.014969
387,129,click,2025-10-21 17:25:20.014969
187,41,add_to_cart,2025-10-19 17:25:20.014969
370,31,click,2025-06-19 17:25:20.014969
52,36,click,2025-07-26 17:25:20.014969
418,253,purchase,2025-12-15 17:25:20.014969
433,215,click,2025-08-25 17:25:20.014969
412,287,click,2025-10-06 17:25:20.014969
467,256,add_to_cart,2025-09-05 17:25:20.014969
87,186,add_to_cart,2025-11-01 17:25:20.014969
109,61,add_to_cart,2025-07-25 17:25:20.014969
480,262,add_to_cart,2025-08-15 17:25:20.014969
397,276,click,2025-11-29 17:25:20.014969
225,111,click,2025-11-16 17:25:20.014969
482,141,click,2025-11-09 17:25:20.014969
481,233,purchase,2025-11-28 17:25:20.014969
248,23,purchase,2025-12-05 17:25:20.014969
69,79,click,2025-10-17 17:25:20.014969
120,31,click,2025-07-15 17:25:20.014969
67,4,click,2025-09-27 17:25:20.014969
61,118,add_to_cart,2025-11-08 17:25:20.014969
444,66,click,2025-08-01 17:25:20.014969
327,287,add_to_cart,2025-10-31 17:25:20.014969
408,176,purchase,2025-06-27 17:25:20.014969
191,123,purchase,2025-11-04 17:25:20.014969
470,231,click,2025-11-23 17:25:20.014969
493,43,purchase,2025-09-01 17:25:20.014969
189,4,add_to_cart,2025-11-12 17:25:20.014969
151,190,click,2025-07-19 17:25:20.014969
286,250,click,2025-07-15 17:25:20.014969
444,144,add_to_cart,2025-10-22 17:25:20.014969
402,158,purchase,2025-12-01 17:25:20.014969
96,65,click,2025-09-28 17:25:20.014969
312,270,click,2025-12-05 17:25:20.014969
309,75,click,2025-10-19 17:25:20.014969
263,29,purchase,2025-11-04 17:25:20.014969
97,238,purchase,2025-09-26 17:25:20.014969
453,153,click,2025-07-08 17:25:20.014969
113,94,click,2025-06-27 17:25:20.014969
476,237,purchase,2025-09-18 17:25:20.014969
125,115,add_to_cart,2025-08-03 17:25:20.014969
456,296,purchase,2025-08-21 17:25:20.014969
463,219,purchase,2025-10-25 17:25:20.014969
436,246,click,2025-12-03 17:25:20.014969
132,32,add_to_cart,2025-11-14 17:25:20.014969
418,20,click,2025-11-07 17:25:20.014969
453,53,add_to_cart,2025-09-29 17:25:20.014969
417,206,add_to_cart,2025-10-14 17:25:20.014969
121,219,purchase,2025-11-26 17:25:20.014969
197,195,purchase,2025-11-30 17:25:20.014969
294,195,click,2025-07-11 17:25:20.016077
482,82,click,2025-09-02 17:25:20.016077
122,1,click,2025-07-22 17:25:20.016077
282,167,purchase,2025-09-06 17:25:20.016077
385,183,add_to_cart,2025-10-03 17:25:20.016077
260,273,purchase,2025-10-05 17:25:20.016077
39,157,add_to_cart,2025-09-29 17:25:20.016077
54,201,click,2025-07-11 17:25:20.016077
474,192,click,2025-09-01 17:25:20.016077
161,299,click,2025-07-07 17:25:20.016077
289,76,add_to_cart,2025-07-02 17:25:20.016077
200,140,purchase,2025-10-28 17:25:20.016077
276,196,click,2025-09-06 17:25:20.016077
16,61,purchase,2025-08-18 17:25:20.016077
405,83,click,2025-08-05 17:25:20.016077
173,5,click,2025-09-02 17:25:20.016077
248,219,click,2025-11-03 17:25:20.016077
383,254,click,2025-10-30 17:25:20.016077
218,88,purchase,2025-07-24 17:25:20.016077
87,209,click,2025-11-27 17:25:20.016077
82,180,click,2025-06-25 17:25:20.016077
62,208,add_to_cart,2025-08-21 17:25:20.016077
287,273,purchase,2025-10-21 17:25:20.016077
500,65,add_to_cart,2025-07-15 17:25:20.016077
42,21,click,2025-07-27 17:25:20.016077
12,177,click,2025-06-19 17:25:20.016077
321,22,click,2025-09-15 17:25:20.016077
234,36,click,2025-08-06 17:25:20.016077
329,250,purchase,2025-08-07 17:25:20.016077
131,149,click,2025-09-28 17:25:20.016077
115,73,click,2025-07-19 17:25:20.016077
218,91,add_to_cart,2025-08-26 17:25:20.016077
137,176,purchase,2025-10-27 17:25:20.016077
106,126,click,2025-12-06 17:25:20.016077
179,204,click,2025-09-09 17:25:20.016077
16,246,click,2025-11-30 17:25:20.016077
472,99,click,2025-11-09 17:25:20.016077
242,271,click,2025-09-07 17:25:20.016077
334,44,click,2025-11-24 17:25:20.016077
381,222,click,2025-08-16 17:25:20.016077
387,97,click,2025-11-14 17:25:20.016077
226,36,click,2025-06-27 17:25:20.016077
481,168,purchase,2025-09-26 17:25:20.016077
242,30,click,2025-10-04 17:25:20.016077
408,282,purchase,2025-06-19 17:25:20.016077
457,85,click,2025-11-13 17:25:20.016077
141,121,add_to_cart,2025-08-18 17:25:20.016077
386,287,click,2025-09-10 17:25:20.016077
199,248,click,2025-08-08 17:25:20.016077
112,184,add_to_cart,2025-12-02 17:25:20.016077
127,253,add_to_cart,2025-09-06 17:25:20.016077
21,273,purchase,2025-10-16 17:25:20.016077
147,209,add_to_cart,2025-10-12 17:25:20.016077
89,24,click,2025-09-21 17:25:20.016077
303,122,click,2025-11-16 17:25:20.016077
406,225,click,2025-11-19 17:25:20.016077
203,123,click,2025-10-13 17:25:20.016077
417,294,add_to_cart,2025-11-13 17:25:20.016077
416,173,click,2025-10-24 17:25:20.016077
448,143,purchase,2025-09-27 17:25:20.016077
85,169,click,2025-07-31 17:25:20.016077
167,57,click,2025-07-14 17:25:20.016077
384,42,click,2025-07-04 17:25:20.016077
468,119,click,2025-08-08 17:25:20.016077
72,121,add_to_cart,2025-09-13 17:25:20.016077
298,251,purchase,2025-08-28 17:25:20.016077
485,182,click,2025-11-03 17:25:20.016077
9,165,add_to_cart,2025-07-22 17:25:20.016077
281,264,add_to_cart,2025-08-23 17:25:20.016077
473,210,purchase,2025-09-08 17:25:20.016077
481,11,click,2025-12-05 17:25:20.016077
258,182,click,2025-10-25 17:25:20.016077
275,251,click,2025-08-12 17:25:20.016077
238,138,click,2025-08-16 17:25:20.016077
20,218,click,2025-11-14 17:25:20.016077
490,239,click,2025-09-27 17:25:20.016077
233,87,add_to_cart,2025-11-17 17:25:20.016077
490,298,click,2025-11-10 17:25:20.016077
221,293,add_to_cart,2025-06-24 17:25:20.016077
326,92,add_to_cart,2025-09-19 17:25:20.016077
17,208,purchase,2025-06-28 17:25:20.016077
380,204,click,2025-08-26 17:25:20.016077
89,186,click,2025-10-25 17:25:20.016077
486,85,click,2025-10-24 17:25:20.016077
196,152,click,2025-10-09 17:25:20.016077
350,156,add_to_cart,2025-08-05 17:25:20.016077
84,293,click,2025-09-24 17:25:20.016077
387,21,click,2025-06-23 17:25:20.016077
87,161,click,2025-08-23 17:25:20.016077
307,156,click,2025-07-17 17:25:20.016077
338,143,purchase,2025-08-14 17:25:20.016077
154,257,purchase,2025-08-12 17:25:20.016077
440,107,click,2025-08-26 17:25:20.016077
228,284,click,2025-12-15 17:25:20.016077
448,50,purchase,2025-09-08 17:25:20.016077
264,35,purchase,2025-12-14 17:25:20.016077
465,224,purchase,2025-07-31 17:25:20.016077
223,156,click,2025-10-18 17:25:20.016077
421,191,click,2025-12-10 17:25:20.016077
493,184,click,2025-09-03 17:25:20.016077
121,237,purchase,2025-09-24 17:25:20.016077
481,297,purchase,2025-06-23 17:25:20.016077
411,58,click,2025-07-05 17:25:20.016077
173,39,click,2025-10-29 17:25:20.016077
4,241,add_to_cart,2025-07-12 17:25:20.016077
342,25,add_to_cart,2025-08-18 17:25:20.016077
128,117,add_to_cart,2025-06-30 17:25:20.016077
474,240,add_to_cart,2025-09-19 17:25:20.016077
480,175,click,2025-08-10 17:25:20.016077
472,228,click,2025-10-04 17:25:20.016077
110,253,add_to_cart,2025-11-14 17:25:20.016077
355,111,add_to_cart,2025-09-03 17:25:20.016077
37,241,click,2025-12-11 17:25:20.016077
480,224,click,2025-09-22 17:25:20.016077
71,298,add_to_cart,2025-11-29 17:25:20.016077
289,52,click,2025-11-22 17:25:20.016077
31,221,click,2025-08-10 17:25:20.016077
439,288,add_to_cart,2025-09-16 17:25:20.016077
381,152,add_to_cart,2025-08-26 17:25:20.016077
268,118,add_to_cart,2025-09-25 17:25:20.016077
11,279,click,2025-09-21 17:25:20.016077
344,135,click,2025-12-10 17:25:20.016077
328,209,click,2025-11-18 17:25:20.016077
32,127,add_to_cart,2025-09-01 17:25:20.016077
57,293,add_to_cart,2025-07-21 17:25:20.016077
166,7,click,2025-08-17 17:25:20.016077
188,222,click,2025-07-22 17:25:20.016077
342,77,click,2025-12-08 17:25:20.016077
482,278,click,2025-11-28 17:25:20.016077
19,227,click,2025-11-09 17:25:20.016077
116,275,add_to_cart,2025-06-26 17:25:20.016077
468,295,add_to_cart,2025-11-08 17:25:20.016077
184,117,add_to_cart,2025-12-14 17:25:20.016077
270,292,purchase,2025-07-26 17:25:20.016077
33,271,click,2025-10-18 17:25:20.016077
10,157,purchase,2025-10-02 17:25:20.016077
80,60,click,2025-08-05 17:25:20.016077
192,184,click,2025-09-01 17:25:20.016077
320,144,click,2025-07-21 17:25:20.016077
190,161,click,2025-09-25 17:25:20.016077
68,89,click,2025-07-29 17:25:20.016077
475,16,click,2025-08-25 17:25:20.016077
348,249,click,2025-09-26 17:25:20.016077
125,98,purchase,2025-10-09 17:25:20.016077
427,104,click,2025-11-27 17:25:20.016077
336,300,click,2025-09-20 17:25:20.016077
59,235,purchase,2025-11-19 17:25:20.016077
436,274,add_to_cart,2025-08-22 17:25:20.016077
97,261,click,2025-06-29 17:25:20.016077
496,239,click,2025-08-22 17:25:20.016077
275,262,add_to_cart,2025-11-01 17:25:20.016077
149,115,click,2025-09-29 17:25:20.016077
278,268,click,2025-10-09 17:25:20.016077
265,12,click,2025-07-17 17:25:20.016077
9,73,add_to_cart,2025-09-20 17:25:20.016077
457,178,click,2025-11-10 17:25:20.016077
283,260,click,2025-08-05 17:25:20.016077
273,259,click,2025-11-19 17:25:20.016077
428,270,add_to_cart,2025-07-04 17:25:20.016077
301,120,add_to_cart,2025-11-19 17:25:20.016077
8,169,add_to_cart,2025-09-12 17:25:20.016077
208,68,click,2025-10-01 17:25:20.016077
402,59,purchase,2025-06-24 17:25:20.016077
125,130,click,2025-08-04 17:25:20.016077
123,266,click,2025-10-01 17:25:20.016077
33,75,purchase,2025-08-10 17:25:20.016077
1,90,purchase,2025-07-27 17:25:20.016077
204,154,add_to_cart,2025-11-24 17:25:20.016077
6,218,purchase,2025-10-02 17:25:20.016077
297,28,click,2025-09-03 17:25:20.016077
439,130,click,2025-10-25 17:25:20.016077
5,66,click,2025-09-04 17:25:20.016077
443,144,click,2025-09-05 17:25:20.016077
80,277,add_to_cart,2025-08-17 17:25:20.016077
274,103,click,2025-09-30 17:25:20.016077
177,37,purchase,2025-12-10 17:25:20.016077
338,249,click,2025-07-21 17:25:20.016077
321,156,click,2025-10-23 17:25:20.016077
339,132,click,2025-12-14 17:25:20.017078
438,47,purchase,2025-10-05 17:25:20.017078
445,195,add_to_cart,2025-07-11 17:25:20.017078
136,103,add_to_cart,2025-09-16 17:25:20.017078
387,171,add_to_cart,2025-08-10 17:25:20.017078
25,89,add_to_cart,2025-08-06 17:25:20.017078
325,246,purchase,2025-06-24 17:25:20.017078
183,58,click,2025-09-19 17:25:20.017078
168,105,click,2025-09-11 17:25:20.017078
467,180,click,2025-07-22 17:25:20.017078
338,69,purchase,2025-11-04 17:25:20.017078
178,153,purchase,2025-09-08 17:25:20.017078
373,25,add_to_cart,2025-06-29 17:25:20.017078
95,35,click,2025-10-26 17:25:20.017078
33,15,click,2025-12-13 17:25:20.017078
111,106,click,2025-11-09 17:25:20.017078
146,218,click,2025-11-24 17:25:20.017078
381,74,click,2025-07-08 17:25:20.017078
441,285,click,2025-09-04 17:25:20.017078
231,38,purchase,2025-09-09 17:25:20.017078
272,197,click,2025-06-22 17:25:20.017078
336,280,purchase,2025-09-20 17:25:20.017078
495,275,add_to_cart,2025-10-15 17:25:20.017078
38,174,click,2025-11-11 17:25:20.017078
425,44,click,2025-11-17 17:25:20.017078
135,154,purchase,2025-10-11 17:25:20.017078
334,153,add_to_cart,2025-08-13 17:25:20.017078
235,291,click,2025-10-27 17:25:20.017078
437,142,click,2025-12-02 17:25:20.017078
319,256,add_to_cart,2025-10-29 17:25:20.017078
368,134,click,2025-11-02 17:25:20.017078
345,32,click,2025-10-05 17:25:20.017078
160,26,add_to_cart,2025-08-09 17:25:20.017078
38,255,add_to_cart,2025-07-13 17:25:20.017078
150,223,click,2025-12-13 17:25:20.017078
400,56,purchase,2025-08-20 17:25:20.017078
308,293,add_to_cart,2025-09-09 17:25:20.017078
29,125,purchase,2025-10-29 17:25:20.017078
144,230,click,2025-08-12 17:25:20.017078
76,53,click,2025-07-09 17:25:20.017078
145,101,click,2025-12-07 17:25:20.017078
229,292,click,2025-10-31 17:25:20.017078
64,267,purchase,2025-10-19 17:25:20.017078
347,283,purchase,2025-12-01 17:25:20.017078
345,2,add_to_cart,2025-08-19 17:25:20.017078
269,22,click,2025-07-25 17:25:20.017078
328,66,add_to_cart,2025-08-23 17:25:20.017078
184,212,click,2025-10-31 17:25:20.017078
261,236,click,2025-10-06 17:25:20.017078
268,17,click,2025-11-11 17:25:20.017078
169,14,click,2025-10-11 17:25:20.017078
259,7,click,2025-10-20 17:25:20.017078
227,222,click,2025-08-26 17:25:20.017078
33,104,click,2025-11-12 17:25:20.017078
377,1,add_to_cart,2025-11-15 17:25:20.017078
214,287,click,2025-12-04 17:25:20.017078
50,247,add_to_cart,2025-06-24 17:25:20.017078
440,91,click,2025-10-12 17:25:20.017078
492,214,click,2025-08-09 17:25:20.017078
393,43,add_to_cart,2025-09-28 17:25:20.017078
489,74,click,2025-12-02 17:25:20.017078
210,242,click,2025-07-31 17:25:20.017078
434,49,purchase,2025-10-10 17:25:20.017078
29,222,click,2025-09-23 17:25:20.017078
39,144,purchase,2025-08-10 17:25:20.017078
347,209,click,2025-10-27 17:25:20.017078
100,99,click,2025-08-19 17:25:20.017078
173,188,add_to_cart,2025-08-10 17:25:20.017078
17,114,click,2025-09-07 17:25:20.017078
56,175,click,2025-09-16 17:25:20.017078
226,271,click,2025-08-22 17:25:20.017078
46,63,click,2025-07-05 17:25:20.017078
67,284,add_to_cart,2025-12-05 17:25:20.017078
197,225,add_to_cart,2025-08-07 17:25:20.017078
142,161,purchase,2025-07-02 17:25:20.017078
323,36,click,2025-12-06 17:25:20.017078
23,141,add_to_cart,2025-10-26 17:25:20.017078
487,196,click,2025-11-14 17:25:20.017078
94,151,add_to_cart,2025-06-19 17:25:20.017078
242,269,purchase,2025-10-05 17:25:20.017078
237,40,click,2025-10-30 17:25:20.017078
445,238,purchase,2025-12-03 17:25:20.017078
407,222,add_to_cart,2025-08-16 17:25:20.017078
411,281,add_to_cart,2025-10-10 17:25:20.017078
54,225,add_to_cart,2025-10-24 17:25:20.017078
138,154,add_to_cart,2025-10-24 17:25:20.017078
473,280,purchase,2025-07-26 17:25:20.017078
333,39,add_to_cart,2025-08-17 17:25:20.017078
272,217,click,2025-11-04 17:25:20.017078
41,244,add_to_cart,2025-11-17 17:25:20.017078
98,109,click,2025-10-30 17:25:20.017078
183,61,purchase,2025-11-16 17:25:20.017078
128,198,purchase,2025-08-15 17:25:20.017078
229,276,click,2025-12-02 17:25:20.017078
317,172,add_to_cart,2025-09-28 17:25:20.017078
86,272,purchase,2025-08-27 17:25:20.017078
256,271,click,2025-10-18 17:25:20.017078
209,42,click,2025-08-28 17:25:20.017078
215,189,click,2025-09-01 17:25:20.017078
374,260,add_to_cart,2025-10-13 17:25:20.017078
100,152,click,2025-11-02 17:25:20.017078
49,131,add_to_cart,2025-12-02 17:25:20.017078
201,114,click,2025-07-16 17:25:20.017078
436,222,click,2025-09-16 17:25:20.017078
258,54,click,2025-11-02 17:25:20.017078
480,296,click,2025-10-16 17:25:20.017078
376,42,click,2025-12-14 17:25:20.017078
178,93,click,2025-09-28 17:25:20.017078
245,260,add_to_cart,2025-10-03 17:25:20.017078
123,281,click,2025-06-28 17:25:20.017078
342,192,add_to_cart,2025-12-07 17:25:20.017078
171,125,click,2025-07-17 17:25:20.017078
333,296,click,2025-07-03 17:25:20.017078
136,35,click,2025-08-05 17:25:20.017078
59,47,add_to_cart,2025-10-09 17:25:20.017078
193,153,click,2025-07-11 17:25:20.017078
465,238,click,2025-10-15 17:25:20.017078
268,5,purchase,2025-08-03 17:25:20.017078
260,125,add_to_cart,2025-06-20 17:25:20.017078
373,87,click,2025-07-09 17:25:20.017078
461,3,add_to_cart,2025-08-31 17:25:20.017078
95,165,add_to_cart,2025-10-03 17:25:20.017078
125,223,add_to_cart,2025-09-06 17:25:20.017078
41,297,click,2025-11-20 17:25:20.017078
379,25,click,2025-11-03 17:25:20.017078
254,39,add_to_cart,2025-08-29 17:25:20.017078
7,105,click,2025-10-15 17:25:20.017078
471,5,purchase,2025-07-10 17:25:20.017078
216,136,click,2025-11-23 17:25:20.017078
69,4,click,2025-10-13 17:25:20.017078
69,169,purchase,2025-10-05 17:25:20.017078
81,78,click,2025-07-25 17:25:20.017078
30,19,click,2025-08-18 17:25:20.017078
73,205,add_to_cart,2025-12-07 17:25:20.017078
262,33,click,2025-12-12 17:25:20.017078
89,150,add_to_cart,2025-11-07 17:25:20.017078
403,193,click,2025-11-02 17:25:20.017078
208,139,click,2025-11-05 17:25:20.017078
213,272,click,2025-12-03 17:25:20.017078
322,196,add_to_cart,2025-10-01 17:25:20.017078
266,127,click,2025-07-29 17:25:20.017078
400,231,click,2025-11-22 17:25:20.017078
293,44,add_to_cart,2025-10-29 17:25:20.017078
207,230,purchase,2025-09-08 17:25:20.017078
333,216,add_to_cart,2025-11-14 17:25:20.017078
77,244,click,2025-07-03 17:25:20.017078
288,9,click,2025-11-25 17:25:20.017078
493,250,add_to_cart,2025-07-10 17:25:20.017078
47,200,purchase,2025-10-13 17:25:20.017078
110,79,purchase,2025-06-19 17:25:20.017078
200,245,purchase,2025-07-06 17:25:20.017078
427,190,add_to_cart,2025-07-25 17:25:20.017078
210,86,click,2025-07-01 17:25:20.017078
376,271,add_to_cart,2025-09-17 17:25:20.017078
420,262,add_to_cart,2025-11-08 17:25:20.017078
154,1,purchase,2025-12-13 17:25:20.017078
10,20,purchase,2025-07-04 17:25:20.017078
415,130,click,2025-09-07 17:25:20.017078
353,258,add_to_cart,2025-12-14 17:25:20.017078
157,131,click,2025-12-13 17:25:20.017078
261,7,click,2025-09-03 17:25:20.017078
77,241,click,2025-06-24 17:25:20.017078
257,192,purchase,2025-09-01 17:25:20.017078
471,297,purchase,2025-08-27 17:25:20.017078
488,115,add_to_cart,2025-09-17 17:25:20.017078
131,102,click,2025-11-19 17:25:20.017078
67,1,click,2025-11-08 17:25:20.017078
455,25,add_to_cart,2025-06-27 17:25:20.017078
228,209,click,2025-12-08 17:25:20.017078
163,143,click,2025-11-23 17:25:20.017078
15,197,purchase,2025-08-04 17:25:20.017078
232,145,click,2025-07-16 17:25:20.017078
195,149,click,2025-10-18 17:25:20.017078
349,181,click,2025-10-19 17:25:20.017078
30,55,purchase,2025-07-25 17:25:20.017078
359,138,add_to_cart,2025-11-20 17:25:20.017078
338,209,purchase,2025-09-28 17:25:20.017078
331,185,add_to_cart,2025-06-24 17:25:20.017078
427,65,click,2025-09-11 17:25:20.017078
497,37,purchase,2025-07-01 17:25:20.017078
316,112,click,2025-07-22 17:25:20.017078
486,263,click,2025-08-21 17:25:20.018078
296,76,click,2025-06-27 17:25:20.018078
449,296,add_to_cart,2025-09-08 17:25:20.018078
413,178,purchase,2025-07-15 17:25:20.018078
330,254,click,2025-10-25 17:25:20.018078
220,1,click,2025-07-04 17:25:20.018078
377,148,purchase,2025-09-30 17:25:20.018078
479,159,click,2025-10-30 17:25:20.018078
147,268,add_to_cart,2025-12-02 17:25:20.018078
259,150,click,2025-07-15 17:25:20.018078
292,129,click,2025-10-30 17:25:20.018078
299,126,click,2025-09-13 17:25:20.018078
143,1,click,2025-09-01 17:25:20.018078
481,117,add_to_cart,2025-07-28 17:25:20.018078
425,149,purchase,2025-07-30 17:25:20.018078
235,269,click,2025-12-14 17:25:20.018078
115,189,add_to_cart,2025-07-11 17:25:20.018078
365,141,add_to_cart,2025-08-23 17:25:20.018078
90,105,click,2025-11-22 17:25:20.018078
208,252,click,2025-09-25 17:25:20.018078
164,281,add_to_cart,2025-11-23 17:25:20.018078
481,101,click,2025-08-21 17:25:20.018078
84,282,click,2025-10-07 17:25:20.018078
77,163,purchase,2025-08-28 17:25:20.018078
161,203,add_to_cart,2025-10-02 17:25:20.018078
5,100,click,2025-08-03 17:25:20.018078
485,281,click,2025-06-24 17:25:20.018078
78,257,click,2025-08-16 17:25:20.018078
91,94,click,2025-07-31 17:25:20.018078
87,279,click,2025-09-22 17:25:20.018078
270,227,click,2025-08-19 17:25:20.018078
104,150,click,2025-07-11 17:25:20.018078
452,62,add_to_cart,2025-06-23 17:25:20.018078
487,129,click,2025-11-21 17:25:20.018078
500,187,click,2025-08-25 17:25:20.018078
339,68,click,2025-11-22 17:25:20.018078
175,30,click,2025-12-04 17:25:20.018078
54,275,click,2025-07-07 17:25:20.018078
388,127,click,2025-08-07 17:25:20.018078
478,213,click,2025-08-04 17:25:20.018078
211,134,click,2025-10-18 17:25:20.018078
95,219,add_to_cart,2025-07-14 17:25:20.018078
223,157,click,2025-09-24 17:25:20.018078
9,188,click,2025-10-05 17:25:20.018078
53,162,click,2025-11-10 17:25:20.018078
77,129,purchase,2025-10-16 17:25:20.018078
206,89,purchase,2025-09-07 17:25:20.018078
316,162,click,2025-08-05 17:25:20.018078
302,36,click,2025-06-29 17:25:20.018078
310,227,click,2025-07-27 17:25:20.018078
330,151,click,2025-10-12 17:25:20.018078
112,81,click,2025-12-04 17:25:20.018078
351,47,click,2025-08-08 17:25:20.018078
165,204,click,2025-12-02 17:25:20.018078
279,148,click,2025-10-10 17:25:20.018078
27,231,click,2025-08-23 17:25:20.018078
70,27,purchase,2025-09-08 17:25:20.018078
218,189,click,2025-10-10 17:25:20.018078
450,165,add_to_cart,2025-12-02 17:25:20.018078
365,212,click,2025-07-07 17:25:20.018078
189,75,click,2025-11-01 17:25:20.018078
333,92,purchase,2025-08-01 17:25:20.018078
435,62,click,2025-07-31 17:25:20.018078
306,66,click,2025-08-02 17:25:20.018078
124,80,click,2025-07-12 17:25:20.018078
19,140,click,2025-10-16 17:25:20.018078
257,130,click,2025-07-02 17:25:20.018078
296,254,click,2025-11-13 17:25:20.018078
416,29,click,2025-07-18 17:25:20.018078
22,202,click,2025-10-05 17:25:20.018078
368,237,click,2025-08-11 17:25:20.018078
477,87,click,2025-07-01 17:25:20.018078
450,96,add_to_cart,2025-09-05 17:25:20.018078
40,287,click,2025-11-23 17:25:20.018078
38,289,add_to_cart,2025-10-18 17:25:20.018078
48,252,purchase,2025-06-21 17:25:20.018078
183,180,click,2025-09-07 17:25:20.018078
75,100,click,2025-10-21 17:25:20.018078
209,73,click,2025-06-28 17:25:20.018078
183,131,click,2025-08-11 17:25:20.018078
435,182,add_to_cart,2025-09-23 17:25:20.018078
107,194,click,2025-10-19 17:25:20.018078
188,18,click,2025-08-10 17:25:20.018078
264,126,click,2025-07-29 17:25:20.018078
86,211,add_to_cart,2025-07-05 17:25:20.018078
324,7,click,2025-08-04 17:25:20.018078
331,114,add_to_cart,2025-11-14 17:25:20.018078
456,84,add_to_cart,2025-07-17 17:25:20.018078
137,102,click,2025-07-12 17:25:20.018078
346,93,click,2025-12-08 17:25:20.018078
386,102,click,2025-12-03 17:25:20.018078
336,251,click,2025-10-14 17:25:20.018078
95,24,add_to_cart,2025-11-21 17:25:20.018078
326,167,click,2025-07-12 17:25:20.018078
245,140,click,2025-10-16 17:25:20.018078
469,94,click,2025-09-19 17:25:20.018078
90,181,click,2025-08-13 17:25:20.018078
59,64,click,2025-11-20 17:25:20.018078
403,4,click,2025-09-23 17:25:20.018078
28,94,click,2025-11-24 17:25:20.018078
72,272,click,2025-08-03 17:25:20.018078
270,283,click,2025-10-15 17:25:20.018078
24,132,click,2025-08-16 17:25:20.018078
112,72,click,2025-08-20 17:25:20.018078
300,81,click,2025-07-23 17:25:20.018078
485,174,click,2025-12-06 17:25:20.018078
56,300,click,2025-11-15 17:25:20.018078
474,52,click,2025-11-20 17:25:20.018078
223,290,click,2025-08-29 17:25:20.018078
120,237,click,2025-09-17 17:25:20.018078
179,277,click,2025-08-12 17:25:20.018078
288,280,click,2025-11-21 17:25:20.018078
434,44,click,2025-08-18 17:25:20.018078
425,254,click,2025-06-19 17:25:20.018078
450,134,click,2025-11-28 17:25:20.018078
281,56,add_to_cart,2025-07-17 17:25:20.018078
372,14,click,2025-08-30 17:25:20.018078
492,178,click,2025-07-26 17:25:20.018078
189,101,click,2025-08-10 17:25:20.018078
66,180,click,2025-12-08 17:25:20.018078
298,257,click,2025-11-03 17:25:20.018078
449,268,click,2025-11-22 17:25:20.018078
420,37,click,2025-08-21 17:25:20.018078
249,204,purchase,2025-09-05 17:25:20.018078
76,259,click,2025-10-12 17:25:20.018078
137,155,purchase,2025-11-20 17:25:20.019078
164,238,purchase,2025-10-03 17:25:20.019078
233,100,add_to_cart,2025-07-15 17:25:20.019078
255,273,purchase,2025-10-11 17:25:20.019078
476,113,click,2025-07-01 17:25:20.019078
294,110,click,2025-12-02 17:25:20.019078
417,143,click,2025-07-08 17:25:20.019078
170,167,click,2025-07-02 17:25:20.019078
317,260,click,2025-08-09 17:25:20.019078
174,145,add_to_cart,2025-09-13 17:25:20.019078
470,230,click,2025-11-09 17:25:20.019078
345,268,click,2025-11-28 17:25:20.019078
445,32,add_to_cart,2025-07-11 17:25:20.019078
18,299,click,2025-07-14 17:25:20.019078
70,219,click,2025-06-22 17:25:20.019078
338,177,click,2025-08-25 17:25:20.019078
116,104,add_to_cart,2025-11-16 17:25:20.019078
80,236,click,2025-06-26 17:25:20.019078
15,93,add_to_cart,2025-09-07 17:25:20.019078
176,201,click,2025-11-25 17:25:20.019078
456,299,purchase,2025-07-25 17:25:20.019078
269,231,click,2025-11-28 17:25:20.019078
119,255,add_to_cart,2025-07-07 17:25:20.019078
299,85,purchase,2025-07-20 17:25:20.019078
188,35,click,2025-07-10 17:25:20.019078
57,117,click,2025-12-06 17:25:20.019078
199,176,click,2025-09-02 17:25:20.019078
17,276,click,2025-12-12 17:25:20.019078
434,85,purchase,2025-12-01 17:25:20.019078
288,117,click,2025-10-24 17:25:20.019078
406,204,purchase,2025-10-22 17:25:20.019078
55,146,add_to_cart,2025-06-29 17:25:20.019078
499,215,click,2025-07-13 17:25:20.019078
441,105,click,2025-08-16 17:25:20.019078
269,297,click,2025-08-03 17:25:20.019078
303,69,click,2025-07-30 17:25:20.019078
87,255,click,2025-07-12 17:25:20.019078
318,231,click,2025-07-07 17:25:20.019078
438,203,purchase,2025-08-22 17:25:20.019078
29,248,click,2025-08-13 17:25:20.019078
22,249,click,2025-08-22 17:25:20.019078
321,144,click,2025-09-13 17:25:20.019078
285,283,add_to_cart,2025-11-21 17:25:20.019078
48,241,click,2025-09-05 17:25:20.019078
5,229,click,2025-11-06 17:25:20.019078
250,31,purchase,2025-08-18 17:25:20.019078
163,109,purchase,2025-09-14 17:25:20.019078
202,27,add_to_cart,2025-08-19 17:25:20.019078
467,160,purchase,2025-06-21 17:25:20.019078
101,17,click,2025-12-05 17:25:20.019078
71,267,add_to_cart,2025-08-06 17:25:20.019078
430,129,click,2025-07-10 17:25:20.019078
163,220,click,2025-10-03 17:25:20.019078
173,82,purchase,2025-10-23 17:25:20.019078
141,49,click,2025-09-27 17:25:20.019078
138,41,click,2025-10-21 17:25:20.019078
66,20,click,2025-08-21 17:25:20.019078
198,37,click,2025-09-13 17:25:20.019078
328,39,click,2025-09-08 17:25:20.019078
228,109,add_to_cart,2025-11-02 17:25:20.019078
281,64,purchase,2025-12-11 17:25:20.019078
172,175,click,2025-09-27 17:25:20.019078
316,279,add_to_cart,2025-10-09 17:25:20.019078
431,32,click,2025-08-01 17:25:20.019078
40,209,click,2025-12-12 17:25:20.019078
7,19,add_to_cart,2025-09-22 17:25:20.019078
174,106,purchase,2025-08-21 17:25:20.019078
151,206,click,2025-09-12 17:25:20.019078
211,247,click,2025-11-30 17:25:20.019078
302,167,click,2025-08-27 17:25:20.019078
86,89,purchase,2025-10-07 17:25:20.019078
397,11,click,2025-12-01 17:25:20.019078
253,49,click,2025-08-31 17:25:20.019078
21,61,purchase,2025-06-19 17:25:20.019078
257,171,click,2025-07-10 17:25:20.019078
379,143,purchase,2025-09-13 17:25:20.019078
403,207,purchase,2025-09-27 17:25:20.019078
381,201,click,2025-11-02 17:25:20.019078
444,5,click,2025-07-05 17:25:20.019078
33,211,click,2025-08-12 17:25:20.019078
260,29,purchase,2025-08-08 17:25:20.019078
234,190,click,2025-07-13 17:25:20.019078
3,188,add_to_cart,2025-08-26 17:25:20.019078
347,255,click,2025-11-06 17:25:20.019078
308,150,click,2025-10-14 17:25:20.019078
489,13,click,2025-10-14 17:25:20.019078
227,157,click,2025-11-29 17:25:20.019078
284,80,click,2025-11-08 17:25:20.019078
70,273,click,2025-08-10 17:25:20.019078
454,148,click,2025-07-05 17:25:20.019078
439,206,click,2025-07-09 17:25:20.019078
313,114,click,2025-11-21 17:25:20.019078
364,6,click,2025-09-30 17:25:20.019078
471,278,click,2025-07-27 17:25:20.019078
254,232,click,2025-06-27 17:25:20.019078
481,137,add_to_cart,2025-08-14 17:25:20.019078
144,160,click,2025-11-21 17:25:20.019078
24,289,purchase,2025-11-11 17:25:20.019078
453,205,click,2025-09-28 17:25:20.019078
425,158,add_to_cart,2025-06-24 17:25:20.019078
234,106,click,2025-06-24 17:25:20.019078
333,82,click,2025-07-24 17:25:20.019078
175,270,click,2025-09-18 17:25:20.019078
332,49,click,2025-11-23 17:25:20.019078
325,206,click,2025-08-16 17:25:20.019078
357,218,add_to_cart,2025-11-29 17:25:20.019078
159,164,click,2025-11-17 17:25:20.019078
348,279,click,2025-12-14 17:25:20.019078
348,231,add_to_cart,2025-12-05 17:25:20.019078
286,199,click,2025-11-30 17:25:20.019078
18,214,click,2025-06-20 17:25:20.019078
44,284,click,2025-09-26 17:25:20.019078
155,276,click,2025-11-25 17:25:20.019078
355,185,click,2025-11-25 17:25:20.019078
410,210,click,2025-12-10 17:25:20.019078
377,121,click,2025-10-31 17:25:20.019078
231,216,click,2025-11-23 17:25:20.019078
497,97,click,2025-10-19 17:25:20.019078
371,119,purchase,2025-11-07 17:25:20.019078
316,282,purchase,2025-06-26 17:25:20.019078
402,106,click,2025-07-12 17:25:20.019078
225,142,click,2025-11-15 17:25:20.019078
217,268,click,2025-12-14 17:25:20.019078
56,291,click,2025-09-21 17:25:20.019078
31,167,click,2025-07-04 17:25:20.019078
357,160,click,2025-11-02 17:25:20.019078
59,231,click,2025-08-11 17:25:20.019078
380,14,add_to_cart,2025-10-14 17:25:20.019078
386,193,add_to_cart,2025-08-16 17:25:20.019078
353,155,purchase,2025-10-02 17:25:20.019078
423,101,click,2025-10-24 17:25:20.019078
445,60,purchase,2025-10-01 17:25:20.019078
235,43,click,2025-08-07 17:25:20.019078
107,193,click,2025-09-13 17:25:20.019078
191,109,purchase,2025-11-27 17:25:20.019078
480,93,purchase,2025-11-01 17:25:20.019078
18,216,add_to_cart,2025-10-22 17:25:20.019078
401,163,click,2025-11-17 17:25:20.019078
226,234,click,2025-10-29 17:25:20.019078
167,167,add_to_cart,2025-10-05 17:25:20.019078
71,148,add_to_cart,2025-10-14 17:25:20.019078
362,28,add_to_cart,2025-07-20 17:25:20.019078
54,259,click,2025-10-20 17:25:20.019078
245,86,click,2025-12-03 17:25:20.019078
483,108,click,2025-07-14 17:25:20.019078
350,117,purchase,2025-09-19 17:25:20.019078
76,15,click,2025-09-02 17:25:20.019078
35,211,click,2025-12-07 17:25:20.019078
267,31,purchase,2025-10-03 17:25:20.019078
317,282,click,2025-10-02 17:25:20.019078
300,185,add_to_cart,2025-09-10 17:25:20.019078
121,66,add_to_cart,2025-08-03 17:25:20.019078
324,63,click,2025-07-30 17:25:20.019078
25,228,click,2025-08-29 17:25:20.019078
432,101,add_to_cart,2025-11-18 17:25:20.019078
160,139,click,2025-09-05 17:25:20.019078
84,119,click,2025-09-13 17:25:20.019078
114,57,click,2025-08-19 17:25:20.019078
223,131,click,2025-10-05 17:25:20.019078
388,37,click,2025-11-19 17:25:20.019078
166,111,click,2025-07-19 17:25:20.019078
191,153,click,2025-06-29 17:25:20.019078
175,250,click,2025-07-09 17:25:20.019078
1,242,click,2025-07-27 17:25:20.020074
387,208,click,2025-07-15 17:25:20.020074
229,170,add_to_cart,2025-10-06 17:25:20.020074
86,257,click,2025-06-26 17:25:20.020074
62,279,purchase,2025-11-16 17:25:20.020074
320,113,click,2025-10-11 17:25:20.020074
401,175,click,2025-09-08 17:25:20.020074
382,89,add_to_cart,2025-07-15 17:25:20.020074
206,135,click,2025-09-18 17:25:20.020074
105,294,click,2025-08-09 17:25:20.020074
318,206,click,2025-07-17 17:25:20.020074
291,73,click,2025-10-22 17:25:20.020074
250,259,click,2025-09-05 17:25:20.020074
13,148,click,2025-10-12 17:25:20.020074
163,225,click,2025-11-21 17:25:20.020074
43,105,purchase,2025-09-09 17:25:20.020074
386,44,add_to_cart,2025-11-04 17:25:20.020074
440,26,click,2025-11-02 17:25:20.020074
111,261,purchase,2025-10-08 17:25:20.020074
205,59,click,2025-09-02 17:25:20.020074
384,61,click,2025-07-29 17:25:20.020074
256,70,add_to_cart,2025-12-08 17:25:20.020074
307,271,click,2025-09-01 17:25:20.020074
438,257,click,2025-10-14 17:25:20.020074
144,125,click,2025-07-21 17:25:20.020074
146,19,click,2025-07-01 17:25:20.020074
391,119,click,2025-10-04 17:25:20.020074
301,66,add_to_cart,2025-08-14 17:25:20.020074
164,245,click,2025-12-11 17:25:20.020074
169,57,click,2025-08-09 17:25:20.020074
478,44,click,2025-12-05 17:25:20.020074
298,12,add_to_cart,2025-08-06 17:25:20.020074
233,236,click,2025-07-03 17:25:20.020074
391,24,click,2025-11-29 17:25:20.020074
271,257,add_to_cart,2025-10-09 17:25:20.020074
60,284,click,2025-07-09 17:25:20.020074
296,251,click,2025-12-11 17:25:20.020074
467,94,click,2025-07-19 17:25:20.020074
235,22,click,2025-09-25 17:25:20.020074
165,157,click,2025-10-10 17:25:20.020074
194,89,click,2025-12-05 17:25:20.020074
234,202,click,2025-07-16 17:25:20.020074
368,197,purchase,2025-11-04 17:25:20.020074
183,45,click,2025-11-11 17:25:20.020074
333,79,click,2025-09-28 17:25:20.020074
232,39,add_to_cart,2025-10-18 17:25:20.020074
361,284,click,2025-08-21 17:25:20.020074
491,155,click,2025-10-29 17:25:20.020074
107,149,click,2025-12-13 17:25:20.020074
378,52,click,2025-11-22 17:25:20.020074
223,251,click,2025-08-19 17:25:20.020074
80,147,click,2025-09-06 17:25:20.020074
234,258,add_to_cart,2025-11-13 17:25:20.020074
381,273,click,2025-10-07 17:25:20.020074
184,125,click,2025-06-24 17:25:20.020074
428,204,click,2025-10-24 17:25:20.020074
185,256,add_to_cart,2025-06-26 17:25:20.020074
134,131,click,2025-10-20 17:25:20.020074
220,21,add_to_cart,2025-11-06 17:25:20.020074
288,78,add_to_cart,2025-12-13 17:25:20.020074
364,51,click,2025-10-28 17:25:20.020074
202,266,click,2025-12-02 17:25:20.020074
370,116,click,2025-08-13 17:25:20.020074
146,55,click,2025-07-21 17:25:20.020074
324,292,click,2025-11-21 17:25:20.020074
127,51,purchase,2025-12-12 17:25:20.020074
457,273,add_to_cart,2025-06-30 17:25:20.020074
135,254,click,2025-10-14 17:25:20.020074
114,61,add_to_cart,2025-06-23 17:25:20.020074
264,225,add_to_cart,2025-10-22 17:25:20.020074
64,103,click,2025-12-14 17:25:20.020074
491,48,click,2025-11-23 17:25:20.020074
135,225,click,2025-08-30 17:25:20.020074
41,233,click,2025-06-23 17:25:20.020074
296,70,click,2025-08-19 17:25:20.020074
3,47,purchase,2025-12-01 17:25:20.020074
401,228,click,2025-10-26 17:25:20.020074
194,10,add_to_cart,2025-07-17 17:25:20.020074
463,185,click,2025-11-26 17:25:20.020074
110,80,click,2025-10-21 17:25:20.020074
221,13,purchase,2025-11-08 17:25:20.020074
370,84,click,2025-11-21 17:25:20.020074
368,86,purchase,2025-09-21 17:25:20.020074
436,157,click,2025-06-19 17:25:20.020074
406,144,purchase,2025-06-20 17:25:20.020074
4,63,click,2025-06-24 17:25:20.020074
244,43,click,2025-10-09 17:25:20.020074
390,158,add_to_cart,2025-09-27 17:25:20.020074
166,185,add_to_cart,2025-10-13 17:25:20.020074
26,286,click,2025-06-28 17:25:20.020074
395,24,purchase,2025-10-06 17:25:20.020074
474,205,add_to_cart,2025-09-19 17:25:20.020074
17,224,click,2025-10-20 17:25:20.020074
216,101,click,2025-07-02 17:25:20.020074
92,204,click,2025-08-19 17:25:20.020074
483,8,click,2025-11-17 17:25:20.020074
31,172,click,2025-07-15 17:25:20.020074
205,208,add_to_cart,2025-07-27 17:25:20.020074
419,96,add_to_cart,2025-10-13 17:25:20.020074
400,162,click,2025-10-30 17:25:20.020074
207,291,click,2025-11-26 17:25:20.020074
107,96,purchase,2025-12-09 17:25:20.020074
146,145,click,2025-09-13 17:25:20.020074
367,258,click,2025-08-10 17:25:20.020074
101,300,add_to_cart,2025-08-24 17:25:20.020074
368,102,add_to_cart,2025-10-24 17:25:20.020074
318,177,purchase,2025-07-11 17:25:20.020074
368,110,purchase,2025-10-11 17:25:20.020074
241,198,purchase,2025-07-26 17:25:20.020074
489,129,click,2025-08-11 17:25:20.020074
411,137,click,2025-10-07 17:25:20.020074
247,27,click,2025-09-15 17:25:20.020074
163,137,click,2025-08-18 17:25:20.020074
372,164,click,2025-07-16 17:25:20.020074
173,131,click,2025-11-23 17:25:20.020074
35,151,click,2025-07-29 17:25:20.020074
284,246,click,2025-06-23 17:25:20.020074
359,110,click,2025-08-26 17:25:20.020074
381,73,click,2025-07-31 17:25:20.020074
358,286,add_to_cart,2025-07-24 17:25:20.020074
393,275,add_to_cart,2025-06-19 17:25:20.020074
460,67,purchase,2025-08-19 17:25:20.020074
399,50,click,2025-08-08 17:25:20.020074
21,3,click,2025-09-26 17:25:20.020074
308,226,click,2025-06-24 17:25:20.020074
163,66,add_to_cart,2025-10-06 17:25:20.020074
490,155,add_to_cart,2025-07-28 17:25:20.020074
97,111,click,2025-10-03 17:25:20.020074
307,296,purchase,2025-11-24 17:25:20.020074
339,256,click,2025-08-12 17:25:20.020074
55,274,click,2025-07-13 17:25:20.020074
471,155,add_to_cart,2025-06-21 17:25:20.020074
333,139,click,2025-09-01 17:25:20.020074
127,167,click,2025-08-14 17:25:20.020074
428,19,click,2025-09-29 17:25:20.020074
193,223,add_to_cart,2025-07-22 17:25:20.020074
243,57,click,2025-08-20 17:25:20.020074
349,294,click,2025-12-15 17:25:20.020074
88,133,purchase,2025-09-19 17:25:20.020074
336,292,click,2025-07-27 17:25:20.020074
409,205,click,2025-09-20 17:25:20.020074
215,119,click,2025-10-08 17:25:20.020074
92,253,purchase,2025-09-23 17:25:20.020074
303,85,click,2025-07-19 17:25:20.020074
464,185,add_to_cart,2025-08-28 17:25:20.020074
235,225,purchase,2025-08-10 17:25:20.020074
184,148,add_to_cart,2025-09-03 17:25:20.020074
38,280,click,2025-06-27 17:25:20.020074
139,227,add_to_cart,2025-08-16 17:25:20.020074
195,286,add_to_cart,2025-06-22 17:25:20.020074
15,284,click,2025-09-08 17:25:20.020074
257,181,click,2025-11-10 17:25:20.020074
135,109,add_to_cart,2025-09-19 17:25:20.020074
1,135,click,2025-07-07 17:25:20.020074
49,291,click,2025-11-09 17:25:20.020074
96,290,add_to_cart,2025-10-26 17:25:20.020074
201,103,purchase,2025-11-09 17:25:20.020074
413,201,click,2025-07-16 17:25:20.020074
26,117,click,2025-09-21 17:25:20.020074
343,29,add_to_cart,2025-12-11 17:25:20.020074
429,27,add_to_cart,2025-08-02 17:25:20.020074
235,13,purchase,2025-10-24 17:25:20.020074
349,42,add_to_cart,2025-09-02 17:25:20.020074
244,224,add_to_cart,2025-08-27 17:25:20.020074
358,21,purchase,2025-11-19 17:25:20.020074
481,136,click,2025-10-16 17:25:20.020074
327,221,click,2025-10-12 17:25:20.020074
396,145,click,2025-09-23 17:25:20.020074
351,10,click,2025-11-01 17:25:20.020074
416,225,click,2025-08-07 17:25:20.020074
374,141,click,2025-10-27 17:25:20.020074
404,106,add_to_cart,2025-10-29 17:25:20.020074
375,268,purchase,2025-06-24 17:25:20.020074
51,194,click,2025-07-27 17:25:20.020074
81,128,click,2025-11-27 17:25:20.020074
36,213,click,2025-08-04 17:25:20.020074
67,151,add_to_cart,2025-08-03 17:25:20.020074
129,180,click,2025-09-06 17:25:20.020074
370,26,purchase,2025-09-17 17:25:20.020074
155,15,click,2025-12-03 17:25:20.020074
245,22,click,2025-09-06 17:25:20.020074
111,65,click,2025-10-31 17:25:20.020074
168,251,click,2025-11-13 17:25:20.020074
481,21,purchase,2025-08-22 17:25:20.020074
468,233,purchase,2025-09-10 17:25:20.020074
142,16,click,2025-11-05 17:25:20.020074
356,272,add_to_cart,2025-10-04 17:25:20.020074
197,205,click,2025-11-17 17:25:20.020074
471,298,click,2025-08-21 17:25:20.021115
109,160,purchase,2025-12-09 17:25:20.021115
376,41,click,2025-09-12 17:25:20.021115
79,108,click,2025-12-05 17:25:20.021115
390,125,click,2025-11-04 17:25:20.021115
161,152,click,2025-12-11 17:25:20.021115
439,13,click,2025-06-24 17:25:20.021115
19,203,add_to_cart,2025-12-14 17:25:20.021115
127,79,click,2025-11-03 17:25:20.021115
205,42,click,2025-12-12 17:25:20.021115
29,169,click,2025-09-26 17:25:20.021115
445,249,click,2025-08-19 17:25:20.021115
454,121,add_to_cart,2025-09-12 17:25:20.021115
207,272,purchase,2025-10-18 17:25:20.021115
464,300,purchase,2025-11-16 17:25:20.021115
280,209,click,2025-08-08 17:25:20.021115
151,158,purchase,2025-09-19 17:25:20.021115
240,121,click,2025-10-03 17:25:20.021115
266,227,click,2025-08-10 17:25:20.021115
182,24,add_to_cart,2025-06-28 17:25:20.021115
105,230,click,2025-09-11 17:25:20.021115
425,26,click,2025-11-28 17:25:20.021115
433,58,purchase,2025-07-17 17:25:20.021115
401,265,add_to_cart,2025-07-04 17:25:20.021115
497,126,click,2025-07-11 17:25:20.021115
440,275,add_to_cart,2025-10-18 17:25:20.021115
236,28,add_to_cart,2025-07-18 17:25:20.021115
173,128,purchase,2025-11-16 17:25:20.021115
158,94,click,2025-06-30 17:25:20.021115
172,191,add_to_cart,2025-10-26 17:25:20.021115
494,272,add_to_cart,2025-09-19 17:25:20.021115
458,5,add_to_cart,2025-10-10 17:25:20.021115
311,157,add_to_cart,2025-07-26 17:25:20.021115
403,52,click,2025-08-29 17:25:20.021115
157,243,click,2025-10-01 17:25:20.021115
258,151,purchase,2025-10-12 17:25:20.021115
164,262,click,2025-12-14 17:25:20.021115
147,80,click,2025-12-05 17:25:20.021115
391,183,add_to_cart,2025-10-01 17:25:20.021115
154,107,click,2025-09-15 17:25:20.021115
463,154,click,2025-09-10 17:25:20.021115
367,293,click,2025-06-29 17:25:20.021115
38,205,add_to_cart,2025-12-13 17:25:20.021115
131,116,purchase,2025-11-05 17:25:20.021115
358,17,add_to_cart,2025-10-28 17:25:20.021115
255,288,click,2025-09-24 17:25:20.021115
208,156,purchase,2025-09-25 17:25:20.021115
450,25,click,2025-11-09 17:25:20.021115
95,278,click,2025-09-15 17:25:20.021115
348,126,click,2025-12-09 17:25:20.021115
327,300,purchase,2025-08-27 17:25:20.021115
478,276,click,2025-11-08 17:25:20.021115
171,178,add_to_cart,2025-08-05 17:25:20.021115
250,47,click,2025-10-16 17:25:20.021115
190,200,click,2025-09-24 17:25:20.021115
199,51,purchase,2025-07-02 17:25:20.021115
484,295,click,2025-11-18 17:25:20.021115
221,270,add_to_cart,2025-08-08 17:25:20.021115
24,197,click,2025-10-07 17:25:20.021115
244,21,add_to_cart,2025-07-13 17:25:20.021115
423,143,add_to_cart,2025-11-09 17:25:20.021115
324,248,click,2025-08-18 17:25:20.021115
128,1,click,2025-09-11 17:25:20.021115
93,274,purchase,2025-09-06 17:25:20.021115
300,241,add_to_cart,2025-09-25 17:25:20.021115
133,58,click,2025-08-09 17:25:20.021115
55,126,add_to_cart,2025-12-13 17:25:20.021115
477,52,add_to_cart,2025-10-06 17:25:20.021115
158,223,click,2025-09-10 17:25:20.021115
29,269,click,2025-09-22 17:25:20.021115
410,96,purchase,2025-07-27 17:25:20.021115
211,273,purchase,2025-06-23 17:25:20.021115
154,61,add_to_cart,2025-11-09 17:25:20.021115
293,181,click,2025-08-07 17:25:20.021115
475,133,purchase,2025-06-22 17:25:20.021115
222,89,add_to_cart,2025-09-06 17:25:20.021115
115,173,click,2025-09-10 17:25:20.021115
437,5,add_to_cart,2025-12-03 17:25:20.021115
158,204,purchase,2025-08-11 17:25:20.021115
259,162,click,2025-10-27 17:25:20.021115
251,61,purchase,2025-07-22 17:25:20.021115
122,190,purchase,2025-07-15 17:25:20.021115
299,63,click,2025-10-20 17:25:20.021115
263,44,purchase,2025-07-03 17:25:20.021115
381,239,purchase,2025-08-01 17:25:20.021115
49,28,click,2025-10-31 17:25:20.021115
377,198,click,2025-09-13 17:25:20.021115
329,269,click,2025-09-21 17:25:20.021115
297,171,click,2025-08-06 17:25:20.021115
362,30,add_to_cart,2025-08-13 17:25:20.021115
77,154,click,2025-09-25 17:25:20.021115
463,209,purchase,2025-06-21 17:25:20.021115
438,63,purchase,2025-10-07 17:25:20.021115
127,57,click,2025-09-14 17:25:20.021115
197,208,click,2025-08-05 17:25:20.021115
221,63,click,2025-07-07 17:25:20.021115
483,248,click,2025-07-23 17:25:20.021115
91,141,click,2025-11-19 17:25:20.021115
411,93,click,2025-12-06 17:25:20.021115
8,107,click,2025-08-08 17:25:20.021115
32,88,click,2025-08-20 17:25:20.021115
468,108,purchase,2025-07-19 17:25:20.021115
320,46,click,2025-07-31 17:25:20.021115
394,77,click,2025-10-18 17:25:20.021115
269,217,add_to_cart,2025-08-17 17:25:20.021115
191,169,click,2025-09-16 17:25:20.021115
349,129,click,2025-07-29 17:25:20.021115
163,201,add_to_cart,2025-10-14 17:25:20.021115
61,196,click,2025-12-01 17:25:20.021115
438,268,click,2025-07-03 17:25:20.021115
264,88,click,2025-09-02 17:25:20.021115
285,253,click,2025-12-10 17:25:20.021115
95,238,click,2025-08-04 17:25:20.021115
41,73,add_to_cart,2025-11-08 17:25:20.021115
414,161,click,2025-10-29 17:25:20.021115
470,58,click,2025-12-01 17:25:20.021115
149,291,add_to_cart,2025-10-05 17:25:20.021115
204,66,purchase,2025-11-17 17:25:20.021115
267,26,purchase,2025-12-14 17:25:20.021115
2,298,click,2025-10-02 17:25:20.021115
178,77,click,2025-07-25 17:25:20.021115
425,286,click,2025-09-19 17:25:20.021115
194,36,purchase,2025-07-07 17:25:20.021115
482,19,add_to_cart,2025-06-28 17:25:20.021115
387,278,click,2025-11-22 17:25:20.021115
336,267,click,2025-09-05 17:25:20.021115
435,282,click,2025-11-21 17:25:20.021115
196,19,click,2025-06-30 17:25:20.021115
343,140,purchase,2025-08-21 17:25:20.021115
249,67,click,2025-11-13 17:25:20.021115
498,18,click,2025-08-30 17:25:20.021115
212,261,purchase,2025-11-03 17:25:20.021115
153,112,click,2025-11-29 17:25:20.021115
158,115,click,2025-12-09 17:25:20.021115
466,166,click,2025-11-19 17:25:20.021115
362,67,click,2025-11-10 17:25:20.021115
139,255,click,2025-07-22 17:25:20.021115
221,70,click,2025-12-01 17:25:20.021115
273,203,click,2025-10-07 17:25:20.021115
154,127,click,2025-10-08 17:25:20.021115
249,80,click,2025-10-24 17:25:20.021115
279,176,add_to_cart,2025-12-14 17:25:20.021115
440,113,click,2025-08-31 17:25:20.021115
436,111,click,2025-07-23 17:25:20.021115
304,137,click,2025-07-09 17:25:20.021115
276,133,click,2025-08-25 17:25:20.021115
493,189,click,2025-08-12 17:25:20.021115
2,277,add_to_cart,2025-07-12 17:25:20.021115
88,225,click,2025-10-28 17:25:20.021115
287,103,add_to_cart,2025-08-22 17:25:20.021115
411,107,click,2025-10-17 17:25:20.021115
130,63,add_to_cart,2025-08-11 17:25:20.021115
78,245,purchase,2025-11-18 17:25:20.021115
260,173,click,2025-09-21 17:25:20.021115
241,210,click,2025-07-14 17:25:20.021115
141,191,click,2025-08-02 17:25:20.021115
228,158,purchase,2025-07-18 17:25:20.021115
163,225,click,2025-11-14 17:25:20.021115
236,172,add_to_cart,2025-12-01 17:25:20.021115
128,36,add_to_cart,2025-09-16 17:25:20.021115
200,134,click,2025-08-10 17:25:20.021115
450,37,click,2025-08-15 17:25:20.021115
390,93,click,2025-07-01 17:25:20.021115
31,75,add_to_cart,2025-09-11 17:25:20.021115
138,244,click,2025-10-20 17:25:20.021115
492,183,click,2025-10-30 17:25:20.021115
21,205,click,2025-09-06 17:25:20.021115
234,187,click,2025-08-20 17:25:20.021115
202,166,click,2025-12-06 17:25:20.021115
279,115,purchase,2025-08-21 17:25:20.021115
131,207,add_to_cart,2025-09-15 17:25:20.021115
416,245,add_to_cart,2025-06-19 17:25:20.021115
148,161,add_to_cart,2025-10-14 17:25:20.021115
458,13,add_to_cart,2025-06-20 17:25:20.021115
29,294,click,2025-10-07 17:25:20.021115
361,236,purchase,2025-08-01 17:25:20.021115
308,273,click,2025-09-13 17:25:20.021115
371,114,click,2025-11-05 17:25:20.021115
430,152,click,2025-11-06 17:25:20.021115
162,26,click,2025-11-30 17:25:20.022115
357,168,click,2025-11-21 17:25:20.022115
340,32,click,2025-07-31 17:25:20.022115
61,221,add_to_cart,2025-07-11 17:25:20.022115
125,206,click,2025-12-07 17:25:20.022115
456,98,click,2025-11-06 17:25:20.022115
71,91,purchase,2025-10-20 17:25:20.022115
326,214,click,2025-10-31 17:25:20.022115
395,188,click,2025-08-19 17:25:20.022115
364,57,add_to_cart,2025-12-09 17:25:20.022115
466,107,click,2025-06-28 17:25:20.022115
243,195,click,2025-08-22 17:25:20.022115
490,22,click,2025-08-10 17:25:20.022115
249,186,click,2025-06-23 17:25:20.022115
221,85,click,2025-08-25 17:25:20.022115
473,80,click,2025-08-19 17:25:20.022115
447,77,click,2025-09-03 17:25:20.022115
21,177,click,2025-10-20 17:25:20.022115
494,174,purchase,2025-07-24 17:25:20.022115
387,82,click,2025-11-21 17:25:20.022115
82,21,purchase,2025-08-27 17:25:20.022115
344,179,click,2025-08-03 17:25:20.022115
367,225,add_to_cart,2025-10-22 17:25:20.022115
486,265,click,2025-07-22 17:25:20.022115
10,269,click,2025-11-14 17:25:20.022115
411,251,click,2025-09-20 17:25:20.022115
12,273,purchase,2025-07-09 17:25:20.022115
263,272,click,2025-07-15 17:25:20.022115
145,280,click,2025-10-05 17:25:20.022115
449,223,click,2025-11-24 17:25:20.022115
192,75,click,2025-08-02 17:25:20.022115
250,151,add_to_cart,2025-10-31 17:25:20.022115
114,105,add_to_cart,2025-12-11 17:25:20.022115
26,42,click,2025-12-04 17:25:20.022115
271,176,click,2025-11-19 17:25:20.022115
499,245,click,2025-09-23 17:25:20.022115
33,253,purchase,2025-07-30 17:25:20.022115
62,274,click,2025-11-10 17:25:20.022115
229,92,click,2025-10-25 17:25:20.022115
303,11,click,2025-08-08 17:25:20.022115
95,152,click,2025-10-03 17:25:20.022115
35,189,add_to_cart,2025-12-04 17:25:20.022115
193,164,click,2025-10-22 17:25:20.022115
456,126,add_to_cart,2025-09-27 17:25:20.022115
76,211,click,2025-07-10 17:25:20.022115
379,97,add_to_cart,2025-09-16 17:25:20.022115
249,47,click,2025-07-09 17:25:20.022115
83,224,purchase,2025-10-13 17:25:20.022115
25,57,click,2025-09-03 17:25:20.022115
57,75,add_to_cart,2025-09-16 17:25:20.022115
32,254,add_to_cart,2025-10-18 17:25:20.022115
319,151,click,2025-11-21 17:25:20.022115
12,59,click,2025-09-03 17:25:20.022115
319,86,purchase,2025-10-09 17:25:20.022115
333,170,click,2025-06-27 17:25:20.022115
92,146,purchase,2025-06-28 17:25:20.022115
1,33,click,2025-07-26 17:25:20.022115
435,3,click,2025-07-28 17:25:20.022115
326,284,click,2025-06-26 17:25:20.022115
136,257,click,2025-07-16 17:25:20.022115
196,126,click,2025-07-16 17:25:20.022115
133,113,click,2025-12-06 17:25:20.022115
473,293,purchase,2025-12-04 17:25:20.022115
86,48,add_to_cart,2025-11-17 17:25:20.022115
476,275,click,2025-11-03 17:25:20.022115
295,195,click,2025-09-19 17:25:20.022115
279,225,add_to_cart,2025-09-19 17:25:20.022115
324,213,click,2025-08-27 17:25:20.022115
180,282,add_to_cart,2025-08-25 17:25:20.022115
4,138,click,2025-07-04 17:25:20.022115
126,70,add_to_cart,2025-10-08 17:25:20.022115
175,299,click,2025-08-19 17:25:20.022115
251,70,add_to_cart,2025-12-05 17:25:20.022115
21,208,click,2025-07-01 17:25:20.022115
485,200,click,2025-08-31 17:25:20.022115
440,59,click,2025-10-14 17:25:20.022115
105,259,click,2025-11-24 17:25:20.022115
66,165,click,2025-07-26 17:25:20.022115
443,245,add_to_cart,2025-08-01 17:25:20.022115
263,84,click,2025-10-07 17:25:20.022115
49,114,click,2025-09-17 17:25:20.022115
16,234,click,2025-08-04 17:25:20.022115
145,262,add_to_cart,2025-09-11 17:25:20.022115
340,172,add_to_cart,2025-11-03 17:25:20.022115
250,18,add_to_cart,2025-07-21 17:25:20.022115
343,235,purchase,2025-08-13 17:25:20.022115
354,157,purchase,2025-09-08 17:25:20.022115
75,211,add_to_cart,2025-06-28 17:25:20.022115
290,281,click,2025-10-10 17:25:20.022115
417,196,click,2025-09-25 17:25:20.022115
282,115,click,2025-06-19 17:25:20.022115
66,160,purchase,2025-09-07 17:25:20.022115
125,155,click,2025-07-15 17:25:20.022115
319,51,click,2025-07-10 17:25:20.022115
87,284,purchase,2025-10-09 17:25:20.022115
41,73,click,2025-10-20 17:25:20.022115
470,110,add_to_cart,2025-07-17 17:25:20.022115
186,286,add_to_cart,2025-07-15 17:25:20.022115
354,221,add_to_cart,2025-10-28 17:25:20.022115
380,9,add_to_cart,2025-11-08 17:25:20.022115
335,82,add_to_cart,2025-11-10 17:25:20.022115
266,294,add_to_cart,2025-08-16 17:25:20.022115
271,22,click,2025-08-01 17:25:20.022115
42,99,add_to_cart,2025-06-29 17:25:20.022115
93,170,add_to_cart,2025-09-11 17:25:20.022115
185,190,click,2025-09-03 17:25:20.022115
215,106,click,2025-09-25 17:25:20.022115
17,265,click,2025-11-22 17:25:20.022115
444,168,click,2025-07-01 17:25:20.022115
265,113,click,2025-09-25 17:25:20.022115
114,148,add_to_cart,2025-09-04 17:25:20.022115
292,220,click,2025-12-08 17:25:20.022115
457,33,click,2025-08-23 17:25:20.022115
464,220,click,2025-12-05 17:25:20.022115
292,185,click,2025-08-31 17:25:20.022115
48,193,click,2025-09-12 17:25:20.022115
307,180,click,2025-08-16 17:25:20.022115
97,6,purchase,2025-07-12 17:25:20.022115
375,9,add_to_cart,2025-11-04 17:25:20.022115
95,61,purchase,2025-12-10 17:25:20.022115
326,163,click,2025-12-13 17:25:20.022115
74,99,purchase,2025-10-03 17:25:20.022115
336,148,add_to_cart,2025-09-09 17:25:20.022115
68,58,purchase,2025-10-12 17:25:20.022115
246,215,click,2025-07-29 17:25:20.022115
406,182,click,2025-11-10 17:25:20.022115
77,35,click,2025-06-19 17:25:20.022115
208,46,purchase,2025-08-18 17:25:20.022115
372,87,add_to_cart,2025-08-13 17:25:20.022115
254,4,click,2025-07-09 17:25:20.022115
221,266,click,2025-07-30 17:25:20.022115
262,107,add_to_cart,2025-08-09 17:25:20.022115
410,75,purchase,2025-08-26 17:25:20.022115
331,40,add_to_cart,2025-08-04 17:25:20.022115
344,127,add_to_cart,2025-09-28 17:25:20.022115
477,183,click,2025-07-17 17:25:20.022115
259,119,click,2025-10-05 17:25:20.022115
308,73,purchase,2025-09-26 17:25:20.022115
74,40,add_to_cart,2025-07-17 17:25:20.022115
125,204,add_to_cart,2025-09-30 17:25:20.022115
188,96,click,2025-12-07 17:25:20.022115
254,279,click,2025-10-07 17:25:20.022115
447,143,click,2025-11-23 17:25:20.022115
321,115,click,2025-09-21 17:25:20.022115
308,133,click,2025-11-29 17:25:20.022115
235,168,purchase,2025-09-09 17:25:20.022115
474,245,add_to_cart,2025-08-15 17:25:20.022115
250,277,click,2025-11-21 17:25:20.022115
332,259,click,2025-08-26 17:25:20.022115
398,46,add_to_cart,2025-11-08 17:25:20.022115
345,237,click,2025-12-13 17:25:20.022115
72,53,add_to_cart,2025-12-02 17:25:20.022115
235,148,click,2025-12-06 17:25:20.022115
324,187,click,2025-10-11 17:25:20.022115
156,21,click,2025-07-27 17:25:20.022115
455,90,click,2025-08-12 17:25:20.022115
394,233,click,2025-12-06 17:25:20.022115
115,215,add_to_cart,2025-09-08 17:25:20.022115
313,51,add_to_cart,2025-10-28 17:25:20.022115
228,153,purchase,2025-06-23 17:25:20.022115
322,116,purchase,2025-08-07 17:25:20.022115
346,214,click,2025-10-30 17:25:20.022115
245,137,click,2025-10-17 17:25:20.022115
306,285,add_to_cart,2025-11-21 17:25:20.022115
14,71,click,2025-08-03 17:25:20.022115
16,245,purchase,2025-09-30 17:25:20.022115
438,38,click,2025-08-17 17:25:20.022115
427,216,purchase,2025-07-02 17:25:20.022115
42,127,purchase,2025-11-03 17:25:20.022115
465,72,click,2025-10-31 17:25:20.022115
110,226,click,2025-11-03 17:25:20.022115
278,284,click,2025-11-17 17:25:20.022115
324,246,click,2025-09-24 17:25:20.022115
19,71,add_to_cart,2025-09-04 17:25:20.022115
66,195,click,2025-09-21 17:25:20.022115
167,38,click,2025-09-08 17:25:20.022115
73,117,purchase,2025-07-14 17:25:20.022115
403,238,purchase,2025-09-25 17:25:20.022115
400,204,click,2025-08-26 17:25:20.022115
310,5,purchase,2025-12-13 17:25:20.022115
409,157,click,2025-10-21 17:25:20.023115
112,107,add_to_cart,2025-08-27 17:25:20.023115
274,228,click,2025-10-13 17:25:20.023115
407,142,purchase,2025-11-25 17:25:20.023115
373,172,add_to_cart,2025-11-22 17:25:20.023115
85,146,click,2025-07-21 17:25:20.023115
139,7,click,2025-10-25 17:25:20.023115
39,16,click,2025-12-03 17:25:20.023115
105,37,add_to_cart,2025-06-28 17:25:20.023115
324,153,purchase,2025-09-13 17:25:20.023115
281,265,add_to_cart,2025-09-29 17:25:20.023115
447,183,add_to_cart,2025-07-04 17:25:20.023115
480,156,add_to_cart,2025-09-05 17:25:20.023115
414,137,purchase,2025-11-16 17:25:20.023115
429,90,add_to_cart,2025-12-01 17:25:20.023115
123,218,click,2025-07-16 17:25:20.023115
218,186,add_to_cart,2025-07-03 17:25:20.023115
377,209,click,2025-11-03 17:25:20.023115
61,51,purchase,2025-07-11 17:25:20.023115
100,288,click,2025-11-06 17:25:20.023115
307,88,click,2025-07-18 17:25:20.023115
354,136,click,2025-11-02 17:25:20.023115
393,158,add_to_cart,2025-09-26 17:25:20.023115
204,282,click,2025-12-15 17:25:20.023115
258,155,purchase,2025-09-04 17:25:20.023115
486,220,click,2025-08-13 17:25:20.023115
5,167,click,2025-09-25 17:25:20.023115
446,179,click,2025-11-05 17:25:20.023115
197,50,click,2025-10-15 17:25:20.023115
180,87,click,2025-07-31 17:25:20.023115
342,33,click,2025-08-30 17:25:20.023115
133,275,click,2025-10-04 17:25:20.023115
443,141,click,2025-09-29 17:25:20.023115
324,206,click,2025-10-20 17:25:20.023115
253,224,add_to_cart,2025-08-17 17:25:20.023115
265,113,click,2025-11-04 17:25:20.023115
93,278,click,2025-09-22 17:25:20.023115
150,5,click,2025-06-29 17:25:20.023115
411,212,click,2025-10-11 17:25:20.023115
138,256,click,2025-10-07 17:25:20.023115
208,30,add_to_cart,2025-07-30 17:25:20.023115
490,82,purchase,2025-12-05 17:25:20.023115
125,236,click,2025-12-12 17:25:20.023115
234,253,click,2025-09-28 17:25:20.023115
61,118,click,2025-08-15 17:25:20.023115
307,30,click,2025-09-28 17:25:20.023115
266,111,click,2025-06-22 17:25:20.023115
134,254,click,2025-07-19 17:25:20.023115
318,199,purchase,2025-07-04 17:25:20.023115
113,295,click,2025-07-31 17:25:20.023115
389,297,click,2025-11-26 17:25:20.023115
378,287,add_to_cart,2025-09-11 17:25:20.023115
454,244,click,2025-10-04 17:25:20.023115
191,221,click,2025-06-21 17:25:20.023115
379,156,add_to_cart,2025-07-10 17:25:20.023115
440,236,click,2025-11-02 17:25:20.023115
187,19,add_to_cart,2025-11-15 17:25:20.023115
319,215,click,2025-10-02 17:25:20.023115
367,114,click,2025-11-05 17:25:20.023115
89,200,add_to_cart,2025-12-12 17:25:20.023115
187,25,click,2025-08-24 17:25:20.023115
307,121,click,2025-12-02 17:25:20.023115
434,230,click,2025-06-25 17:25:20.023115
132,99,purchase,2025-10-23 17:25:20.023115
360,3,add_to_cart,2025-09-15 17:25:20.023115
123,261,click,2025-08-10 17:25:20.023115
48,254,add_to_cart,2025-09-18 17:25:20.023115
288,20,add_to_cart,2025-09-20 17:25:20.023115
376,204,purchase,2025-11-13 17:25:20.023115
179,294,click,2025-07-11 17:25:20.023115
180,128,purchase,2025-08-01 17:25:20.023115
99,292,click,2025-07-03 17:25:20.023115
330,174,purchase,2025-09-18 17:25:20.023115
34,221,click,2025-09-25 17:25:20.023115
420,37,click,2025-11-03 17:25:20.023115
70,149,add_to_cart,2025-08-03 17:25:20.023115
171,92,add_to_cart,2025-09-19 17:25:20.023115
366,70,click,2025-11-06 17:25:20.023115
272,84,click,2025-09-22 17:25:20.023115
59,205,click,2025-08-19 17:25:20.023115
181,267,click,2025-10-15 17:25:20.023115
19,88,click,2025-11-11 17:25:20.023115
226,252,click,2025-06-28 17:25:20.023115
473,211,click,2025-12-05 17:25:20.023115
95,31,click,2025-08-08 17:25:20.023115
369,61,click,2025-09-28 17:25:20.023115
297,67,purchase,2025-09-28 17:25:20.023115
81,226,click,2025-08-05 17:25:20.023115
175,67,add_to_cart,2025-08-22 17:25:20.023115
222,128,purchase,2025-07-01 17:25:20.023115
103,111,click,2025-10-31 17:25:20.023115
54,272,click,2025-11-25 17:25:20.023115
183,34,click,2025-08-01 17:25:20.023115
351,212,click,2025-10-06 17:25:20.023115
403,300,click,2025-07-14 17:25:20.023115
318,125,click,2025-11-29 17:25:20.023115
355,103,purchase,2025-10-11 17:25:20.023115
349,206,click,2025-11-20 17:25:20.023115
443,120,add_to_cart,2025-08-29 17:25:20.023115
321,170,click,2025-06-26 17:25:20.023115
68,35,click,2025-11-06 17:25:20.023115
28,246,click,2025-11-30 17:25:20.023115
274,58,click,2025-07-09 17:25:20.023115
282,141,add_to_cart,2025-11-11 17:25:20.023115
360,111,click,2025-10-13 17:25:20.023115
403,163,click,2025-07-26 17:25:20.023115
311,111,click,2025-06-29 17:25:20.023115
119,152,click,2025-08-17 17:25:20.023115
380,65,add_to_cart,2025-06-21 17:25:20.023115
441,106,add_to_cart,2025-07-09 17:25:20.023115
134,216,add_to_cart,2025-11-16 17:25:20.023115
129,91,click,2025-07-17 17:25:20.023115
8,26,click,2025-07-20 17:25:20.023115
481,157,click,2025-06-29 17:25:20.023115
51,72,add_to_cart,2025-09-27 17:25:20.023115
491,44,click,2025-09-07 17:25:20.023115
341,90,purchase,2025-12-14 17:25:20.023115
472,133,purchase,2025-11-30 17:25:20.023115
281,161,purchase,2025-12-09 17:25:20.023115
175,232,click,2025-07-26 17:25:20.023115
183,261,click,2025-11-23 17:25:20.023115
192,111,purchase,2025-12-15 17:25:20.023115
249,164,add_to_cart,2025-08-22 17:25:20.023115
235,77,add_to_cart,2025-10-08 17:25:20.023115
83,209,click,2025-07-28 17:25:20.023115
93,13,add_to_cart,2025-07-15 17:25:20.023115
373,58,click,2025-10-25 17:25:20.023115
394,36,click,2025-07-28 17:25:20.023115
312,25,purchase,2025-09-11 17:25:20.023115
268,34,click,2025-10-22 17:25:20.023115
417,140,add_to_cart,2025-11-17 17:25:20.023115
120,275,click,2025-07-23 17:25:20.023115
71,222,click,2025-08-08 17:25:20.023115
17,37,click,2025-11-19 17:25:20.023115
253,129,click,2025-10-27 17:25:20.023115
445,218,click,2025-11-04 17:25:20.023115
122,248,click,2025-07-31 17:25:20.023115
380,111,add_to_cart,2025-12-07 17:25:20.023115
10,220,click,2025-12-13 17:25:20.023115
287,196,purchase,2025-09-21 17:25:20.023115
316,147,click,2025-11-08 17:25:20.023115
326,40,add_to_cart,2025-10-07 17:25:20.023115
273,134,click,2025-10-08 17:25:20.023115
306,191,click,2025-07-11 17:25:20.023115
293,163,add_to_cart,2025-12-02 17:25:20.023115
210,61,click,2025-12-14 17:25:20.023115
446,5,purchase,2025-09-10 17:25:20.023115
218,37,click,2025-09-06 17:25:20.023115
241,217,purchase,2025-08-02 17:25:20.023115
374,225,click,2025-10-03 17:25:20.023115
464,216,click,2025-08-12 17:25:20.023115
200,139,click,2025-09-24 17:25:20.023115
216,106,click,2025-09-08 17:25:20.023115
205,99,click,2025-11-28 17:25:20.023115
413,168,click,2025-07-28 17:25:20.023115
416,264,click,2025-10-31 17:25:20.023115
216,87,add_to_cart,2025-07-29 17:25:20.023115
80,84,purchase,2025-11-06 17:25:20.023115
267,224,click,2025-09-19 17:25:20.023115
480,11,click,2025-07-03 17:25:20.023115
390,186,click,2025-07-29 17:25:20.023115
379,231,add_to_cart,2025-10-10 17:25:20.023115
35,141,click,2025-11-21 17:25:20.023115
289,106,add_to_cart,2025-07-06 17:25:20.023115
18,253,click,2025-07-25 17:25:20.023115
165,49,click,2025-08-26 17:25:20.023115
13,263,click,2025-11-01 17:25:20.023115
202,205,click,2025-07-28 17:25:20.023115
229,51,click,2025-07-17 17:25:20.023115
346,175,add_to_cart,2025-12-14 17:25:20.023115
366,225,click,2025-08-28 17:25:20.023115
465,261,click,2025-07-31 17:25:20.023115
448,222,add_to_cart,2025-11-27 17:25:20.023115
1,223,click,2025-11-22 17:25:20.023115
319,269,click,2025-08-05 17:25:20.023115
217,298,add_to_cart,2025-09-27 17:25:20.023115
34,74,add_to_cart,2025-09-06 17:25:20.023115
359,114,click,2025-07-07 17:25:20.023115
266,219,add_to_cart,2025-09-05 17:25:20.023115
128,54,click,2025-10-13 17:25:20.023115
212,200,click,2025-12-04 17:25:20.023115
263,131,click,2025-08-15 17:25:20.023115
312,192,click,2025-08-29 17:25:20.024115
80,179,purchase,2025-08-29 17:25:20.024115
165,287,add_to_cart,2025-07-20 17:25:20.024115
413,240,click,2025-09-11 17:25:20.024115
252,245,click,2025-08-23 17:25:20.024115
12,117,purchase,2025-10-30 17:25:20.024115
401,208,add_to_cart,2025-10-24 17:25:20.024115
304,212,click,2025-09-08 17:25:20.024115
212,259,click,2025-10-04 17:25:20.024115
282,163,add_to_cart,2025-07-02 17:25:20.024115
112,226,add_to_cart,2025-07-10 17:25:20.024115
211,64,click,2025-09-29 17:25:20.024115
378,246,add_to_cart,2025-06-25 17:25:20.024115
239,18,click,2025-09-01 17:25:20.024115
268,34,click,2025-07-04 17:25:20.024115
405,181,click,2025-07-14 17:25:20.024115
298,194,click,2025-07-12 17:25:20.024115
317,192,add_to_cart,2025-08-25 17:25:20.024115
58,67,click,2025-07-23 17:25:20.024115
438,209,click,2025-08-06 17:25:20.024115
34,167,purchase,2025-09-23 17:25:20.024115
263,246,click,2025-12-15 17:25:20.024115
365,245,add_to_cart,2025-11-22 17:25:20.024115
35,166,add_to_cart,2025-11-04 17:25:20.024115
271,296,click,2025-08-27 17:25:20.024115
449,211,click,2025-11-22 17:25:20.024115
474,133,purchase,2025-10-21 17:25:20.024115
227,197,click,2025-10-08 17:25:20.024115
25,49,click,2025-11-28 17:25:20.024115
234,64,purchase,2025-07-31 17:25:20.024115
59,112,click,2025-07-24 17:25:20.024115
251,185,click,2025-10-19 17:25:20.024115
335,104,add_to_cart,2025-07-06 17:25:20.024115
86,213,add_to_cart,2025-08-06 17:25:20.024115
251,5,click,2025-06-27 17:25:20.024115
390,119,click,2025-08-14 17:25:20.024115
180,249,click,2025-10-02 17:25:20.024115
207,167,add_to_cart,2025-11-18 17:25:20.024115
344,242,purchase,2025-07-30 17:25:20.024115
149,280,click,2025-12-13 17:25:20.024115
71,238,add_to_cart,2025-09-07 17:25:20.024115
121,205,click,2025-12-13 17:25:20.024115
253,1,purchase,2025-11-21 17:25:20.024115
93,171,click,2025-10-01 17:25:20.024115
256,167,add_to_cart,2025-12-04 17:25:20.024115
254,258,purchase,2025-06-22 17:25:20.024115
352,63,add_to_cart,2025-10-24 17:25:20.024115
288,272,add_to_cart,2025-09-11 17:25:20.024115
309,37,add_to_cart,2025-12-06 17:25:20.024115
59,16,purchase,2025-08-26 17:25:20.024115
69,254,add_to_cart,2025-07-22 17:25:20.024115
446,27,add_to_cart,2025-10-30 17:25:20.024115
388,111,add_to_cart,2025-12-09 17:25:20.024115
86,233,click,2025-09-19 17:25:20.024115
274,64,click,2025-07-02 17:25:20.024115
227,97,click,2025-11-14 17:25:20.024115
81,267,click,2025-11-23 17:25:20.024115
498,232,add_to_cart,2025-10-27 17:25:20.024115
114,48,click,2025-07-22 17:25:20.024115
184,210,click,2025-08-20 17:25:20.024115
280,76,click,2025-11-21 17:25:20.024115
322,247,click,2025-07-16 17:25:20.024115
397,68,click,2025-12-10 17:25:20.024115
318,64,purchase,2025-09-10 17:25:20.024115
54,182,add_to_cart,2025-07-26 17:25:20.024115
399,80,click,2025-07-21 17:25:20.024115
197,203,click,2025-06-28 17:25:20.024115
387,182,add_to_cart,2025-09-11 17:25:20.024115
293,214,add_to_cart,2025-12-12 17:25:20.024115
293,120,click,2025-12-10 17:25:20.024115
485,241,click,2025-10-18 17:25:20.024115
387,202,click,2025-10-25 17:25:20.024115
447,292,click,2025-11-27 17:25:20.024115
291,54,click,2025-08-16 17:25:20.024115
180,145,add_to_cart,2025-11-20 17:25:20.024115
471,86,purchase,2025-10-29 17:25:20.024115
380,22,click,2025-09-18 17:25:20.024115
412,292,add_to_cart,2025-11-08 17:25:20.024115
222,236,purchase,2025-09-23 17:25:20.024115
274,29,add_to_cart,2025-08-05 17:25:20.024115
378,183,add_to_cart,2025-06-29 17:25:20.024115
244,160,purchase,2025-08-30 17:25:20.024115
420,18,click,2025-07-06 17:25:20.024115
417,38,click,2025-12-13 17:25:20.024115
448,101,purchase,2025-11-05 17:25:20.024115
154,290,click,2025-07-09 17:25:20.024115
304,173,add_to_cart,2025-11-10 17:25:20.024115
424,67,add_to_cart,2025-11-16 17:25:20.024115
273,191,click,2025-08-22 17:25:20.024115
424,43,click,2025-08-25 17:25:20.024115
135,123,click,2025-07-02 17:25:20.024115
313,278,click,2025-09-14 17:25:20.024115
8,196,click,2025-08-29 17:25:20.024115
128,125,click,2025-09-18 17:25:20.024115
373,96,click,2025-08-20 17:25:20.024115
56,157,click,2025-11-20 17:25:20.024115
126,40,click,2025-08-05 17:25:20.024115
159,173,add_to_cart,2025-07-08 17:25:20.024115
59,173,purchase,2025-09-02 17:25:20.024115
58,120,click,2025-08-01 17:25:20.024115
140,273,click,2025-11-14 17:25:20.024115
176,261,purchase,2025-09-30 17:25:20.024115
415,281,click,2025-08-31 17:25:20.024115
108,124,click,2025-07-13 17:25:20.024115
211,278,click,2025-07-18 17:25:20.024115
447,93,click,2025-09-19 17:25:20.024115
74,35,click,2025-08-13 17:25:20.024115
167,128,click,2025-08-28 17:25:20.024115
460,20,click,2025-10-15 17:25:20.024115
404,261,click,2025-10-29 17:25:20.024115
357,167,click,2025-10-11 17:25:20.024115
304,236,add_to_cart,2025-08-27 17:25:20.024115
233,32,click,2025-10-08 17:25:20.024115
327,231,click,2025-10-03 17:25:20.024115
372,191,add_to_cart,2025-08-22 17:25:20.024115
182,145,click,2025-07-05 17:25:20.024115
122,101,click,2025-11-10 17:25:20.024115
334,79,click,2025-12-09 17:25:20.024115
203,160,add_to_cart,2025-07-09 17:25:20.024115
455,255,add_to_cart,2025-08-09 17:25:20.024115
29,279,click,2025-10-19 17:25:20.024115
202,188,click,2025-11-26 17:25:20.024115
93,210,click,2025-07-07 17:25:20.024115
329,241,add_to_cart,2025-10-26 17:25:20.024115
356,56,purchase,2025-07-05 17:25:20.024115
176,137,click,2025-07-15 17:25:20.024115
330,106,click,2025-07-08 17:25:20.024115
211,69,click,2025-12-15 17:25:20.024115
184,190,click,2025-10-10 17:25:20.024115
95,192,add_to_cart,2025-10-27 17:25:20.024115
273,278,click,2025-11-11 17:25:20.024115
137,32,click,2025-07-06 17:25:20.024115
237,175,add_to_cart,2025-10-18 17:25:20.024115
353,258,click,2025-09-30 17:25:20.024115
418,123,add_to_cart,2025-09-10 17:25:20.024115
429,85,click,2025-12-03 17:25:20.024115
472,216,click,2025-11-24 17:25:20.024115
265,216,purchase,2025-10-21 17:25:20.024115
135,14,add_to_cart,2025-08-05 17:25:20.024115
144,37,click,2025-09-26 17:25:20.024115
19,27,add_to_cart,2025-06-28 17:25:20.024115
231,152,add_to_cart,2025-12-01 17:25:20.024115
134,64,add_to_cart,2025-08-29 17:25:20.024115
114,70,add_to_cart,2025-11-04 17:25:20.024115
499,154,click,2025-08-01 17:25:20.024115
139,253,click,2025-08-14 17:25:20.024115
125,271,add_to_cart,2025-10-06 17:25:20.024115
204,29,click,2025-07-31 17:25:20.024115
61,74,add_to_cart,2025-06-30 17:25:20.024115
250,284,click,2025-07-28 17:25:20.024115
298,59,add_to_cart,2025-07-25 17:25:20.024115
13,243,click,2025-10-05 17:25:20.024115
396,149,click,2025-10-17 17:25:20.024115
255,10,add_to_cart,2025-11-15 17:25:20.024115
85,132,add_to_cart,2025-10-22 17:25:20.024115
458,62,click,2025-07-07 17:25:20.024115
20,262,click,2025-08-06 17:25:20.024115
50,218,add_to_cart,2025-09-05 17:25:20.024115
164,232,purchase,2025-09-17 17:25:20.024115
92,72,click,2025-09-01 17:25:20.024115
88,16,click,2025-10-18 17:25:20.024115
69,38,click,2025-11-05 17:25:20.024115
37,177,purchase,2025-06-24 17:25:20.024115
253,83,click,2025-11-19 17:25:20.024115
252,17,click,2025-09-28 17:25:20.024115
140,156,click,2025-07-20 17:25:20.024115
355,172,add_to_cart,2025-08-26 17:25:20.024115
381,70,purchase,2025-09-16 17:25:20.024115
168,71,click,2025-08-25 17:25:20.024115
54,255,click,2025-07-30 17:25:20.024115
386,131,click,2025-09-20 17:25:20.024115
178,49,click,2025-08-24 17:25:20.024115
297,21,click,2025-11-24 17:25:20.024115
301,220,purchase,2025-11-23 17:25:20.024115
359,187,purchase,2025-10-12 17:25:20.024115
106,32,purchase,2025-10-18 17:25:20.024115
137,203,click,2025-09-18 17:25:20.024115
190,276,click,2025-08-24 17:25:20.024115
128,242,add_to_cart,2025-08-25 17:25:20.024115
342,16,click,2025-11-18 17:25:20.024115
47,173,click,2025-07-16 17:25:20.025115
5,137,click,2025-12-15 17:25:20.025115
460,179,purchase,2025-07-09 17:25:20.025115
257,61,add_to_cart,2025-11-17 17:25:20.025115
300,104,click,2025-07-21 17:25:20.025115
150,195,click,2025-10-31 17:25:20.025115
294,256,add_to_cart,2025-09-30 17:25:20.025115
243,76,add_to_cart,2025-07-29 17:25:20.025115
275,271,add_to_cart,2025-07-02 17:25:20.025115
208,181,click,2025-08-02 17:25:20.025115
415,132,click,2025-07-13 17:25:20.025115
115,151,add_to_cart,2025-07-10 17:25:20.025115
195,155,purchase,2025-07-26 17:25:20.025115
343,235,click,2025-11-07 17:25:20.025115
170,248,click,2025-09-05 17:25:20.025115
379,165,click,2025-09-27 17:25:20.025115
82,205,click,2025-07-20 17:25:20.025115
154,165,click,2025-08-28 17:25:20.025115
141,213,add_to_cart,2025-12-08 17:25:20.025115
314,254,click,2025-11-04 17:25:20.025115
146,157,click,2025-09-28 17:25:20.025115
323,177,click,2025-09-29 17:25:20.025115
122,75,purchase,2025-07-21 17:25:20.025115
252,178,add_to_cart,2025-09-11 17:25:20.025115
343,284,click,2025-10-16 17:25:20.025115
387,133,click,2025-07-30 17:25:20.025115
311,125,click,2025-11-14 17:25:20.025115
89,127,click,2025-08-06 17:25:20.025115
475,225,click,2025-07-12 17:25:20.025115
58,17,add_to_cart,2025-08-05 17:25:20.025115
492,246,click,2025-10-01 17:25:20.025115
63,137,purchase,2025-11-07 17:25:20.025115
347,217,click,2025-11-23 17:25:20.025115
308,196,click,2025-07-25 17:25:20.025115
487,201,click,2025-10-27 17:25:20.025115
473,207,click,2025-07-30 17:25:20.025115
382,16,click,2025-10-05 17:25:20.025115
280,13,add_to_cart,2025-10-29 17:25:20.025115
72,78,click,2025-11-12 17:25:20.025115
9,214,click,2025-07-20 17:25:20.025115
366,119,purchase,2025-10-14 17:25:20.025115
421,181,purchase,2025-09-05 17:25:20.025115
94,137,add_to_cart,2025-11-29 17:25:20.025115
373,179,add_to_cart,2025-11-12 17:25:20.025115
339,208,click,2025-06-20 17:25:20.025115
437,54,click,2025-09-02 17:25:20.025115
336,79,click,2025-10-10 17:25:20.025115
152,271,purchase,2025-11-22 17:25:20.025115
492,118,click,2025-07-19 17:25:20.025115
405,106,click,2025-12-06 17:25:20.025115
356,105,click,2025-12-11 17:25:20.025115
40,118,click,2025-11-15 17:25:20.025115
359,229,click,2025-07-17 17:25:20.025115
495,148,click,2025-12-05 17:25:20.025115
62,150,click,2025-10-26 17:25:20.025115
254,256,click,2025-10-29 17:25:20.025115
454,82,click,2025-09-29 17:25:20.025115
69,16,click,2025-08-06 17:25:20.025115
398,193,add_to_cart,2025-08-02 17:25:20.025115
245,211,click,2025-12-09 17:25:20.025115
365,74,add_to_cart,2025-08-19 17:25:20.025115
170,277,click,2025-11-14 17:25:20.025115
178,61,click,2025-09-21 17:25:20.025115
189,24,add_to_cart,2025-11-24 17:25:20.025115
260,23,click,2025-08-23 17:25:20.025115
72,258,click,2025-07-05 17:25:20.025115
472,198,purchase,2025-11-17 17:25:20.025115
459,53,click,2025-09-21 17:25:20.025115
17,139,click,2025-08-17 17:25:20.025115
370,271,purchase,2025-10-24 17:25:20.025115
341,201,click,2025-10-05 17:25:20.025115
57,164,add_to_cart,2025-09-22 17:25:20.025115
218,92,click,2025-12-01 17:25:20.025115
107,23,click,2025-08-11 17:25:20.025115
304,88,click,2025-06-23 17:25:20.025115
428,182,click,2025-08-20 17:25:20.025115
173,283,add_to_cart,2025-10-09 17:25:20.025115
219,21,purchase,2025-10-08 17:25:20.025115
464,49,click,2025-09-07 17:25:20.025115
247,190,add_to_cart,2025-06-21 17:25:20.025115
218,205,click,2025-10-30 17:25:20.025115
373,44,click,2025-07-28 17:25:20.025115
417,300,purchase,2025-07-27 17:25:20.025115
31,128,click,2025-12-07 17:25:20.025115
368,189,click,2025-07-13 17:25:20.025115
47,170,click,2025-07-03 17:25:20.025115
134,279,click,2025-12-04 17:25:20.025115
108,201,click,2025-09-15 17:25:20.025115
72,125,add_to_cart,2025-12-03 17:25:20.025115
327,292,purchase,2025-11-25 17:25:20.025115
418,16,click,2025-11-08 17:25:20.025115
108,274,click,2025-10-25 17:25:20.025115
309,294,click,2025-11-20 17:25:20.025115
398,20,click,2025-11-24 17:25:20.025115
272,19,purchase,2025-06-20 17:25:20.025115
171,13,purchase,2025-10-05 17:25:20.025115
116,17,add_to_cart,2025-11-09 17:25:20.025115
329,206,add_to_cart,2025-06-26 17:25:20.025115
74,30,add_to_cart,2025-08-18 17:25:20.025115
256,299,click,2025-09-21 17:25:20.025115
81,43,click,2025-09-30 17:25:20.025115
268,93,click,2025-07-04 17:25:20.025115
128,66,add_to_cart,2025-12-02 17:25:20.025115
326,119,click,2025-11-28 17:25:20.025115
403,72,click,2025-09-10 17:25:20.025115
235,162,click,2025-08-03 17:25:20.025115
41,269,add_to_cart,2025-08-15 17:25:20.025115
181,218,purchase,2025-10-22 17:25:20.025115
157,254,click,2025-11-12 17:25:20.025115
454,59,add_to_cart,2025-08-11 17:25:20.025115
59,32,click,2025-11-01 17:25:20.025115
345,120,add_to_cart,2025-12-13 17:25:20.025115
249,2,click,2025-07-01 17:25:20.025115
192,118,click,2025-10-01 17:25:20.025115
24,37,click,2025-09-07 17:25:20.025115
473,97,click,2025-10-24 17:25:20.025115
400,257,purchase,2025-07-10 17:25:20.025115
436,128,purchase,2025-11-23 17:25:20.025115
80,156,click,2025-10-12 17:25:20.025115
134,145,click,2025-08-27 17:25:20.025115
421,57,add_to_cart,2025-09-28 17:25:20.025115
213,70,click,2025-09-15 17:25:20.025115
388,44,click,2025-07-29 17:25:20.025115
482,212,click,2025-12-15 17:25:20.025115
348,175,purchase,2025-12-05 17:25:20.025115
166,141,add_to_cart,2025-10-26 17:25:20.025115
425,76,add_to_cart,2025-08-25 17:25:20.025115
348,158,click,2025-11-01 17:25:20.025115
337,85,add_to_cart,2025-09-08 17:25:20.025115
398,18,click,2025-10-05 17:25:20.025115
71,284,click,2025-11-15 17:25:20.025115
214,42,add_to_cart,2025-09-22 17:25:20.025115
435,134,purchase,2025-06-26 17:25:20.025115
65,102,purchase,2025-10-10 17:25:20.025115
221,137,add_to_cart,2025-11-05 17:25:20.025115
308,222,add_to_cart,2025-07-13 17:25:20.025115
479,229,add_to_cart,2025-09-15 17:25:20.025115
286,294,purchase,2025-08-08 17:25:20.025115
185,119,click,2025-10-05 17:25:20.025115
207,99,click,2025-10-12 17:25:20.025115
466,159,add_to_cart,2025-07-20 17:25:20.025115
99,239,purchase,2025-07-26 17:25:20.025115
242,189,click,2025-08-02 17:25:20.025115
158,249,add_to_cart,2025-09-03 17:25:20.025115
98,26,click,2025-09-21 17:25:20.025115
42,189,purchase,2025-11-26 17:25:20.025115
139,140,add_to_cart,2025-09-30 17:25:20.025115
283,181,click,2025-09-17 17:25:20.025115
408,21,add_to_cart,2025-11-07 17:25:20.025115
227,163,add_to_cart,2025-08-03 17:25:20.025115
423,71,purchase,2025-07-10 17:25:20.025115
72,82,purchase,2025-07-07 17:25:20.025115
243,155,click,2025-09-19 17:25:20.025115
18,47,click,2025-09-18 17:25:20.025115
77,194,add_to_cart,2025-10-26 17:25:20.025115
45,224,purchase,2025-09-10 17:25:20.025115
472,237,click,2025-11-17 17:25:20.025115
371,280,click,2025-10-14 17:25:20.025115
343,10,click,2025-11-13 17:25:20.025115
140,152,click,2025-11-01 17:25:20.025115
177,104,add_to_cart,2025-12-10 17:25:20.025115
222,124,click,2025-11-09 17:25:20.025115
415,185,click,2025-12-14 17:25:20.025115
92,290,purchase,2025-09-01 17:25:20.025115
22,41,click,2025-10-20 17:25:20.025115
172,11,add_to_cart,2025-09-15 17:25:20.025115
92,218,click,2025-09-11 17:25:20.025115
192,1,add_to_cart,2025-08-21 17:25:20.025115
77,171,click,2025-06-20 17:25:20.025115
281,282,click,2025-09-16 17:25:20.025115
364,53,click,2025-07-02 17:25:20.025115
179,125,purchase,2025-07-19 17:25:20.025115
238,175,click,2025-09-28 17:25:20.025115
135,265,click,2025-06-28 17:25:20.025115
365,265,add_to_cart,2025-11-08 17:25:20.025115
390,199,click,2025-11-09 17:25:20.025115
280,256,purchase,2025-09-07 17:25:20.025115
19,172,click,2025-11-08 17:25:20.025115
83,59,click,2025-10-06 17:25:20.025115
228,106,click,2025-11-15 17:25:20.025115
371,125,click,2025-11-02 17:25:20.025115
265,16,click,2025-09-13 17:25:20.025115
112,38,click,2025-12-02 17:25:20.026115
251,243,click,2025-09-09 17:25:20.026115
164,210,purchase,2025-10-25 17:25:20.026115
358,285,add_to_cart,2025-09-20 17:25:20.026115
168,168,add_to_cart,2025-08-05 17:25:20.026115
221,264,click,2025-11-04 17:25:20.026115
408,98,add_to_cart,2025-09-13 17:25:20.026115
304,134,click,2025-12-09 17:25:20.026115
191,181,purchase,2025-11-28 17:25:20.026115
325,222,click,2025-11-02 17:25:20.026115
437,149,add_to_cart,2025-09-09 17:25:20.026115
438,244,add_to_cart,2025-10-14 17:25:20.026115
170,76,add_to_cart,2025-07-09 17:25:20.026115
375,262,purchase,2025-09-12 17:25:20.026115
45,231,click,2025-07-13 17:25:20.026115
381,191,add_to_cart,2025-08-06 17:25:20.026115
474,134,click,2025-07-26 17:25:20.026115
14,252,click,2025-12-14 17:25:20.026115
231,245,click,2025-08-14 17:25:20.026115
157,265,add_to_cart,2025-07-18 17:25:20.026115
500,4,click,2025-11-23 17:25:20.026115
134,37,click,2025-09-16 17:25:20.026115
391,71,click,2025-11-20 17:25:20.026115
37,262,add_to_cart,2025-07-07 17:25:20.026115
53,237,purchase,2025-07-28 17:25:20.026115
18,178,click,2025-07-01 17:25:20.026115
471,96,click,2025-08-22 17:25:20.026115
492,227,click,2025-06-20 17:25:20.026115
38,11,click,2025-12-06 17:25:20.026115
187,266,purchase,2025-07-02 17:25:20.026115
385,189,click,2025-09-17 17:25:20.026115
196,209,click,2025-08-06 17:25:20.026115
243,13,add_to_cart,2025-09-25 17:25:20.026115
300,162,click,2025-09-08 17:25:20.026115
303,60,add_to_cart,2025-08-27 17:25:20.026115
35,5,add_to_cart,2025-06-19 17:25:20.026115
215,202,click,2025-07-14 17:25:20.026115
219,12,click,2025-12-08 17:25:20.026115
316,240,click,2025-08-27 17:25:20.026115
90,225,click,2025-12-03 17:25:20.026115
308,182,click,2025-06-25 17:25:20.026115
252,297,purchase,2025-09-21 17:25:20.026115
8,178,add_to_cart,2025-11-10 17:25:20.026115
256,118,click,2025-06-28 17:25:20.026115
363,76,purchase,2025-09-13 17:25:20.026115
208,46,click,2025-07-06 17:25:20.026115
425,227,add_to_cart,2025-06-20 17:25:20.026115
131,294,click,2025-10-14 17:25:20.026115
224,240,click,2025-08-29 17:25:20.026115
197,141,add_to_cart,2025-10-09 17:25:20.026115
468,204,click,2025-07-28 17:25:20.026115
142,150,click,2025-06-24 17:25:20.026115
252,130,click,2025-08-04 17:25:20.026115
96,269,click,2025-07-23 17:25:20.026115
26,137,add_to_cart,2025-08-20 17:25:20.026115
111,116,add_to_cart,2025-12-08 17:25:20.026115
454,161,click,2025-06-30 17:25:20.026115
123,155,click,2025-10-16 17:25:20.026115
186,173,click,2025-07-21 17:25:20.026115
484,130,add_to_cart,2025-10-21 17:25:20.026115
168,79,click,2025-08-16 17:25:20.026115
51,57,add_to_cart,2025-09-11 17:25:20.026115
379,57,purchase,2025-08-08 17:25:20.026115
5,134,click,2025-09-02 17:25:20.026115
77,14,click,2025-07-09 17:25:20.026115
160,283,add_to_cart,2025-08-15 17:25:20.026115
208,294,click,2025-11-24 17:25:20.026115
257,147,click,2025-11-05 17:25:20.026115
205,127,add_to_cart,2025-08-29 17:25:20.026115
255,260,add_to_cart,2025-07-31 17:25:20.026115
438,218,click,2025-07-02 17:25:20.026115
11,233,click,2025-11-01 17:25:20.026115
437,168,click,2025-12-11 17:25:20.026115
8,143,purchase,2025-12-04 17:25:20.026115
409,260,purchase,2025-11-14 17:25:20.026115
424,218,add_to_cart,2025-08-18 17:25:20.026115
32,146,add_to_cart,2025-07-01 17:25:20.026115
472,99,click,2025-11-28 17:25:20.026115
28,182,click,2025-10-13 17:25:20.026115
206,169,click,2025-09-20 17:25:20.026115
493,233,add_to_cart,2025-08-09 17:25:20.026115
387,93,click,2025-08-21 17:25:20.026115
228,117,add_to_cart,2025-06-29 17:25:20.026115
128,4,add_to_cart,2025-09-25 17:25:20.026115
255,85,purchase,2025-09-13 17:25:20.026115
475,167,add_to_cart,2025-07-03 17:25:20.026115
212,7,click,2025-07-24 17:25:20.026115
239,232,click,2025-11-18 17:25:20.026115
207,251,click,2025-11-24 17:25:20.026115
318,85,click,2025-10-31 17:25:20.026115
283,193,click,2025-11-08 17:25:20.026115
245,123,click,2025-11-14 17:25:20.026115
45,89,purchase,2025-10-22 17:25:20.026115
105,95,click,2025-09-18 17:25:20.026115
348,300,add_to_cart,2025-08-26 17:25:20.026115
281,45,click,2025-08-01 17:25:20.026115
234,253,purchase,2025-06-21 17:25:20.026115
189,51,click,2025-11-09 17:25:20.026115
44,65,click,2025-10-12 17:25:20.026115
494,54,click,2025-09-14 17:25:20.026115
225,222,add_to_cart,2025-09-28 17:25:20.026115
430,72,click,2025-06-27 17:25:20.026115
142,168,add_to_cart,2025-10-17 17:25:20.026115
136,186,add_to_cart,2025-07-12 17:25:20.026115
176,143,click,2025-09-22 17:25:20.026115
142,19,click,2025-10-14 17:25:20.026115
449,10,add_to_cart,2025-10-01 17:25:20.026115
80,272,click,2025-11-20 17:25:20.026115
82,171,purchase,2025-11-01 17:25:20.026115
135,16,click,2025-09-12 17:25:20.026115
207,80,add_to_cart,2025-11-11 17:25:20.026115
344,284,add_to_cart,2025-09-29 17:25:20.026115
177,190,add_to_cart,2025-08-19 17:25:20.026115
383,148,click,2025-12-09 17:25:20.026115
243,163,purchase,2025-10-24 17:25:20.026115
55,265,add_to_cart,2025-11-05 17:25:20.026115
141,138,click,2025-12-12 17:25:20.026115
457,30,add_to_cart,2025-12-14 17:25:20.026115
440,168,click,2025-11-11 17:25:20.026115
56,91,purchase,2025-07-08 17:25:20.026115
15,91,purchase,2025-09-02 17:25:20.026115
185,211,click,2025-06-21 17:25:20.026115
314,300,click,2025-07-28 17:25:20.026115
419,174,purchase,2025-08-23 17:25:20.026115
88,134,click,2025-08-23 17:25:20.026115
97,24,purchase,2025-12-09 17:25:20.026115
144,201,add_to_cart,2025-08-14 17:25:20.026115
8,219,click,2025-11-07 17:25:20.026115
477,7,click,2025-08-27 17:25:20.026115
215,6,click,2025-09-16 17:25:20.026115
173,118,add_to_cart,2025-10-28 17:25:20.026115
223,161,click,2025-08-07 17:25:20.026115
40,85,click,2025-11-29 17:25:20.026115
497,248,purchase,2025-07-16 17:25:20.026115
182,166,click,2025-08-12 17:25:20.026115
270,145,click,2025-07-27 17:25:20.026115
187,31,click,2025-12-11 17:25:20.026115
245,220,click,2025-09-24 17:25:20.026115
478,133,click,2025-07-08 17:25:20.026115
309,64,click,2025-10-26 17:25:20.026115
231,76,click,2025-08-16 17:25:20.026115
383,131,click,2025-11-29 17:25:20.026115
155,38,add_to_cart,2025-08-12 17:25:20.026115
175,54,add_to_cart,2025-10-16 17:25:20.026115
336,130,click,2025-09-16 17:25:20.026115
115,218,click,2025-11-15 17:25:20.026115
390,2,click,2025-12-01 17:25:20.026115
311,246,click,2025-09-03 17:25:20.026115
481,140,click,2025-11-06 17:25:20.026115
300,296,purchase,2025-10-12 17:25:20.026115
18,258,click,2025-11-26 17:25:20.026115
272,105,click,2025-07-07 17:25:20.026115
12,185,add_to_cart,2025-10-12 17:25:20.026115
404,244,add_to_cart,2025-11-14 17:25:20.026115
301,164,purchase,2025-07-19 17:25:20.026115
192,132,click,2025-10-15 17:25:20.026115
232,203,click,2025-06-26 17:25:20.026115
443,210,click,2025-12-05 17:25:20.026115
93,101,click,2025-07-08 17:25:20.026115
478,271,click,2025-11-08 17:25:20.026115
218,49,purchase,2025-10-12 17:25:20.026115
278,239,add_to_cart,2025-11-08 17:25:20.026115
353,215,click,2025-12-03 17:25:20.026115
487,291,click,2025-06-23 17:25:20.026115
303,280,purchase,2025-11-22 17:25:20.026115
29,77,click,2025-11-10 17:25:20.026115
470,151,purchase,2025-07-21 17:25:20.026115
301,297,add_to_cart,2025-11-03 17:25:20.026115
77,157,purchase,2025-08-29 17:25:20.026115
9,198,purchase,2025-09-08 17:25:20.026115
24,287,click,2025-11-03 17:25:20.026115
15,24,add_to_cart,2025-09-23 17:25:20.026115
164,9,click,2025-09-03 17:25:20.026115
13,132,click,2025-08-23 17:25:20.026115
347,77,click,2025-10-31 17:25:20.026115
172,226,click,2025-10-15 17:25:20.026115
357,131,click,2025-08-24 17:25:20.026115
327,90,click,2025-09-02 17:25:20.026115
200,117,click,2025-07-15 17:25:20.026115
485,110,purchase,2025-11-17 17:25:20.026115
489,271,click,2025-06-30 17:25:20.026115
462,227,click,2025-12-01 17:25:20.027115
378,244,click,2025-08-16 17:25:20.027115
76,55,click,2025-09-06 17:25:20.027115
164,37,add_to_cart,2025-11-27 17:25:20.027115
372,55,add_to_cart,2025-08-18 17:25:20.027115
61,12,click,2025-09-26 17:25:20.027115
488,185,click,2025-09-11 17:25:20.027115
465,237,add_to_cart,2025-11-18 17:25:20.027115
424,293,click,2025-07-26 17:25:20.027115
245,204,click,2025-10-24 17:25:20.027115
477,211,add_to_cart,2025-11-04 17:25:20.027115
382,226,add_to_cart,2025-07-13 17:25:20.027115
155,7,click,2025-10-04 17:25:20.027115
257,220,click,2025-09-16 17:25:20.027115
244,28,add_to_cart,2025-11-27 17:25:20.027115
162,293,click,2025-09-30 17:25:20.027115
68,212,add_to_cart,2025-08-08 17:25:20.027115
344,189,click,2025-07-23 17:25:20.027115
277,75,click,2025-07-01 17:25:20.027115
161,242,click,2025-08-02 17:25:20.027115
391,114,purchase,2025-08-01 17:25:20.027115
449,167,add_to_cart,2025-08-22 17:25:20.027115
489,106,purchase,2025-07-20 17:25:20.027115
259,151,click,2025-09-15 17:25:20.027115
492,84,add_to_cart,2025-11-02 17:25:20.027115
307,212,purchase,2025-10-17 17:25:20.027115
335,267,click,2025-10-06 17:25:20.027115
95,269,purchase,2025-07-10 17:25:20.027115
438,177,purchase,2025-08-21 17:25:20.027115
464,271,purchase,2025-08-12 17:25:20.027115
458,182,purchase,2025-07-28 17:25:20.027115
246,159,add_to_cart,2025-11-01 17:25:20.027115
221,189,purchase,2025-12-14 17:25:20.027115
123,186,click,2025-07-07 17:25:20.027115
187,246,add_to_cart,2025-10-15 17:25:20.027115
262,42,click,2025-10-30 17:25:20.027115
413,285,add_to_cart,2025-12-14 17:25:20.027115
273,300,add_to_cart,2025-11-09 17:25:20.027115
373,294,add_to_cart,2025-09-27 17:25:20.027115
60,181,add_to_cart,2025-08-19 17:25:20.027115
406,182,click,2025-09-21 17:25:20.027115
408,218,click,2025-10-14 17:25:20.027115
125,163,click,2025-10-21 17:25:20.027115
337,46,click,2025-06-25 17:25:20.027115
341,92,add_to_cart,2025-10-14 17:25:20.027115
51,105,click,2025-12-08 17:25:20.027115
178,207,click,2025-08-21 17:25:20.027115
139,139,click,2025-06-28 17:25:20.027115
440,29,click,2025-09-17 17:25:20.027115
327,251,add_to_cart,2025-09-03 17:25:20.027115
170,191,add_to_cart,2025-11-23 17:25:20.027115
39,47,click,2025-07-25 17:25:20.027115
69,251,add_to_cart,2025-09-22 17:25:20.027115
236,263,click,2025-08-10 17:25:20.027115
48,64,add_to_cart,2025-09-03 17:25:20.027115
381,268,click,2025-06-19 17:25:20.027115
57,12,purchase,2025-09-14 17:25:20.027115
277,292,click,2025-11-09 17:25:20.027115
338,29,add_to_cart,2025-07-23 17:25:20.027115
99,139,click,2025-10-18 17:25:20.027115
404,85,click,2025-08-09 17:25:20.027115
15,74,click,2025-07-22 17:25:20.027115
325,251,click,2025-07-28 17:25:20.027115
461,224,add_to_cart,2025-11-13 17:25:20.027115
179,47,click,2025-11-24 17:25:20.027115
332,81,add_to_cart,2025-07-14 17:25:20.027115
62,121,add_to_cart,2025-06-21 17:25:20.027115
119,43,click,2025-08-23 17:25:20.027115
469,146,click,2025-10-05 17:25:20.027115
37,74,purchase,2025-10-27 17:25:20.027115
134,53,click,2025-10-11 17:25:20.027115
455,233,click,2025-09-24 17:25:20.027115
26,295,add_to_cart,2025-11-22 17:25:20.027115
490,200,click,2025-10-08 17:25:20.027115
496,162,click,2025-12-08 17:25:20.027115
8,37,click,2025-07-21 17:25:20.027115
457,97,purchase,2025-09-08 17:25:20.027115
475,49,click,2025-10-11 17:25:20.027115
4,10,purchase,2025-10-18 17:25:20.027115
21,40,click,2025-10-30 17:25:20.027115
415,153,click,2025-07-05 17:25:20.027115
149,106,purchase,2025-08-08 17:25:20.027115
488,41,click,2025-07-03 17:25:20.027115
25,164,click,2025-08-22 17:25:20.027115
487,258,click,2025-11-20 17:25:20.027115
143,211,purchase,2025-07-21 17:25:20.027115
245,202,click,2025-09-14 17:25:20.027115
419,195,add_to_cart,2025-08-16 17:25:20.027115
433,53,click,2025-12-12 17:25:20.027115
43,147,click,2025-10-12 17:25:20.027115
425,282,click,2025-07-27 17:25:20.027115
293,243,purchase,2025-11-11 17:25:20.027115
185,51,add_to_cart,2025-08-21 17:25:20.027115
42,114,add_to_cart,2025-09-22 17:25:20.027115
431,273,click,2025-10-25 17:25:20.027115
92,120,click,2025-11-23 17:25:20.027115
317,189,add_to_cart,2025-08-28 17:25:20.027115
398,46,add_to_cart,2025-11-26 17:25:20.027115
324,243,add_to_cart,2025-09-17 17:25:20.027115
53,50,click,2025-11-19 17:25:20.027115
84,11,purchase,2025-06-30 17:25:20.027115
34,48,click,2025-07-05 17:25:20.027115
76,56,click,2025-08-06 17:25:20.027115
353,8,purchase,2025-11-20 17:25:20.027115
408,14,add_to_cart,2025-08-30 17:25:20.027115
404,215,click,2025-11-06 17:25:20.027115
197,245,add_to_cart,2025-08-31 17:25:20.027115
486,54,click,2025-09-23 17:25:20.027115
286,273,click,2025-09-19 17:25:20.027115
88,131,add_to_cart,2025-10-04 17:25:20.027115
235,9,click,2025-09-25 17:25:20.027115
232,212,click,2025-09-01 17:25:20.027115
7,122,click,2025-09-13 17:25:20.027115
292,114,click,2025-12-13 17:25:20.027115
38,20,click,2025-11-17 17:25:20.027115
464,21,purchase,2025-12-09 17:25:20.027115
52,208,click,2025-07-16 17:25:20.027115
143,33,click,2025-07-17 17:25:20.027115
430,133,add_to_cart,2025-11-03 17:25:20.027115
407,191,add_to_cart,2025-12-10 17:25:20.027115
396,26,add_to_cart,2025-07-26 17:25:20.027115
221,89,click,2025-09-28 17:25:20.027115
428,92,click,2025-11-06 17:25:20.027115
240,33,purchase,2025-08-15 17:25:20.027115
143,238,click,2025-11-25 17:25:20.027115
349,18,click,2025-10-19 17:25:20.027115
493,274,add_to_cart,2025-08-29 17:25:20.027115
363,289,click,2025-09-11 17:25:20.027115
382,27,purchase,2025-11-14 17:25:20.027115
49,108,purchase,2025-12-04 17:25:20.027115
277,226,add_to_cart,2025-08-01 17:25:20.027115
271,19,add_to_cart,2025-11-26 17:25:20.027115
14,223,click,2025-07-26 17:25:20.027115
298,281,add_to_cart,2025-08-02 17:25:20.027115
492,104,add_to_cart,2025-11-25 17:25:20.027115
464,289,click,2025-11-01 17:25:20.027115
15,37,purchase,2025-08-17 17:25:20.027115
234,244,purchase,2025-11-06 17:25:20.027115
63,43,purchase,2025-09-13 17:25:20.027115
196,126,add_to_cart,2025-09-12 17:25:20.027115
27,9,click,2025-12-10 17:25:20.027115
471,14,click,2025-12-05 17:25:20.027115
93,131,click,2025-10-13 17:25:20.027115
105,184,click,2025-06-29 17:25:20.027115
309,282,click,2025-08-16 17:25:20.027115
52,53,click,2025-08-02 17:25:20.027115
319,41,add_to_cart,2025-10-22 17:25:20.027115
457,21,click,2025-08-12 17:25:20.027115
181,295,click,2025-11-07 17:25:20.027115
57,208,click,2025-06-20 17:25:20.027115
120,151,add_to_cart,2025-10-22 17:25:20.027115
308,69,purchase,2025-10-01 17:25:20.027115
363,27,add_to_cart,2025-08-07 17:25:20.027115
43,116,click,2025-06-28 17:25:20.027115
135,142,click,2025-06-26 17:25:20.027115
373,41,add_to_cart,2025-09-27 17:25:20.027115
426,106,click,2025-08-10 17:25:20.027115
260,74,purchase,2025-11-30 17:25:20.027115
197,60,click,2025-12-11 17:25:20.027115
133,298,click,2025-11-06 17:25:20.027115
459,122,click,2025-10-10 17:25:20.027115
255,203,add_to_cart,2025-06-26 17:25:20.027115
489,11,click,2025-08-07 17:25:20.027115
220,147,click,2025-07-10 17:25:20.027115
336,216,click,2025-11-22 17:25:20.027115
41,14,click,2025-11-17 17:25:20.027115
478,67,purchase,2025-08-12 17:25:20.027115
388,180,click,2025-11-13 17:25:20.027115
255,242,click,2025-06-20 17:25:20.027115
2,160,click,2025-09-27 17:25:20.027115
494,10,click,2025-09-10 17:25:20.027115
195,124,click,2025-11-16 17:25:20.027115
242,273,click,2025-10-16 17:25:20.027115
149,241,add_to_cart,2025-07-06 17:25:20.027115
198,143,purchase,2025-12-09 17:25:20.027115
299,167,click,2025-08-04 17:25:20.027115
245,57,add_to_cart,2025-07-26 17:25:20.027115
338,138,purchase,2025-09-11 17:25:20.027115
108,17,click,2025-10-11 17:25:20.027115
453,273,click,2025-09-22 17:25:20.027115
393,3,add_to_cart,2025-11-29 17:25:20.027115
212,243,add_to_cart,2025-11-27 17:25:20.027115
156,108,click,2025-12-02 17:25:20.028115
26,51,click,2025-10-28 17:25:20.028115
82,174,click,2025-10-26 17:25:20.028115
83,116,click,2025-11-12 17:25:20.028115
131,183,add_to_cart,2025-09-23 17:25:20.028115
329,154,add_to_cart,2025-07-20 17:25:20.028115
100,247,purchase,2025-06-23 17:25:20.028115
256,76,click,2025-10-10 17:25:20.028115
479,244,click,2025-10-19 17:25:20.028115
49,81,add_to_cart,2025-09-29 17:25:20.028115
401,229,click,2025-07-20 17:25:20.028115
63,72,add_to_cart,2025-11-19 17:25:20.028115
311,218,add_to_cart,2025-07-12 17:25:20.028115
407,243,add_to_cart,2025-08-01 17:25:20.028115
290,78,add_to_cart,2025-06-27 17:25:20.028115
105,158,add_to_cart,2025-07-13 17:25:20.028115
105,48,click,2025-07-03 17:25:20.028115
325,298,purchase,2025-12-01 17:25:20.028115
15,24,click,2025-12-01 17:25:20.028115
175,110,purchase,2025-07-11 17:25:20.028115
259,52,click,2025-11-14 17:25:20.028115
211,290,click,2025-11-06 17:25:20.028115
412,259,purchase,2025-10-01 17:25:20.028115
259,139,add_to_cart,2025-09-16 17:25:20.028115
102,275,add_to_cart,2025-12-14 17:25:20.028115
260,44,click,2025-11-24 17:25:20.028115
344,259,purchase,2025-07-15 17:25:20.028115
159,113,click,2025-07-01 17:25:20.028115
45,227,click,2025-08-02 17:25:20.028115
443,65,purchase,2025-11-10 17:25:20.028115
301,163,add_to_cart,2025-07-15 17:25:20.028115
251,164,click,2025-09-06 17:25:20.028115
331,166,click,2025-09-26 17:25:20.028115
165,39,add_to_cart,2025-08-17 17:25:20.028115
193,153,purchase,2025-08-03 17:25:20.028115
9,269,click,2025-08-09 17:25:20.028115
401,75,add_to_cart,2025-07-09 17:25:20.028115
374,257,add_to_cart,2025-09-24 17:25:20.028115
65,200,click,2025-12-07 17:25:20.028115
387,98,click,2025-10-18 17:25:20.028115
495,104,click,2025-06-27 17:25:20.028115
282,164,add_to_cart,2025-10-12 17:25:20.028115
181,113,click,2025-07-20 17:25:20.028115
415,103,add_to_cart,2025-08-12 17:25:20.028115
282,37,add_to_cart,2025-07-21 17:25:20.028115
279,106,add_to_cart,2025-06-22 17:25:20.028115
30,187,click,2025-08-10 17:25:20.028115
266,21,click,2025-11-13 17:25:20.028115
328,148,add_to_cart,2025-07-23 17:25:20.028115
492,129,add_to_cart,2025-06-30 17:25:20.028115
217,187,click,2025-07-24 17:25:20.028115
320,284,click,2025-08-18 17:25:20.028115
406,199,add_to_cart,2025-12-03 17:25:20.028115
399,235,click,2025-11-03 17:25:20.028115
379,108,add_to_cart,2025-08-25 17:25:20.028115
105,9,click,2025-10-04 17:25:20.028115
184,226,add_to_cart,2025-10-12 17:25:20.028115
330,209,click,2025-07-18 17:25:20.028115
148,245,add_to_cart,2025-11-06 17:25:20.028115
105,288,click,2025-07-07 17:25:20.028115
47,66,click,2025-11-10 17:25:20.028115
87,153,click,2025-06-21 17:25:20.028115
309,191,add_to_cart,2025-08-29 17:25:20.028115
437,218,click,2025-08-20 17:25:20.028115
129,154,click,2025-08-31 17:25:20.028115
258,277,purchase,2025-09-22 17:25:20.028115
314,82,click,2025-09-15 17:25:20.028115
147,221,click,2025-07-11 17:25:20.028115
446,280,add_to_cart,2025-11-06 17:25:20.028115
462,111,add_to_cart,2025-07-29 17:25:20.028115
72,92,click,2025-09-14 17:25:20.028115
486,12,add_to_cart,2025-08-09 17:25:20.028115
140,139,click,2025-11-30 17:25:20.028115
410,155,click,2025-09-10 17:25:20.028115
27,23,click,2025-10-27 17:25:20.028115
29,220,click,2025-11-03 17:25:20.028115
271,237,click,2025-09-20 17:25:20.028115
174,253,click,2025-08-05 17:25:20.028115
253,183,click,2025-07-20 17:25:20.028115
385,198,click,2025-10-12 17:25:20.028115
60,170,click,2025-09-12 17:25:20.028115
107,123,click,2025-09-25 17:25:20.028115
220,34,click,2025-07-20 17:25:20.028115
441,3,click,2025-10-06 17:25:20.028115
259,6,add_to_cart,2025-10-12 17:25:20.028115
371,102,add_to_cart,2025-11-23 17:25:20.028115
146,192,add_to_cart,2025-09-16 17:25:20.028115
52,13,add_to_cart,2025-08-08 17:25:20.028115
60,36,click,2025-07-07 17:25:20.028115
34,70,add_to_cart,2025-10-20 17:25:20.028115
96,289,add_to_cart,2025-11-30 17:25:20.028115
477,105,click,2025-09-03 17:25:20.028115
89,204,purchase,2025-09-23 17:25:20.028115
316,55,click,2025-06-23 17:25:20.028115
410,107,click,2025-11-21 17:25:20.028115
231,141,click,2025-07-09 17:25:20.028115
456,225,add_to_cart,2025-11-01 17:25:20.028115
275,36,purchase,2025-09-15 17:25:20.028115
246,133,purchase,2025-07-01 17:25:20.028115
111,25,click,2025-07-28 17:25:20.028115
234,37,add_to_cart,2025-12-11 17:25:20.028115
278,19,click,2025-07-24 17:25:20.028115
477,35,click,2025-10-06 17:25:20.028115
417,6,purchase,2025-07-31 17:25:20.028115
166,199,click,2025-11-11 17:25:20.028115
128,34,click,2025-07-18 17:25:20.028115
237,56,click,2025-07-25 17:25:20.028115
494,256,click,2025-10-25 17:25:20.028115
291,211,click,2025-07-14 17:25:20.028115
107,97,click,2025-07-26 17:25:20.028115
128,282,click,2025-12-10 17:25:20.028115
195,241,click,2025-09-04 17:25:20.028115
339,170,click,2025-11-22 17:25:20.028115
394,294,purchase,2025-09-20 17:25:20.028115
475,227,add_to_cart,2025-08-05 17:25:20.028115
143,127,add_to_cart,2025-09-21 17:25:20.028115
395,280,add_to_cart,2025-09-14 17:25:20.028115
111,21,click,2025-07-10 17:25:20.028115
90,246,add_to_cart,2025-11-11 17:25:20.028115
251,90,purchase,2025-09-09 17:25:20.028115
280,6,click,2025-07-22 17:25:20.028115
333,266,click,2025-11-12 17:25:20.028115
224,97,add_to_cart,2025-08-09 17:25:20.028115
101,150,click,2025-06-30 17:25:20.028115
132,80,purchase,2025-08-16 17:25:20.028115
13,17,add_to_cart,2025-10-24 17:25:20.028115
457,138,click,2025-08-12 17:25:20.028115
441,140,click,2025-07-01 17:25:20.028115
497,40,add_to_cart,2025-10-15 17:25:20.028115
98,168,click,2025-10-22 17:25:20.028115
120,74,purchase,2025-09-15 17:25:20.028115
293,74,click,2025-08-20 17:25:20.028115
304,50,purchase,2025-12-05 17:25:20.028115
199,10,click,2025-10-25 17:25:20.028115
1,103,add_to_cart,2025-11-20 17:25:20.028115
60,299,click,2025-10-03 17:25:20.028115
250,104,click,2025-09-20 17:25:20.028115
140,290,add_to_cart,2025-10-29 17:25:20.028115
149,280,click,2025-11-01 17:25:20.028115
395,142,click,2025-11-13 17:25:20.028115
44,297,click,2025-09-29 17:25:20.028115
371,170,click,2025-12-07 17:25:20.028115
186,13,click,2025-09-29 17:25:20.028115
108,157,add_to_cart,2025-09-02 17:25:20.028115
44,174,click,2025-12-14 17:25:20.028115
78,162,click,2025-08-18 17:25:20.028115
226,132,click,2025-08-22 17:25:20.028115
162,28,purchase,2025-12-02 17:25:20.028115
281,83,purchase,2025-07-05 17:25:20.028115
253,269,click,2025-11-11 17:25:20.028115
132,251,purchase,2025-10-13 17:25:20.028115
448,106,add_to_cart,2025-09-01 17:25:20.028115
372,261,click,2025-07-16 17:25:20.028115
375,14,click,2025-09-10 17:25:20.028115
474,80,click,2025-12-07 17:25:20.028115
144,160,click,2025-11-03 17:25:20.028115
266,178,add_to_cart,2025-12-06 17:25:20.028115
109,155,click,2025-11-13 17:25:20.028115
194,35,click,2025-08-01 17:25:20.028115
35,259,click,2025-10-23 17:25:20.028115
467,260,add_to_cart,2025-12-03 17:25:20.028115
390,135,click,2025-07-17 17:25:20.028115
275,131,click,2025-10-15 17:25:20.028115
187,81,purchase,2025-07-01 17:25:20.028115
437,59,click,2025-08-10 17:25:20.028115
500,74,click,2025-10-18 17:25:20.028115
243,239,add_to_cart,2025-10-21 17:25:20.028115
264,129,purchase,2025-10-13 17:25:20.028115
462,138,click,2025-10-17 17:25:20.028115
10,103,add_to_cart,2025-11-23 17:25:20.028115
451,9,purchase,2025-07-14 17:25:20.028115
166,232,click,2025-08-30 17:25:20.028115
29,99,click,2025-10-16 17:25:20.028115
271,218,add_to_cart,2025-11-02 17:25:20.028115
87,237,click,2025-10-20 17:25:20.028115
23,222,click,2025-11-03 17:25:20.028115
210,168,purchase,2025-10-15 17:25:20.028115
46,62,click,2025-07-15 17:25:20.028115
467,10,click,2025-09-14 17:25:20.028115
28,234,click,2025-08-26 17:25:20.028115
26,87,add_to_cart,2025-07-17 17:25:20.029115
266,267,click,2025-08-19 17:25:20.029115
175,204,add_to_cart,2025-10-03 17:25:20.029115
4,241,add_to_cart,2025-07-30 17:25:20.029115
311,56,click,2025-06-28 17:25:20.029115
322,110,purchase,2025-09-03 17:25:20.029115
67,49,purchase,2025-07-14 17:25:20.029115
135,243,click,2025-12-15 17:25:20.029115
55,16,click,2025-10-28 17:25:20.029115
464,73,click,2025-10-29 17:25:20.029115
31,202,click,2025-12-05 17:25:20.029115
74,93,click,2025-08-01 17:25:20.029115
19,137,click,2025-10-16 17:25:20.029115
156,33,click,2025-08-17 17:25:20.029115
337,88,click,2025-09-19 17:25:20.029115
156,203,click,2025-09-06 17:25:20.029115
147,39,click,2025-09-08 17:25:20.029115
485,114,click,2025-11-24 17:25:20.029115
87,247,click,2025-09-03 17:25:20.029115
20,208,purchase,2025-10-06 17:25:20.029115
269,297,click,2025-06-27 17:25:20.029115
333,211,purchase,2025-11-16 17:25:20.029115
43,59,click,2025-10-17 17:25:20.029115
395,156,add_to_cart,2025-10-22 17:25:20.029115
432,122,click,2025-08-11 17:25:20.029115
399,120,add_to_cart,2025-11-07 17:25:20.029115
401,297,click,2025-06-30 17:25:20.029115
438,62,purchase,2025-08-01 17:25:20.029115
306,158,click,2025-08-09 17:25:20.029115
28,40,click,2025-08-07 17:25:20.029115
467,242,click,2025-07-30 17:25:20.029115
260,40,add_to_cart,2025-08-06 17:25:20.029115
22,190,purchase,2025-07-08 17:25:20.029115
470,234,click,2025-07-08 17:25:20.029115
375,15,add_to_cart,2025-11-01 17:25:20.029115
101,124,add_to_cart,2025-07-21 17:25:20.029115
39,228,click,2025-07-04 17:25:20.029115
290,280,add_to_cart,2025-09-23 17:25:20.029115
353,48,click,2025-07-20 17:25:20.029115
300,189,click,2025-10-19 17:25:20.029115
170,47,add_to_cart,2025-10-26 17:25:20.029115
296,184,click,2025-10-06 17:25:20.029115
353,105,purchase,2025-07-25 17:25:20.029115
396,247,add_to_cart,2025-07-05 17:25:20.029115
130,264,purchase,2025-06-21 17:25:20.029115
156,206,click,2025-10-02 17:25:20.029115
74,18,click,2025-06-23 17:25:20.029115
342,251,click,2025-11-17 17:25:20.029115
465,238,purchase,2025-11-04 17:25:20.029115
90,66,click,2025-09-09 17:25:20.029115
67,150,click,2025-08-18 17:25:20.029115
455,193,click,2025-10-03 17:25:20.029115
236,147,click,2025-07-19 17:25:20.029115
200,183,click,2025-08-30 17:25:20.029115
468,106,click,2025-09-23 17:25:20.029115
332,236,click,2025-08-14 17:25:20.029115
227,126,purchase,2025-12-14 17:25:20.029115
465,179,add_to_cart,2025-08-02 17:25:20.029115
348,13,add_to_cart,2025-08-24 17:25:20.029115
233,231,click,2025-11-05 17:25:20.029115
266,28,add_to_cart,2025-08-10 17:25:20.029115
86,261,purchase,2025-09-18 17:25:20.029115
102,100,purchase,2025-07-30 17:25:20.029115
441,188,click,2025-11-22 17:25:20.029115
481,300,purchase,2025-07-15 17:25:20.029115
214,119,click,2025-11-11 17:25:20.029115
108,46,click,2025-08-05 17:25:20.029115
165,68,click,2025-07-26 17:25:20.029115
461,171,add_to_cart,2025-09-01 17:25:20.029115
91,196,click,2025-12-02 17:25:20.029115
192,20,click,2025-07-04 17:25:20.029115
335,111,add_to_cart,2025-11-28 17:25:20.029115
86,146,click,2025-09-03 17:25:20.029115
222,192,click,2025-06-25 17:25:20.029115
363,229,click,2025-10-09 17:25:20.029115
424,12,click,2025-10-20 17:25:20.029115
101,217,click,2025-11-06 17:25:20.029115
226,79,click,2025-06-26 17:25:20.029115
364,36,purchase,2025-07-25 17:25:20.029115
60,264,purchase,2025-08-26 17:25:20.029115
482,28,click,2025-10-15 17:25:20.029115
250,86,click,2025-11-23 17:25:20.029115
48,188,click,2025-09-24 17:25:20.029115
117,254,click,2025-09-03 17:25:20.029115
227,80,click,2025-10-26 17:25:20.029115
362,186,click,2025-12-15 17:25:20.029115
403,5,click,2025-09-30 17:25:20.029115
456,46,click,2025-06-26 17:25:20.029115
487,102,click,2025-12-12 17:25:20.029115
33,2,purchase,2025-10-22 17:25:20.029115
44,217,purchase,2025-09-18 17:25:20.029115
476,25,purchase,2025-07-31 17:25:20.029115
165,257,purchase,2025-08-31 17:25:20.029115
368,223,click,2025-11-16 17:25:20.029115
345,69,add_to_cart,2025-07-27 17:25:20.029115
292,197,click,2025-07-11 17:25:20.029115
337,272,purchase,2025-12-11 17:25:20.029115
344,182,add_to_cart,2025-12-01 17:25:20.029115
405,18,click,2025-07-24 17:25:20.029115
386,107,click,2025-10-29 17:25:20.029115
287,17,click,2025-09-10 17:25:20.029115
364,125,click,2025-11-21 17:25:20.029115
225,82,purchase,2025-11-27 17:25:20.029115
286,4,purchase,2025-10-18 17:25:20.029115
204,115,click,2025-07-02 17:25:20.029115
172,137,click,2025-08-11 17:25:20.029115
12,287,click,2025-12-11 17:25:20.029115
307,228,purchase,2025-07-01 17:25:20.029115
121,16,purchase,2025-09-07 17:25:20.029115
433,298,click,2025-08-04 17:25:20.029115
244,212,add_to_cart,2025-11-27 17:25:20.029115
152,246,add_to_cart,2025-10-09 17:25:20.029115
152,286,click,2025-11-22 17:25:20.029115
188,282,purchase,2025-09-17 17:25:20.029115
395,177,click,2025-07-22 17:25:20.029115
13,31,click,2025-10-18 17:25:20.029115
91,50,click,2025-10-16 17:25:20.029115
200,143,add_to_cart,2025-11-14 17:25:20.029115
74,52,click,2025-09-01 17:25:20.029115
256,233,add_to_cart,2025-11-01 17:25:20.029115
456,166,purchase,2025-07-06 17:25:20.029115
448,38,add_to_cart,2025-08-08 17:25:20.029115
276,20,add_to_cart,2025-11-01 17:25:20.029115
328,99,click,2025-07-08 17:25:20.029115
329,215,click,2025-11-23 17:25:20.029115
71,44,click,2025-09-01 17:25:20.029115
78,111,click,2025-07-05 17:25:20.029115
284,89,purchase,2025-10-08 17:25:20.029115
130,118,purchase,2025-08-01 17:25:20.029115
377,239,click,2025-08-17 17:25:20.029115
43,72,add_to_cart,2025-09-02 17:25:20.029115
8,163,add_to_cart,2025-09-19 17:25:20.029115
13,251,purchase,2025-10-28 17:25:20.029115
213,195,click,2025-11-20 17:25:20.029115
111,60,add_to_cart,2025-11-19 17:25:20.029115
476,98,click,2025-06-30 17:25:20.029115
291,73,click,2025-09-24 17:25:20.029115
23,222,click,2025-08-04 17:25:20.029115
302,119,click,2025-08-31 17:25:20.029115
254,182,click,2025-09-20 17:25:20.029115
15,218,click,2025-10-11 17:25:20.029115
130,256,add_to_cart,2025-10-16 17:25:20.029115
61,88,add_to_cart,2025-10-10 17:25:20.029115
115,275,purchase,2025-10-11 17:25:20.029115
460,26,click,2025-11-03 17:25:20.029115
320,121,purchase,2025-07-16 17:25:20.029115
308,289,add_to_cart,2025-08-31 17:25:20.029115
420,30,click,2025-10-15 17:25:20.029115
451,202,add_to_cart,2025-12-03 17:25:20.029115
325,36,add_to_cart,2025-09-24 17:25:20.029115
67,125,click,2025-11-22 17:25:20.029115
249,223,add_to_cart,2025-08-20 17:25:20.029115
175,235,add_to_cart,2025-09-10 17:25:20.029115
339,124,purchase,2025-09-30 17:25:20.029115
2,171,purchase,2025-09-12 17:25:20.029115
172,181,add_to_cart,2025-07-03 17:25:20.029115
485,215,add_to_cart,2025-12-08 17:25:20.029115
448,118,purchase,2025-10-19 17:25:20.029115
465,227,purchase,2025-07-11 17:25:20.029115
334,37,add_to_cart,2025-11-27 17:25:20.029115
284,96,add_to_cart,2025-11-16 17:25:20.029115
475,120,click,2025-10-22 17:25:20.029115
54,12,add_to_cart,2025-06-25 17:25:20.029115
458,122,click,2025-07-03 17:25:20.029115
67,35,click,2025-11-29 17:25:20.029115
420,251,click,2025-09-09 17:25:20.029115
102,67,click,2025-08-12 17:25:20.029115
120,38,click,2025-11-09 17:25:20.029115
191,280,purchase,2025-10-22 17:25:20.029115
409,230,add_to_cart,2025-08-22 17:25:20.029115
470,168,click,2025-08-04 17:25:20.029115
304,246,add_to_cart,2025-10-08 17:25:20.029115
423,79,purchase,2025-11-04 17:25:20.029115
47,114,click,2025-10-12 17:25:20.029115
222,217,click,2025-09-27 17:25:20.029115
21,200,click,2025-09-13 17:25:20.029115
158,242,purchase,2025-12-06 17:25:20.029115
348,13,click,2025-07-01 17:25:20.029115
159,207,purchase,2025-06-19 17:25:20.029115
377,262,click,2025-11-22 17:25:20.029115
372,97,click,2025-11-25 17:25:20.029115
410,71,click,2025-06-19 17:25:20.029115
235,230,click,2025-09-04 17:25:20.029115
150,300,add_to_cart,2025-09-28 17:25:20.029115
405,32,click,2025-08-05 17:25:20.029115
257,250,click,2025-07-05 17:25:20.029115
165,254,click,2025-08-23 17:25:20.029115
77,259,add_to_cart,2025-11-24 17:25:20.029115
85,182,add_to_cart,2025-08-02 17:25:20.029115
46,166,add_to_cart,2025-10-25 17:25:20.029115
393,4,purchase,2025-08-09 17:25:20.029115
401,145,click,2025-09-23 17:25:20.029115
47,165,click,2025-11-18 17:25:20.030178
213,105,click,2025-11-15 17:25:20.030178
479,36,click,2025-10-24 17:25:20.030178
487,169,click,2025-07-17 17:25:20.030178
59,8,purchase,2025-11-01 17:25:20.030178
54,86,add_to_cart,2025-08-03 17:25:20.030178
342,97,click,2025-08-08 17:25:20.030178
12,30,click,2025-10-14 17:25:20.030178
192,101,add_to_cart,2025-09-24 17:25:20.030178
6,67,purchase,2025-11-05 17:25:20.030178
309,63,click,2025-09-18 17:25:20.030178
144,32,click,2025-11-23 17:25:20.030178
346,87,purchase,2025-06-21 17:25:20.030178
261,211,purchase,2025-10-03 17:25:20.030178
73,51,click,2025-07-08 17:25:20.030178
174,63,click,2025-11-03 17:25:20.030178
232,80,click,2025-10-22 17:25:20.030178
270,232,purchase,2025-10-26 17:25:20.030178
428,101,click,2025-09-09 17:25:20.030178
447,129,purchase,2025-07-04 17:25:20.030178
362,19,click,2025-10-14 17:25:20.030178
222,94,add_to_cart,2025-10-10 17:25:20.030178
52,81,add_to_cart,2025-06-26 17:25:20.030178
116,103,click,2025-10-06 17:25:20.030178
26,154,click,2025-08-31 17:25:20.030178
53,269,click,2025-06-22 17:25:20.030178
365,118,add_to_cart,2025-08-09 17:25:20.030178
29,279,click,2025-07-05 17:25:20.030178
19,225,add_to_cart,2025-06-30 17:25:20.030178
303,268,add_to_cart,2025-09-13 17:25:20.030178
392,137,click,2025-06-21 17:25:20.030178
279,226,purchase,2025-09-11 17:25:20.030178
117,229,add_to_cart,2025-06-22 17:25:20.030178
106,108,add_to_cart,2025-10-30 17:25:20.030178
419,300,click,2025-08-11 17:25:20.030178
479,7,add_to_cart,2025-12-06 17:25:20.030178
309,128,click,2025-11-02 17:25:20.030178
227,267,purchase,2025-11-02 17:25:20.030178
352,173,click,2025-08-29 17:25:20.030178
186,214,add_to_cart,2025-12-12 17:25:20.030178
261,247,add_to_cart,2025-10-13 17:25:20.030178
16,106,click,2025-07-21 17:25:20.030178
273,83,click,2025-10-23 17:25:20.030178
160,292,click,2025-08-23 17:25:20.030178
358,203,click,2025-06-30 17:25:20.030178
250,41,purchase,2025-11-16 17:25:20.030178
224,205,purchase,2025-10-06 17:25:20.030178
256,49,click,2025-06-30 17:25:20.030178
180,143,click,2025-09-13 17:25:20.030178
20,141,purchase,2025-08-02 17:25:20.030178
112,53,click,2025-09-22 17:25:20.030178
120,107,purchase,2025-08-29 17:25:20.030178
194,33,click,2025-10-06 17:25:20.030178
468,200,add_to_cart,2025-07-09 17:25:20.030178
111,119,click,2025-11-06 17:25:20.030178
210,288,click,2025-07-14 17:25:20.030178
1,229,click,2025-07-02 17:25:20.030178
58,118,add_to_cart,2025-08-15 17:25:20.030178
93,176,click,2025-11-13 17:25:20.030178
221,185,add_to_cart,2025-10-11 17:25:20.030178
211,215,click,2025-09-02 17:25:20.030178
428,221,click,2025-09-28 17:25:20.030178
232,130,click,2025-12-03 17:25:20.030178
262,272,click,2025-09-11 17:25:20.030178
364,246,click,2025-11-17 17:25:20.030178
103,123,click,2025-10-09 17:25:20.030178
50,8,add_to_cart,2025-07-31 17:25:20.030178
374,67,purchase,2025-09-07 17:25:20.030178
110,115,add_to_cart,2025-10-01 17:25:20.030178
456,288,click,2025-08-10 17:25:20.030178
88,105,click,2025-07-14 17:25:20.030178
20,25,click,2025-09-08 17:25:20.030178
14,53,click,2025-09-03 17:25:20.030178
133,247,click,2025-10-07 17:25:20.030178
425,281,click,2025-11-01 17:25:20.030178
296,33,click,2025-06-21 17:25:20.030178
34,287,click,2025-06-23 17:25:20.030178
380,36,click,2025-06-28 17:25:20.030178
208,239,click,2025-12-02 17:25:20.030178
301,217,click,2025-09-10 17:25:20.030178
199,177,add_to_cart,2025-06-27 17:25:20.030178
80,44,click,2025-07-13 17:25:20.030178
71,158,click,2025-07-03 17:25:20.030178
155,269,click,2025-10-02 17:25:20.030178
78,171,click,2025-11-13 17:25:20.030178
78,221,add_to_cart,2025-07-19 17:25:20.030178
172,230,click,2025-07-28 17:25:20.030178
289,91,click,2025-09-14 17:25:20.030178
33,131,add_to_cart,2025-08-04 17:25:20.030178
300,226,click,2025-09-01 17:25:20.030178
276,225,purchase,2025-11-03 17:25:20.030178
367,143,purchase,2025-11-18 17:25:20.030178
420,66,click,2025-10-19 17:25:20.030178
7,28,click,2025-12-01 17:25:20.030178
160,125,add_to_cart,2025-07-17 17:25:20.030178
240,212,purchase,2025-08-31 17:25:20.030178
451,80,add_to_cart,2025-08-24 17:25:20.030178
423,238,click,2025-09-17 17:25:20.030178
477,132,click,2025-11-20 17:25:20.030178
24,300,add_to_cart,2025-08-28 17:25:20.030178
214,119,click,2025-09-12 17:25:20.030178
70,46,click,2025-08-09 17:25:20.030178
368,84,add_to_cart,2025-09-25 17:25:20.030178
216,282,click,2025-10-31 17:25:20.030178
104,13,purchase,2025-12-15 17:25:20.030178
215,125,purchase,2025-10-26 17:25:20.030178
54,172,click,2025-07-05 17:25:20.030178
294,234,add_to_cart,2025-10-08 17:25:20.030178
330,181,add_to_cart,2025-10-08 17:25:20.030178
336,51,click,2025-08-10 17:25:20.030178
203,269,click,2025-10-11 17:25:20.030178
288,169,click,2025-09-08 17:25:20.030178
45,288,purchase,2025-11-16 17:25:20.030178
317,274,click,2025-08-02 17:25:20.030178
198,207,click,2025-12-14 17:25:20.030178
216,148,click,2025-09-07 17:25:20.030178
481,300,click,2025-09-04 17:25:20.030178
309,37,click,2025-11-21 17:25:20.030178
384,161,click,2025-07-22 17:25:20.030178
435,275,click,2025-10-06 17:25:20.030178
332,288,click,2025-09-03 17:25:20.030178
184,106,add_to_cart,2025-12-02 17:25:20.030178
27,22,add_to_cart,2025-08-06 17:25:20.030178
166,233,click,2025-06-25 17:25:20.030178
318,122,add_to_cart,2025-11-13 17:25:20.030178
274,129,click,2025-11-09 17:25:20.030178
383,217,click,2025-08-31 17:25:20.030178
365,148,click,2025-11-16 17:25:20.030178
103,58,click,2025-07-14 17:25:20.030178
448,237,click,2025-08-18 17:25:20.030178
333,70,click,2025-12-03 17:25:20.030178
373,189,click,2025-09-25 17:25:20.030178
104,242,click,2025-11-08 17:25:20.030178
414,63,click,2025-06-19 17:25:20.030178
245,241,purchase,2025-10-04 17:25:20.030178
305,185,click,2025-09-20 17:25:20.030178
169,259,purchase,2025-09-12 17:25:20.030178
116,229,click,2025-10-11 17:25:20.030178
141,223,click,2025-07-01 17:25:20.030178
418,99,purchase,2025-07-03 17:25:20.030178
356,247,purchase,2025-11-05 17:25:20.030178
478,45,click,2025-08-05 17:25:20.030178
125,273,click,2025-10-21 17:25:20.030178
25,5,click,2025-10-28 17:25:20.030178
194,11,add_to_cart,2025-09-11 17:25:20.030178
384,39,click,2025-07-02 17:25:20.030178
100,42,add_to_cart,2025-10-22 17:25:20.030178
402,203,add_to_cart,2025-12-13 17:25:20.030178
5,94,click,2025-08-02 17:25:20.030178
19,5,add_to_cart,2025-10-04 17:25:20.030178
170,52,add_to_cart,2025-11-30 17:25:20.030178
274,150,click,2025-11-20 17:25:20.030178
254,205,click,2025-07-09 17:25:20.030178
121,300,add_to_cart,2025-09-25 17:25:20.030178
32,187,click,2025-12-08 17:25:20.030178
149,153,add_to_cart,2025-09-04 17:25:20.030178
266,116,click,2025-08-21 17:25:20.030178
37,149,click,2025-10-17 17:25:20.030178
177,220,purchase,2025-12-04 17:25:20.030178
342,192,click,2025-07-07 17:25:20.030178
13,233,click,2025-08-17 17:25:20.030178
183,221,add_to_cart,2025-07-11 17:25:20.030178
145,47,add_to_cart,2025-11-02 17:25:20.030178
265,127,click,2025-07-03 17:25:20.030178
88,291,purchase,2025-07-16 17:25:20.030178
428,215,click,2025-07-17 17:25:20.030178
462,7,add_to_cart,2025-09-10 17:25:20.030178
46,184,click,2025-08-01 17:25:20.030178
392,116,click,2025-09-23 17:25:20.030178
119,52,add_to_cart,2025-10-29 17:25:20.030178
421,46,add_to_cart,2025-10-25 17:25:20.030178
19,23,add_to_cart,2025-11-10 17:25:20.030178
447,131,click,2025-09-02 17:25:20.030178
220,127,purchase,2025-07-21 17:25:20.030178
430,265,click,2025-09-03 17:25:20.030178
233,196,click,2025-06-21 17:25:20.030178
94,48,purchase,2025-12-04 17:25:20.030178
455,82,click,2025-08-03 17:25:20.030178
251,109,click,2025-07-01 17:25:20.030178
250,263,purchase,2025-11-04 17:25:20.030178
282,31,purchase,2025-09-14 17:25:20.030178
232,56,add_to_cart,2025-09-21 17:25:20.030178
46,189,click,2025-10-10 17:25:20.030178
374,5,click,2025-06-21 17:25:20.030178
46,286,click,2025-06-30 17:25:20.030178
459,278,click,2025-07-17 17:25:20.030178
14,145,click,2025-12-03 17:25:20.030178
85,196,click,2025-08-20 17:25:20.030178
319,27,click,2025-07-07 17:25:20.030178
328,127,click,2025-09-04 17:25:20.030178
3,135,add_to_cart,2025-08-07 17:25:20.030178
28,23,click,2025-09-11 17:25:20.030178
381,117,purchase,2025-08-07 17:25:20.030178
157,8,click,2025-07-17 17:25:20.030178
343,101,click,2025-11-11 17:25:20.030178
402,261,click,2025-11-26 17:25:20.030178
419,199,click,2025-09-02 17:25:20.030178
333,86,click,2025-06-27 17:25:20.030178
332,228,add_to_cart,2025-10-01 17:25:20.030178
175,179,click,2025-10-29 17:25:20.030178
114,240,purchase,2025-11-03 17:25:20.030178
389,12,add_to_cart,2025-09-26 17:25:20.030178
487,234,click,2025-10-09 17:25:20.030178
331,183,click,2025-07-15 17:25:20.030178
250,282,add_to_cart,2025-07-10 17:25:20.030178
59,190,add_to_cart,2025-10-21 17:25:20.030178
203,215,purchase,2025-08-11 17:25:20.030178
315,258,add_to_cart,2025-10-24 17:25:20.030178
239,26,click,2025-11-12 17:25:20.030178
234,270,click,2025-10-31 17:25:20.030178
303,82,add_to_cart,2025-09-23 17:25:20.030178
95,185,click,2025-10-03 17:25:20.030178
479,288,click,2025-10-27 17:25:20.030178
141,62,add_to_cart,2025-12-05 17:25:20.030178
334,30,click,2025-08-23 17:25:20.030178
113,31,click,2025-09-21 17:25:20.030178
109,293,add_to_cart,2025-10-02 17:25:20.030178
362,173,click,2025-07-23 17:25:20.030178
345,102,add_to_cart,2025-07-10 17:25:20.030178
289,128,add_to_cart,2025-10-15 17:25:20.030178
97,86,click,2025-11-23 17:25:20.030178
446,28,click,2025-09-03 17:25:20.030178
335,122,add_to_cart,2025-10-15 17:25:20.030178
16,251,click,2025-10-03 17:25:20.030178
44,61,click,2025-11-29 17:25:20.030178
442,171,purchase,2025-08-12 17:25:20.030178
376,272,add_to_cart,2025-11-05 17:25:20.030178
230,300,click,2025-08-29 17:25:20.030178
390,113,click,2025-12-08 17:25:20.030178
108,194,purchase,2025-07-10 17:25:20.030178
217,19,add_to_cart,2025-10-28 17:25:20.030178
399,93,click,2025-08-26 17:25:20.030178
260,217,add_to_cart,2025-06-23 17:25:20.030178
312,179,click,2025-09-01 17:25:20.030178
320,191,click,2025-06-21 17:25:20.030178
196,163,click,2025-10-22 17:25:20.030178
478,100,click,2025-08-01 17:25:20.030178
418,187,add_to_cart,2025-11-14 17:25:20.030178
475,295,click,2025-09-20 17:25:20.031496
95,67,add_to_cart,2025-09-11 17:25:20.031496
56,73,click,2025-10-20 17:25:20.031496
32,232,click,2025-09-07 17:25:20.031496
492,189,click,2025-12-11 17:25:20.031496
231,50,click,2025-08-19 17:25:20.031496
372,124,click,2025-08-26 17:25:20.031496
9,157,click,2025-06-21 17:25:20.031496
191,261,add_to_cart,2025-09-12 17:25:20.031496
361,195,add_to_cart,2025-10-14 17:25:20.031496
200,256,add_to_cart,2025-08-23 17:25:20.031496
334,200,add_to_cart,2025-08-01 17:25:20.031496
161,68,add_to_cart,2025-09-08 17:25:20.031496
87,80,click,2025-11-20 17:25:20.031496
21,233,purchase,2025-11-12 17:25:20.031496
311,186,click,2025-09-26 17:25:20.031496
76,105,add_to_cart,2025-12-10 17:25:20.031496
441,142,add_to_cart,2025-10-15 17:25:20.031496
386,272,click,2025-09-12 17:25:20.031496
141,124,purchase,2025-10-02 17:25:20.031496
126,223,click,2025-06-30 17:25:20.031496
251,174,click,2025-10-23 17:25:20.031496
388,191,click,2025-07-05 17:25:20.031496
84,140,click,2025-09-16 17:25:20.031496
434,297,add_to_cart,2025-09-23 17:25:20.031496
371,119,click,2025-08-25 17:25:20.031496
48,275,purchase,2025-09-23 17:25:20.031496
379,76,add_to_cart,2025-08-08 17:25:20.031496
78,109,click,2025-09-06 17:25:20.031496
30,119,click,2025-11-19 17:25:20.031496
285,258,click,2025-11-28 17:25:20.031496
136,20,purchase,2025-08-14 17:25:20.031496
140,119,add_to_cart,2025-12-05 17:25:20.031496
41,137,click,2025-06-27 17:25:20.031496
486,277,click,2025-12-12 17:25:20.031496
282,255,click,2025-09-04 17:25:20.031496
50,264,click,2025-09-24 17:25:20.031496
258,167,add_to_cart,2025-11-03 17:25:20.031496
311,165,add_to_cart,2025-11-07 17:25:20.031496
360,29,click,2025-10-18 17:25:20.031496
440,35,purchase,2025-07-16 17:25:20.031496
270,237,click,2025-09-28 17:25:20.031496
134,294,click,2025-09-23 17:25:20.031496
234,90,add_to_cart,2025-09-26 17:25:20.031496
128,203,click,2025-10-22 17:25:20.031496
104,228,click,2025-10-12 17:25:20.031496
254,68,click,2025-09-14 17:25:20.031496
95,131,click,2025-08-30 17:25:20.031496
337,111,click,2025-09-24 17:25:20.031496
217,12,add_to_cart,2025-09-13 17:25:20.031496
61,288,click,2025-07-16 17:25:20.031496
480,175,click,2025-11-09 17:25:20.031496
268,154,click,2025-08-16 17:25:20.031496
241,43,click,2025-10-02 17:25:20.031496
13,205,click,2025-09-25 17:25:20.031496
147,172,purchase,2025-10-23 17:25:20.031496
428,294,add_to_cart,2025-10-04 17:25:20.031496
240,285,click,2025-07-13 17:25:20.031496
89,52,add_to_cart,2025-09-16 17:25:20.031496
95,115,click,2025-08-28 17:25:20.031496
315,19,click,2025-10-25 17:25:20.031496
293,35,add_to_cart,2025-11-08 17:25:20.031496
25,48,add_to_cart,2025-11-02 17:25:20.031496
272,233,click,2025-09-20 17:25:20.031496
166,219,click,2025-10-15 17:25:20.031496
427,110,click,2025-10-09 17:25:20.031496
497,254,click,2025-07-03 17:25:20.031496
250,188,click,2025-06-21 17:25:20.031496
87,31,add_to_cart,2025-10-16 17:25:20.031496
142,259,click,2025-11-18 17:25:20.031496
134,163,click,2025-10-07 17:25:20.031496
473,71,click,2025-09-10 17:25:20.031496
279,56,add_to_cart,2025-11-15 17:25:20.031496
126,99,click,2025-08-11 17:25:20.031496
316,21,click,2025-07-31 17:25:20.031496
491,108,click,2025-07-29 17:25:20.031496
396,53,add_to_cart,2025-12-09 17:25:20.031496
141,6,click,2025-09-19 17:25:20.031496
356,231,click,2025-07-13 17:25:20.031496
103,82,click,2025-10-02 17:25:20.031496
226,217,click,2025-11-26 17:25:20.031496
390,47,click,2025-08-18 17:25:20.031496
63,241,click,2025-10-12 17:25:20.031496
294,178,click,2025-07-14 17:25:20.031496
384,82,add_to_cart,2025-07-25 17:25:20.031496
306,287,click,2025-07-05 17:25:20.031496
254,192,add_to_cart,2025-10-07 17:25:20.031496
180,143,click,2025-07-31 17:25:20.031496
40,279,purchase,2025-11-02 17:25:20.031496
264,41,purchase,2025-07-22 17:25:20.031496
189,271,add_to_cart,2025-09-17 17:25:20.031496
8,87,purchase,2025-10-03 17:25:20.031496
104,3,click,2025-11-13 17:25:20.031496
225,211,add_to_cart,2025-07-04 17:25:20.031496
34,1,click,2025-08-25 17:25:20.031496
236,75,add_to_cart,2025-07-28 17:25:20.031496
463,231,click,2025-09-05 17:25:20.031496
228,76,click,2025-09-13 17:25:20.031496
188,260,purchase,2025-09-19 17:25:20.031496
313,25,click,2025-09-09 17:25:20.031496
483,200,add_to_cart,2025-11-09 17:25:20.031496
430,94,add_to_cart,2025-11-27 17:25:20.031496
22,108,click,2025-10-11 17:25:20.031496
343,95,click,2025-11-16 17:25:20.031496
40,91,click,2025-07-09 17:25:20.031496
173,44,purchase,2025-07-08 17:25:20.031496
439,23,purchase,2025-07-01 17:25:20.031496
179,190,add_to_cart,2025-07-26 17:25:20.031496
86,23,add_to_cart,2025-09-07 17:25:20.031496
133,234,click,2025-08-30 17:25:20.031496
351,186,click,2025-09-27 17:25:20.031496
13,63,click,2025-09-22 17:25:20.031496
28,103,click,2025-09-09 17:25:20.031496
84,189,click,2025-09-03 17:25:20.031496
481,189,click,2025-08-20 17:25:20.031496
464,69,add_to_cart,2025-11-08 17:25:20.031496
318,114,click,2025-08-02 17:25:20.031496
349,104,click,2025-10-01 17:25:20.031496
343,108,click,2025-11-07 17:25:20.031496
280,21,add_to_cart,2025-10-17 17:25:20.031496
354,266,click,2025-08-29 17:25:20.031496
263,209,click,2025-10-21 17:25:20.031496
166,170,add_to_cart,2025-11-28 17:25:20.031496
293,194,click,2025-08-15 17:25:20.031496
68,123,click,2025-06-23 17:25:20.031496
226,177,add_to_cart,2025-09-03 17:25:20.031496
170,4,click,2025-07-20 17:25:20.031496
86,188,click,2025-07-29 17:25:20.031496
133,29,click,2025-12-10 17:25:20.031496
448,86,click,2025-07-10 17:25:20.031496
178,47,click,2025-09-09 17:25:20.031496
490,77,click,2025-10-06 17:25:20.031496
343,191,purchase,2025-08-11 17:25:20.031496
252,31,click,2025-10-16 17:25:20.031496
15,169,click,2025-08-20 17:25:20.031496
223,36,click,2025-10-09 17:25:20.031496
379,245,purchase,2025-10-16 17:25:20.031496
201,188,add_to_cart,2025-08-22 17:25:20.031496
107,15,click,2025-08-26 17:25:20.031496
250,216,click,2025-11-29 17:25:20.031496
437,158,click,2025-07-12 17:25:20.031496
409,155,click,2025-10-10 17:25:20.031496
89,241,click,2025-10-18 17:25:20.031496
125,296,click,2025-12-13 17:25:20.031496
113,45,click,2025-08-28 17:25:20.031496
469,175,click,2025-09-04 17:25:20.031496
137,56,click,2025-07-14 17:25:20.031496
247,54,click,2025-12-15 17:25:20.031496
496,265,click,2025-09-28 17:25:20.031496
166,239,purchase,2025-09-29 17:25:20.031496
150,108,add_to_cart,2025-08-06 17:25:20.031496
363,198,purchase,2025-12-12 17:25:20.031496
343,214,click,2025-08-14 17:25:20.031496
433,246,click,2025-11-13 17:25:20.031496
68,38,add_to_cart,2025-12-05 17:25:20.031496
221,173,click,2025-07-15 17:25:20.031496
271,105,click,2025-09-19 17:25:20.031496
321,40,click,2025-08-27 17:25:20.031496
310,130,click,2025-07-15 17:25:20.031496
414,181,add_to_cart,2025-07-14 17:25:20.031496
349,194,add_to_cart,2025-09-05 17:25:20.031496
20,289,purchase,2025-12-14 17:25:20.031496
289,59,purchase,2025-12-07 17:25:20.031496
489,26,click,2025-10-05 17:25:20.031496
492,103,click,2025-09-03 17:25:20.031496
100,21,click,2025-08-22 17:25:20.031496
252,80,click,2025-10-13 17:25:20.031496
470,199,click,2025-08-23 17:25:20.031496
77,37,click,2025-10-12 17:25:20.031496
135,14,click,2025-11-25 17:25:20.031496
392,221,add_to_cart,2025-07-15 17:25:20.031496
412,166,click,2025-07-26 17:25:20.031496
173,173,click,2025-06-28 17:25:20.031496
363,150,click,2025-07-02 17:25:20.031496
201,172,add_to_cart,2025-11-30 17:25:20.031496
217,81,add_to_cart,2025-11-11 17:25:20.031496
376,225,click,2025-11-23 17:25:20.031496
208,35,purchase,2025-07-29 17:25:20.031496
74,188,click,2025-10-25 17:25:20.031496
11,224,add_to_cart,2025-11-27 17:25:20.031496
287,131,click,2025-09-09 17:25:20.031496
256,9,click,2025-08-02 17:25:20.031496
12,69,click,2025-08-23 17:25:20.031496
380,28,click,2025-09-20 17:25:20.031496
479,234,purchase,2025-07-30 17:25:20.031496
78,31,add_to_cart,2025-08-15 17:25:20.031496
435,232,click,2025-11-03 17:25:20.031496
172,54,click,2025-09-09 17:25:20.031496
96,175,click,2025-10-08 17:25:20.031496
306,298,click,2025-07-04 17:25:20.031496
373,279,purchase,2025-07-16 17:25:20.032541
273,86,click,2025-07-17 17:25:20.032541
419,65,click,2025-09-01 17:25:20.032541
385,89,purchase,2025-11-12 17:25:20.032541
413,54,click,2025-09-25 17:25:20.032541
179,118,click,2025-07-29 17:25:20.032541
64,229,click,2025-06-29 17:25:20.032541
132,267,click,2025-09-04 17:25:20.032541
343,22,click,2025-09-28 17:25:20.032541
412,247,click,2025-08-27 17:25:20.032541
272,20,add_to_cart,2025-12-04 17:25:20.032541
319,184,add_to_cart,2025-07-12 17:25:20.032541
332,50,add_to_cart,2025-07-21 17:25:20.032541
437,90,purchase,2025-09-28 17:25:20.032541
341,104,click,2025-08-07 17:25:20.032541
109,194,click,2025-09-27 17:25:20.032541
273,74,add_to_cart,2025-10-16 17:25:20.032541
168,269,click,2025-10-06 17:25:20.032541
397,15,click,2025-07-19 17:25:20.032541
180,283,click,2025-10-04 17:25:20.032541
58,198,add_to_cart,2025-11-29 17:25:20.032541
480,195,click,2025-09-10 17:25:20.032541
421,36,click,2025-12-14 17:25:20.032541
498,205,click,2025-12-09 17:25:20.032541
79,139,add_to_cart,2025-12-02 17:25:20.032541
460,264,click,2025-12-12 17:25:20.032541
61,57,click,2025-06-26 17:25:20.032541
369,110,add_to_cart,2025-12-06 17:25:20.032541
121,174,add_to_cart,2025-11-01 17:25:20.032541
207,206,click,2025-11-02 17:25:20.032541
34,225,click,2025-07-23 17:25:20.032541
70,64,click,2025-12-05 17:25:20.032541
17,252,purchase,2025-08-09 17:25:20.032541
496,267,click,2025-10-24 17:25:20.032541
497,93,click,2025-09-11 17:25:20.032541
20,183,click,2025-11-13 17:25:20.032541
457,300,add_to_cart,2025-08-03 17:25:20.032541
315,214,add_to_cart,2025-09-24 17:25:20.032541
69,142,click,2025-11-21 17:25:20.032541
215,83,click,2025-06-22 17:25:20.032541
161,99,purchase,2025-10-03 17:25:20.032541
102,281,add_to_cart,2025-08-06 17:25:20.032541
376,102,purchase,2025-07-17 17:25:20.032541
206,71,add_to_cart,2025-06-25 17:25:20.032541
145,266,click,2025-08-17 17:25:20.032541
57,130,click,2025-07-29 17:25:20.032541
83,60,add_to_cart,2025-09-23 17:25:20.032541
481,119,click,2025-10-15 17:25:20.032541
385,263,click,2025-10-15 17:25:20.032541
269,21,click,2025-10-01 17:25:20.032541
494,97,purchase,2025-07-03 17:25:20.032541
411,1,click,2025-07-24 17:25:20.032541
454,203,click,2025-12-06 17:25:20.032541
187,128,add_to_cart,2025-06-28 17:25:20.032541
6,132,purchase,2025-11-13 17:25:20.032541
353,34,purchase,2025-11-09 17:25:20.032541
350,87,click,2025-08-18 17:25:20.032541
110,32,click,2025-07-13 17:25:20.032541
483,259,click,2025-06-25 17:25:20.032541
407,33,purchase,2025-08-29 17:25:20.032541
138,286,click,2025-08-08 17:25:20.032541
51,49,add_to_cart,2025-08-14 17:25:20.032541
403,286,click,2025-06-25 17:25:20.032541
51,82,click,2025-07-03 17:25:20.032541
476,144,click,2025-11-08 17:25:20.032541
87,280,add_to_cart,2025-11-25 17:25:20.032541
68,92,purchase,2025-07-18 17:25:20.032541
84,224,add_to_cart,2025-07-08 17:25:20.032541
467,217,click,2025-11-03 17:25:20.032541
42,156,add_to_cart,2025-08-20 17:25:20.032541
219,277,add_to_cart,2025-09-13 17:25:20.032541
57,8,click,2025-10-09 17:25:20.032541
226,36,purchase,2025-10-13 17:25:20.032541
196,124,click,2025-08-13 17:25:20.032541
248,9,purchase,2025-11-09 17:25:20.032541
166,40,add_to_cart,2025-09-28 17:25:20.032541
62,179,click,2025-09-03 17:25:20.032541
263,129,click,2025-07-18 17:25:20.032541
112,68,click,2025-10-04 17:25:20.032541
253,154,click,2025-11-12 17:25:20.032541
199,3,click,2025-08-31 17:25:20.032541
178,265,add_to_cart,2025-07-07 17:25:20.032541
436,4,click,2025-07-14 17:25:20.032541
26,262,click,2025-12-12 17:25:20.032541
410,282,purchase,2025-09-26 17:25:20.032541
246,85,click,2025-09-07 17:25:20.032541
19,35,purchase,2025-09-13 17:25:20.032541
265,114,click,2025-10-14 17:25:20.032541
317,59,add_to_cart,2025-09-29 17:25:20.032541
20,38,click,2025-07-27 17:25:20.032541
106,33,add_to_cart,2025-11-18 17:25:20.032541
237,203,add_to_cart,2025-11-25 17:25:20.032541
306,202,purchase,2025-08-30 17:25:20.032541
464,100,click,2025-09-20 17:25:20.032541
246,118,click,2025-07-31 17:25:20.032541
81,243,purchase,2025-11-20 17:25:20.032541
150,29,click,2025-07-06 17:25:20.032541
397,227,click,2025-11-12 17:25:20.032541
396,213,click,2025-12-14 17:25:20.032541
10,187,click,2025-06-28 17:25:20.032541
321,113,click,2025-06-27 17:25:20.032541
224,299,click,2025-06-27 17:25:20.032541
414,161,click,2025-11-03 17:25:20.032541
264,19,click,2025-10-25 17:25:20.032541
149,264,click,2025-08-28 17:25:20.032541
278,159,add_to_cart,2025-08-05 17:25:20.032541
274,11,purchase,2025-07-22 17:25:20.032541
194,8,click,2025-08-15 17:25:20.032541
432,153,add_to_cart,2025-07-11 17:25:20.032541
172,113,purchase,2025-10-28 17:25:20.032541
265,148,add_to_cart,2025-08-13 17:25:20.032541
451,38,purchase,2025-08-22 17:25:20.032541
310,135,click,2025-07-12 17:25:20.032541
26,235,add_to_cart,2025-10-01 17:25:20.032541
469,255,add_to_cart,2025-10-24 17:25:20.032541
350,74,click,2025-09-09 17:25:20.032541
476,276,add_to_cart,2025-11-18 17:25:20.032541
356,209,click,2025-07-24 17:25:20.032541
26,267,click,2025-09-25 17:25:20.032541
34,144,click,2025-11-22 17:25:20.032541
264,42,add_to_cart,2025-09-19 17:25:20.032541
138,224,add_to_cart,2025-10-01 17:25:20.032541
304,52,click,2025-11-10 17:25:20.032541
183,137,click,2025-07-09 17:25:20.032541
363,195,click,2025-07-15 17:25:20.032541
242,95,click,2025-10-10 17:25:20.032541
54,258,purchase,2025-11-13 17:25:20.032541
462,25,purchase,2025-07-02 17:25:20.032541
168,232,add_to_cart,2025-09-23 17:25:20.032541
119,94,purchase,2025-12-04 17:25:20.032541
143,221,purchase,2025-09-23 17:25:20.032541
81,297,click,2025-09-26 17:25:20.032541
245,203,click,2025-11-03 17:25:20.032541
402,81,click,2025-08-31 17:25:20.032541
352,205,click,2025-12-03 17:25:20.032541
358,77,add_to_cart,2025-09-24 17:25:20.032541
407,38,click,2025-09-17 17:25:20.032541
62,195,purchase,2025-08-22 17:25:20.032541
46,42,click,2025-08-05 17:25:20.032541
87,182,add_to_cart,2025-09-01 17:25:20.032541
99,245,click,2025-06-26 17:25:20.032541
295,195,click,2025-09-18 17:25:20.032541
399,78,add_to_cart,2025-08-05 17:25:20.032541
53,125,add_to_cart,2025-11-23 17:25:20.032541
472,141,purchase,2025-11-11 17:25:20.032541
192,27,add_to_cart,2025-09-11 17:25:20.032541
447,281,click,2025-10-23 17:25:20.032541
476,293,click,2025-08-13 17:25:20.032541
80,242,purchase,2025-06-22 17:25:20.032541
16,236,click,2025-10-07 17:25:20.032541
360,203,add_to_cart,2025-08-18 17:25:20.032541
487,142,click,2025-11-09 17:25:20.032541
326,94,click,2025-08-19 17:25:20.032541
194,152,click,2025-11-24 17:25:20.032541
141,253,purchase,2025-08-02 17:25:20.032541
108,67,purchase,2025-10-06 17:25:20.032541
303,176,purchase,2025-07-07 17:25:20.032541
265,103,click,2025-11-05 17:25:20.032541
447,91,click,2025-11-18 17:25:20.032541
290,193,purchase,2025-11-15 17:25:20.032541
209,166,click,2025-11-25 17:25:20.032541
475,90,click,2025-10-03 17:25:20.032541
413,268,click,2025-10-26 17:25:20.032541
165,51,click,2025-11-10 17:25:20.032541
427,166,click,2025-07-15 17:25:20.032541
342,174,purchase,2025-11-27 17:25:20.032541
371,227,purchase,2025-12-10 17:25:20.032541
320,266,click,2025-06-23 17:25:20.032541
152,9,click,2025-12-01 17:25:20.032541
455,87,add_to_cart,2025-08-28 17:25:20.032541
290,94,click,2025-08-29 17:25:20.032541
432,52,purchase,2025-08-14 17:25:20.032541
268,179,click,2025-10-28 17:25:20.032541
151,278,click,2025-11-28 17:25:20.032541
207,239,add_to_cart,2025-09-23 17:25:20.032541
255,73,add_to_cart,2025-07-19 17:25:20.032541
353,72,click,2025-07-05 17:25:20.032541
377,68,click,2025-08-26 17:25:20.032541
141,5,click,2025-07-31 17:25:20.032541
343,238,click,2025-11-26 17:25:20.032541
358,121,click,2025-08-25 17:25:20.032541
96,211,purchase,2025-10-16 17:25:20.033541
429,262,click,2025-09-06 17:25:20.033541
370,58,click,2025-10-18 17:25:20.033541
227,43,add_to_cart,2025-07-19 17:25:20.033541
193,197,click,2025-10-09 17:25:20.033541
303,72,purchase,2025-12-12 17:25:20.033541
314,91,add_to_cart,2025-09-24 17:25:20.033541
493,37,click,2025-07-12 17:25:20.033541
389,237,purchase,2025-10-19 17:25:20.033541
377,293,click,2025-10-19 17:25:20.033541
461,154,add_to_cart,2025-10-23 17:25:20.033541
118,170,purchase,2025-11-18 17:25:20.033541
5,272,purchase,2025-09-02 17:25:20.033541
444,110,click,2025-07-02 17:25:20.033541
352,151,click,2025-10-20 17:25:20.033541
243,131,click,2025-10-13 17:25:20.033541
21,268,add_to_cart,2025-09-15 17:25:20.033541
152,23,purchase,2025-11-16 17:25:20.033541
128,139,click,2025-09-21 17:25:20.033541
124,239,click,2025-06-21 17:25:20.033541
146,192,add_to_cart,2025-11-23 17:25:20.033541
277,127,click,2025-11-28 17:25:20.033541
310,29,click,2025-09-26 17:25:20.033541
394,121,click,2025-08-13 17:25:20.033541
152,198,click,2025-09-12 17:25:20.033541
360,174,purchase,2025-07-13 17:25:20.033541
111,144,purchase,2025-08-02 17:25:20.033541
469,179,click,2025-07-09 17:25:20.033541
473,11,purchase,2025-08-31 17:25:20.033541
116,139,click,2025-08-04 17:25:20.033541
188,253,purchase,2025-08-20 17:25:20.033541
57,19,click,2025-11-06 17:25:20.033541
251,160,add_to_cart,2025-06-20 17:25:20.033541
384,122,click,2025-10-30 17:25:20.033541
407,72,click,2025-08-23 17:25:20.033541
150,55,purchase,2025-10-07 17:25:20.033541
452,169,click,2025-08-03 17:25:20.033541
162,99,purchase,2025-11-19 17:25:20.033541
120,70,click,2025-10-23 17:25:20.033541
70,149,click,2025-07-27 17:25:20.033541
412,117,purchase,2025-07-19 17:25:20.033541
351,26,click,2025-10-21 17:25:20.033541
99,248,click,2025-08-30 17:25:20.033541
167,209,click,2025-10-17 17:25:20.033541
298,227,click,2025-10-26 17:25:20.033541
151,114,click,2025-07-25 17:25:20.033541
326,194,click,2025-08-10 17:25:20.033541
464,10,add_to_cart,2025-08-04 17:25:20.033541
2,95,add_to_cart,2025-12-15 17:25:20.033541
152,121,purchase,2025-12-04 17:25:20.033541
401,126,add_to_cart,2025-11-22 17:25:20.033541
365,37,click,2025-08-12 17:25:20.033541
65,69,click,2025-10-02 17:25:20.033541
326,297,click,2025-06-28 17:25:20.033541
69,174,click,2025-09-02 17:25:20.033541
121,45,click,2025-07-07 17:25:20.033541
109,123,add_to_cart,2025-10-20 17:25:20.033541
316,27,purchase,2025-07-20 17:25:20.033541
247,193,add_to_cart,2025-11-06 17:25:20.033541
434,136,click,2025-11-13 17:25:20.033541
93,195,click,2025-07-08 17:25:20.033541
268,49,add_to_cart,2025-07-13 17:25:20.033541
103,96,add_to_cart,2025-08-30 17:25:20.033541
431,121,add_to_cart,2025-10-12 17:25:20.033541
451,249,click,2025-10-01 17:25:20.033541
112,217,add_to_cart,2025-10-31 17:25:20.033541
321,114,add_to_cart,2025-07-08 17:25:20.033541
411,14,click,2025-08-30 17:25:20.033541
304,62,click,2025-07-05 17:25:20.033541
344,43,add_to_cart,2025-06-21 17:25:20.033541
62,240,click,2025-06-20 17:25:20.033541
300,96,add_to_cart,2025-08-24 17:25:20.033541
403,27,click,2025-10-25 17:25:20.033541
443,242,click,2025-07-20 17:25:20.033541
136,240,click,2025-08-14 17:25:20.033541
55,67,click,2025-11-16 17:25:20.033541
108,281,click,2025-07-26 17:25:20.033541
303,192,purchase,2025-08-01 17:25:20.033541
258,119,add_to_cart,2025-11-14 17:25:20.033541
253,152,purchase,2025-10-05 17:25:20.033541
222,265,click,2025-07-18 17:25:20.033541
478,231,click,2025-11-19 17:25:20.033541
369,249,click,2025-11-04 17:25:20.033541
167,59,click,2025-12-08 17:25:20.033541
429,17,click,2025-12-05 17:25:20.033541
160,171,add_to_cart,2025-07-20 17:25:20.033541
449,132,click,2025-11-02 17:25:20.033541
166,136,click,2025-07-02 17:25:20.033541
205,42,click,2025-11-13 17:25:20.033541
267,6,click,2025-10-10 17:25:20.033541
138,170,add_to_cart,2025-10-22 17:25:20.033541
368,288,add_to_cart,2025-12-03 17:25:20.033541
443,215,click,2025-11-10 17:25:20.033541
346,69,add_to_cart,2025-09-20 17:25:20.033541
248,27,click,2025-11-20 17:25:20.033541
55,225,click,2025-11-08 17:25:20.033541
404,234,click,2025-09-07 17:25:20.033541
209,51,add_to_cart,2025-07-18 17:25:20.033541
17,149,click,2025-08-02 17:25:20.033541
68,75,click,2025-12-02 17:25:20.033541
133,92,click,2025-11-22 17:25:20.033541
188,68,click,2025-08-19 17:25:20.033541
407,235,add_to_cart,2025-07-01 17:25:20.033541
430,144,purchase,2025-09-06 17:25:20.033541
308,76,add_to_cart,2025-07-16 17:25:20.033541
138,86,purchase,2025-08-20 17:25:20.033541
174,227,add_to_cart,2025-07-16 17:25:20.033541
412,56,click,2025-11-29 17:25:20.033541
97,80,click,2025-08-06 17:25:20.033541
171,24,click,2025-09-22 17:25:20.033541
154,227,click,2025-08-29 17:25:20.033541
183,28,click,2025-08-27 17:25:20.033541
242,121,add_to_cart,2025-09-02 17:25:20.033541
304,93,click,2025-09-26 17:25:20.033541
285,112,add_to_cart,2025-09-08 17:25:20.033541
27,31,click,2025-11-05 17:25:20.033541
402,143,click,2025-10-17 17:25:20.033541
360,298,click,2025-09-20 17:25:20.033541
60,227,click,2025-11-03 17:25:20.033541
202,250,click,2025-10-25 17:25:20.033541
250,50,click,2025-11-25 17:25:20.033541
362,214,click,2025-07-17 17:25:20.033541
69,269,click,2025-07-04 17:25:20.033541
458,288,add_to_cart,2025-08-16 17:25:20.033541
370,195,click,2025-06-27 17:25:20.033541
21,254,add_to_cart,2025-08-05 17:25:20.033541
152,79,click,2025-11-02 17:25:20.033541
102,244,click,2025-08-04 17:25:20.033541
387,91,purchase,2025-09-29 17:25:20.033541
488,6,add_to_cart,2025-08-07 17:25:20.033541
95,281,add_to_cart,2025-10-12 17:25:20.033541
446,150,click,2025-07-10 17:25:20.033541
361,282,click,2025-11-01 17:25:20.033541
229,191,add_to_cart,2025-08-24 17:25:20.033541
125,274,click,2025-10-03 17:25:20.033541
258,73,purchase,2025-10-22 17:25:20.033541
322,68,click,2025-10-17 17:25:20.033541
487,63,click,2025-07-10 17:25:20.033541
369,134,click,2025-08-23 17:25:20.033541
426,268,add_to_cart,2025-11-07 17:25:20.033541
236,223,click,2025-08-14 17:25:20.033541
162,126,purchase,2025-09-03 17:25:20.033541
42,265,click,2025-10-29 17:25:20.033541
276,7,add_to_cart,2025-09-27 17:25:20.033541
353,206,click,2025-11-19 17:25:20.033541
68,179,add_to_cart,2025-11-30 17:25:20.033541
173,183,click,2025-06-19 17:25:20.033541
492,228,add_to_cart,2025-08-29 17:25:20.033541
331,236,click,2025-08-06 17:25:20.033541
125,146,click,2025-06-29 17:25:20.033541
170,58,click,2025-08-21 17:25:20.034540
47,296,add_to_cart,2025-09-16 17:25:20.034540
261,241,click,2025-08-01 17:25:20.034540
217,287,click,2025-07-16 17:25:20.034540
305,163,click,2025-09-19 17:25:20.034540
124,26,click,2025-10-19 17:25:20.034540
293,106,add_to_cart,2025-11-28 17:25:20.034540
162,240,click,2025-06-27 17:25:20.034540
201,42,click,2025-09-17 17:25:20.034540
454,133,click,2025-10-03 17:25:20.034540
402,44,click,2025-06-22 17:25:20.034540
462,35,click,2025-11-02 17:25:20.034540
275,1,click,2025-08-28 17:25:20.034540
206,226,click,2025-07-03 17:25:20.034540
40,299,click,2025-09-26 17:25:20.034540
273,288,add_to_cart,2025-08-10 17:25:20.034540
188,236,click,2025-12-06 17:25:20.034540
355,33,purchase,2025-10-14 17:25:20.034540
93,95,click,2025-09-13 17:25:20.034540
42,205,add_to_cart,2025-10-31 17:25:20.034540
465,109,click,2025-12-14 17:25:20.034540
379,30,click,2025-08-24 17:25:20.034540
107,266,add_to_cart,2025-07-21 17:25:20.034540
328,23,add_to_cart,2025-12-13 17:25:20.034540
65,97,click,2025-11-10 17:25:20.034540
365,39,click,2025-12-11 17:25:20.034540
309,173,click,2025-11-26 17:25:20.034540
484,248,purchase,2025-12-13 17:25:20.034540
135,162,add_to_cart,2025-12-13 17:25:20.034540
494,180,click,2025-09-07 17:25:20.034540
389,103,add_to_cart,2025-10-07 17:25:20.034540
24,209,click,2025-09-19 17:25:20.034540
28,22,add_to_cart,2025-08-10 17:25:20.034540
62,5,click,2025-10-30 17:25:20.034540
491,139,click,2025-09-05 17:25:20.034540
273,214,click,2025-11-09 17:25:20.034540
229,160,purchase,2025-12-08 17:25:20.034540
20,139,add_to_cart,2025-09-05 17:25:20.034540
3,145,add_to_cart,2025-08-25 17:25:20.034540
421,160,click,2025-08-31 17:25:20.034540
218,83,click,2025-08-09 17:25:20.034540
399,155,click,2025-11-01 17:25:20.034540
307,288,add_to_cart,2025-12-06 17:25:20.034540
432,281,purchase,2025-09-21 17:25:20.034540
136,64,click,2025-06-28 17:25:20.034540
397,192,add_to_cart,2025-09-20 17:25:20.034540
432,156,add_to_cart,2025-06-30 17:25:20.034540
3,91,click,2025-12-04 17:25:20.034540
193,142,click,2025-12-08 17:25:20.034540
73,42,click,2025-08-14 17:25:20.034540
415,249,add_to_cart,2025-11-01 17:25:20.034540
361,295,purchase,2025-09-19 17:25:20.034540
118,258,purchase,2025-08-09 17:25:20.034540
154,1,add_to_cart,2025-07-15 17:25:20.034540
209,109,click,2025-09-21 17:25:20.034540
440,125,add_to_cart,2025-08-31 17:25:20.034540
34,64,purchase,2025-07-10 17:25:20.034540
137,206,add_to_cart,2025-10-21 17:25:20.034540
318,244,click,2025-09-09 17:25:20.034540
120,78,purchase,2025-11-09 17:25:20.034540
115,111,add_to_cart,2025-08-06 17:25:20.034540
13,142,purchase,2025-10-05 17:25:20.034540
69,216,purchase,2025-08-17 17:25:20.034540
425,16,click,2025-06-27 17:25:20.034540
333,54,purchase,2025-09-12 17:25:20.034540
257,141,click,2025-06-22 17:25:20.034540
89,79,click,2025-09-20 17:25:20.034540
47,149,add_to_cart,2025-07-01 17:25:20.034540
260,127,click,2025-09-05 17:25:20.034540
228,158,click,2025-10-09 17:25:20.034540
447,279,purchase,2025-09-07 17:25:20.034540
180,38,click,2025-08-11 17:25:20.034540
10,157,purchase,2025-07-31 17:25:20.034540
284,288,click,2025-10-07 17:25:20.034540
377,112,click,2025-12-12 17:25:20.034540
126,190,click,2025-11-25 17:25:20.034540
134,106,add_to_cart,2025-11-04 17:25:20.034540
155,91,click,2025-09-23 17:25:20.034540
248,49,purchase,2025-08-22 17:25:20.034540
140,161,add_to_cart,2025-08-04 17:25:20.034540
318,4,add_to_cart,2025-12-05 17:25:20.034540
436,198,click,2025-08-19 17:25:20.034540
176,254,click,2025-10-04 17:25:20.034540
323,90,purchase,2025-07-29 17:25:20.034540
174,20,click,2025-11-15 17:25:20.034540
481,77,click,2025-07-10 17:25:20.034540
74,220,click,2025-06-28 17:25:20.034540
351,162,purchase,2025-10-27 17:25:20.034540
143,115,click,2025-09-09 17:25:20.034540
455,94,click,2025-11-05 17:25:20.034540
292,133,add_to_cart,2025-08-26 17:25:20.034540
398,172,purchase,2025-08-25 17:25:20.034540
112,114,click,2025-07-05 17:25:20.034540
206,9,click,2025-06-27 17:25:20.034540
131,299,click,2025-08-11 17:25:20.034540
369,260,click,2025-10-11 17:25:20.034540
110,170,click,2025-08-25 17:25:20.034540
370,98,click,2025-12-01 17:25:20.034540
67,169,click,2025-11-12 17:25:20.034540
382,218,click,2025-11-02 17:25:20.034540
86,44,click,2025-07-08 17:25:20.034540
275,261,purchase,2025-09-28 17:25:20.034540
227,285,click,2025-09-08 17:25:20.034540
460,126,click,2025-09-15 17:25:20.034540
438,260,click,2025-09-01 17:25:20.034540
325,214,click,2025-08-04 17:25:20.034540
10,200,add_to_cart,2025-08-20 17:25:20.034540
489,236,add_to_cart,2025-11-06 17:25:20.034540
417,136,click,2025-12-10 17:25:20.034540
397,116,purchase,2025-10-02 17:25:20.034540
384,155,add_to_cart,2025-12-02 17:25:20.034540
355,18,click,2025-08-15 17:25:20.034540
435,4,click,2025-12-11 17:25:20.034540
288,165,add_to_cart,2025-11-01 17:25:20.034540
459,127,purchase,2025-11-03 17:25:20.034540
112,213,click,2025-07-14 17:25:20.034540
486,48,click,2025-08-18 17:25:20.034540
24,46,purchase,2025-10-08 17:25:20.034540
291,46,click,2025-10-29 17:25:20.034540
339,48,add_to_cart,2025-08-27 17:25:20.034540
326,187,click,2025-10-04 17:25:20.034540
168,120,click,2025-08-27 17:25:20.034540
438,132,click,2025-11-21 17:25:20.034540
109,19,add_to_cart,2025-08-02 17:25:20.034540
428,275,click,2025-09-29 17:25:20.034540
190,232,add_to_cart,2025-07-09 17:25:20.034540
490,42,click,2025-10-16 17:25:20.034540
355,92,click,2025-09-20 17:25:20.034540
196,261,click,2025-12-15 17:25:20.034540
33,48,add_to_cart,2025-08-27 17:25:20.034540
205,282,add_to_cart,2025-07-10 17:25:20.034540
312,74,click,2025-07-26 17:25:20.034540
420,216,click,2025-10-07 17:25:20.034540
182,221,purchase,2025-07-25 17:25:20.034540
491,109,click,2025-08-30 17:25:20.034540
147,135,click,2025-09-26 17:25:20.034540
427,238,click,2025-09-14 17:25:20.034540
268,155,purchase,2025-09-01 17:25:20.034540
11,56,purchase,2025-10-05 17:25:20.034540
70,198,click,2025-10-20 17:25:20.034540
256,38,click,2025-12-05 17:25:20.034540
396,217,purchase,2025-07-23 17:25:20.034540
219,231,click,2025-06-26 17:25:20.034540
297,257,click,2025-07-21 17:25:20.034540
409,209,click,2025-09-16 17:25:20.034540
362,201,click,2025-09-20 17:25:20.034540
259,137,add_to_cart,2025-07-27 17:25:20.034540
3,128,click,2025-08-29 17:25:20.034540
84,53,click,2025-11-19 17:25:20.034540
156,84,click,2025-09-10 17:25:20.034540
151,209,add_to_cart,2025-12-07 17:25:20.034540
176,285,add_to_cart,2025-12-03 17:25:20.034540
195,36,click,2025-06-26 17:25:20.034540
426,215,purchase,2025-12-08 17:25:20.034540
472,27,click,2025-08-24 17:25:20.034540
107,146,add_to_cart,2025-10-21 17:25:20.034540
424,18,click,2025-09-10 17:25:20.034540
134,118,click,2025-12-09 17:25:20.034540
276,137,click,2025-09-30 17:25:20.034540
395,67,click,2025-08-10 17:25:20.034540
352,30,purchase,2025-07-26 17:25:20.034540
380,73,add_to_cart,2025-09-03 17:25:20.034540
155,123,add_to_cart,2025-09-23 17:25:20.034540
277,228,click,2025-11-09 17:25:20.034540
236,273,purchase,2025-10-13 17:25:20.034540
240,246,click,2025-11-29 17:25:20.034540
370,39,add_to_cart,2025-09-14 17:25:20.034540
13,170,add_to_cart,2025-11-25 17:25:20.034540
342,102,click,2025-09-29 17:25:20.034540
35,294,add_to_cart,2025-09-02 17:25:20.034540
47,243,click,2025-08-27 17:25:20.034540
214,157,click,2025-09-21 17:25:20.034540
412,265,add_to_cart,2025-10-25 17:25:20.034540
405,257,click,2025-07-08 17:25:20.034540
494,123,click,2025-09-30 17:25:20.034540
146,47,click,2025-09-12 17:25:20.034540
159,10,click,2025-12-04 17:25:20.034540
444,144,click,2025-09-11 17:25:20.034540
125,299,add_to_cart,2025-10-31 17:25:20.034540
110,152,click,2025-10-07 17:25:20.035541
37,136,add_to_cart,2025-08-12 17:25:20.035541
277,75,add_to_cart,2025-10-06 17:25:20.035541
14,26,click,2025-11-26 17:25:20.035541
473,7,purchase,2025-10-09 17:25:20.035541
347,79,click,2025-09-22 17:25:20.035541
232,15,click,2025-11-02 17:25:20.035541
316,207,click,2025-11-16 17:25:20.035541
124,89,click,2025-07-16 17:25:20.035541
279,97,purchase,2025-11-15 17:25:20.035541
479,216,click,2025-08-11 17:25:20.035541
111,259,add_to_cart,2025-08-08 17:25:20.035541
124,287,add_to_cart,2025-12-02 17:25:20.035541
413,75,click,2025-09-05 17:25:20.035541
431,242,purchase,2025-07-18 17:25:20.035541
30,17,purchase,2025-10-08 17:25:20.035541
115,177,purchase,2025-06-19 17:25:20.035541
90,259,click,2025-08-15 17:25:20.035541
212,123,click,2025-06-21 17:25:20.035541
38,111,click,2025-11-13 17:25:20.035541
83,256,add_to_cart,2025-12-07 17:25:20.035541
27,234,click,2025-09-12 17:25:20.035541
217,40,add_to_cart,2025-12-08 17:25:20.035541
360,122,add_to_cart,2025-12-09 17:25:20.035541
486,215,click,2025-07-20 17:25:20.035541
372,296,click,2025-09-15 17:25:20.035541
215,286,purchase,2025-10-24 17:25:20.035541
221,281,click,2025-12-01 17:25:20.035541
15,7,click,2025-10-25 17:25:20.035541
443,92,click,2025-11-09 17:25:20.035541
259,123,click,2025-08-06 17:25:20.035541
266,96,click,2025-09-16 17:25:20.035541
463,1,click,2025-09-28 17:25:20.035541
120,91,click,2025-10-16 17:25:20.035541
464,7,click,2025-07-19 17:25:20.035541
401,120,click,2025-06-22 17:25:20.035541
128,129,click,2025-11-10 17:25:20.035541
211,179,purchase,2025-09-13 17:25:20.035541
11,98,click,2025-09-10 17:25:20.035541
176,43,click,2025-07-03 17:25:20.035541
133,183,purchase,2025-11-06 17:25:20.035541
325,185,click,2025-10-13 17:25:20.035541
320,53,click,2025-12-02 17:25:20.035541
14,228,purchase,2025-08-08 17:25:20.035541
50,161,click,2025-08-12 17:25:20.035541
410,235,purchase,2025-11-27 17:25:20.035541
72,200,add_to_cart,2025-09-29 17:25:20.035541
69,1,click,2025-10-06 17:25:20.035541
391,14,click,2025-08-13 17:25:20.035541
383,213,click,2025-12-07 17:25:20.035541
16,277,click,2025-11-13 17:25:20.035541
439,34,purchase,2025-08-11 17:25:20.035541
334,270,click,2025-08-22 17:25:20.035541
357,168,click,2025-10-16 17:25:20.035541
56,170,click,2025-09-01 17:25:20.035541
105,82,click,2025-11-02 17:25:20.035541
132,137,click,2025-10-12 17:25:20.035541
484,233,click,2025-09-22 17:25:20.035541
48,115,add_to_cart,2025-10-20 17:25:20.035541
248,252,click,2025-11-22 17:25:20.035541
273,289,click,2025-09-05 17:25:20.035541
111,49,click,2025-06-27 17:25:20.035541
420,4,click,2025-09-02 17:25:20.035541
326,176,click,2025-12-10 17:25:20.035541
336,272,click,2025-11-12 17:25:20.035541
349,26,click,2025-07-16 17:25:20.035541
484,70,click,2025-08-21 17:25:20.035541
38,293,click,2025-11-19 17:25:20.035541
357,234,add_to_cart,2025-11-28 17:25:20.035541
240,231,click,2025-12-11 17:25:20.035541
318,263,add_to_cart,2025-08-20 17:25:20.035541
121,286,click,2025-09-11 17:25:20.035541
48,74,purchase,2025-11-02 17:25:20.035541
10,121,click,2025-09-09 17:25:20.035541
233,6,click,2025-09-14 17:25:20.035541
36,24,add_to_cart,2025-12-11 17:25:20.035541
413,194,add_to_cart,2025-10-16 17:25:20.035541
462,168,purchase,2025-09-15 17:25:20.035541
4,210,click,2025-08-04 17:25:20.035541
44,133,click,2025-10-02 17:25:20.035541
56,292,click,2025-11-07 17:25:20.035541
42,174,add_to_cart,2025-08-02 17:25:20.035541
255,151,purchase,2025-09-23 17:25:20.035541
228,88,click,2025-08-14 17:25:20.035541
114,266,add_to_cart,2025-06-28 17:25:20.035541
237,70,click,2025-09-21 17:25:20.035541
397,205,click,2025-06-30 17:25:20.035541
174,32,click,2025-08-26 17:25:20.035541
255,43,click,2025-10-08 17:25:20.035541
466,118,click,2025-09-01 17:25:20.035541
417,15,click,2025-11-16 17:25:20.035541
277,115,click,2025-07-18 17:25:20.035541
464,20,click,2025-07-16 17:25:20.035541
335,178,add_to_cart,2025-06-23 17:25:20.035541
441,262,click,2025-11-04 17:25:20.035541
69,79,click,2025-11-17 17:25:20.035541
326,120,click,2025-09-22 17:25:20.035541
230,26,purchase,2025-10-06 17:25:20.035541
67,22,click,2025-06-26 17:25:20.035541
304,201,purchase,2025-11-05 17:25:20.035541
460,64,click,2025-10-14 17:25:20.035541
484,214,click,2025-08-19 17:25:20.035541
417,293,click,2025-06-24 17:25:20.035541
36,78,click,2025-09-07 17:25:20.035541
417,216,click,2025-08-09 17:25:20.035541
159,224,click,2025-09-12 17:25:20.035541
149,28,click,2025-07-21 17:25:20.035541
27,201,click,2025-07-22 17:25:20.035541
475,67,add_to_cart,2025-10-12 17:25:20.035541
72,126,add_to_cart,2025-09-14 17:25:20.035541
248,195,click,2025-11-10 17:25:20.035541
101,174,click,2025-07-18 17:25:20.035541
190,87,click,2025-07-12 17:25:20.035541
96,154,click,2025-11-02 17:25:20.035541
384,210,add_to_cart,2025-08-11 17:25:20.035541
282,13,add_to_cart,2025-12-09 17:25:20.035541
322,164,click,2025-07-10 17:25:20.035541
396,255,click,2025-11-08 17:25:20.035541
278,64,click,2025-09-02 17:25:20.035541
17,76,add_to_cart,2025-11-24 17:25:20.035541
263,22,click,2025-10-23 17:25:20.035541
107,60,purchase,2025-12-10 17:25:20.035541
68,56,purchase,2025-08-30 17:25:20.035541
128,168,add_to_cart,2025-11-17 17:25:20.035541
293,205,click,2025-11-03 17:25:20.035541
294,259,click,2025-08-29 17:25:20.035541
96,191,click,2025-10-15 17:25:20.035541
395,55,purchase,2025-12-03 17:25:20.035541
1,284,click,2025-08-23 17:25:20.035541
409,264,add_to_cart,2025-10-30 17:25:20.035541
298,259,purchase,2025-12-01 17:25:20.035541
180,89,add_to_cart,2025-12-11 17:25:20.035541
408,222,click,2025-10-08 17:25:20.035541
181,89,click,2025-12-14 17:25:20.035541
235,59,click,2025-08-24 17:25:20.035541
440,152,click,2025-11-08 17:25:20.035541
319,28,purchase,2025-09-13 17:25:20.035541
337,225,purchase,2025-11-07 17:25:20.035541
8,51,click,2025-11-26 17:25:20.035541
443,263,click,2025-07-21 17:25:20.035541
429,279,click,2025-11-17 17:25:20.035541
27,46,click,2025-07-06 17:25:20.035541
308,106,click,2025-07-09 17:25:20.035541
146,284,click,2025-11-29 17:25:20.035541
91,24,purchase,2025-08-22 17:25:20.035541
342,7,purchase,2025-10-26 17:25:20.035541
272,3,click,2025-08-02 17:25:20.035541
322,258,add_to_cart,2025-07-20 17:25:20.035541
5,263,click,2025-07-18 17:25:20.035541
82,121,add_to_cart,2025-08-23 17:25:20.035541
387,208,click,2025-06-20 17:25:20.035541
219,21,click,2025-09-16 17:25:20.035541
118,140,click,2025-12-10 17:25:20.035541
81,280,click,2025-06-19 17:25:20.035541
464,289,purchase,2025-08-02 17:25:20.035541
70,206,purchase,2025-09-08 17:25:20.035541
115,43,add_to_cart,2025-10-08 17:25:20.035541
263,118,add_to_cart,2025-11-13 17:25:20.035541
306,5,click,2025-07-09 17:25:20.035541
142,207,click,2025-10-22 17:25:20.035541
422,123,add_to_cart,2025-11-13 17:25:20.035541
488,142,click,2025-07-03 17:25:20.035541
207,232,click,2025-12-14 17:25:20.035541
111,164,add_to_cart,2025-07-31 17:25:20.035541
303,35,click,2025-10-11 17:25:20.035541
112,11,click,2025-12-01 17:25:20.035541
417,75,click,2025-08-22 17:25:20.035541
43,300,click,2025-10-16 17:25:20.035541
347,198,add_to_cart,2025-07-10 17:25:20.035541
285,264,add_to_cart,2025-07-03 17:25:20.035541
128,224,click,2025-07-12 17:25:20.035541
185,122,purchase,2025-08-17 17:25:20.035541
229,74,add_to_cart,2025-06-28 17:25:20.035541
389,28,click,2025-08-16 17:25:20.035541
221,171,add_to_cart,2025-11-23 17:25:20.035541
352,216,click,2025-11-21 17:25:20.035541
444,101,add_to_cart,2025-07-13 17:25:20.035541
117,246,add_to_cart,2025-09-08 17:25:20.035541
70,93,click,2025-09-13 17:25:20.035541
386,63,add_to_cart,2025-08-26 17:25:20.035541
70,266,purchase,2025-09-24 17:25:20.035541
110,206,click,2025-08-09 17:25:20.036540
427,80,click,2025-08-29 17:25:20.036540
132,37,click,2025-08-30 17:25:20.036540
56,11,click,2025-11-26 17:25:20.036540
477,115,click,2025-11-17 17:25:20.036540
443,90,click,2025-08-02 17:25:20.036540
89,232,click,2025-10-15 17:25:20.036540
137,19,click,2025-07-27 17:25:20.036540
131,52,add_to_cart,2025-07-03 17:25:20.036540
218,274,purchase,2025-08-07 17:25:20.036540
176,94,purchase,2025-12-13 17:25:20.036540
171,32,click,2025-10-22 17:25:20.036540
475,151,add_to_cart,2025-07-20 17:25:20.036540
100,140,purchase,2025-07-06 17:25:20.036540
480,58,purchase,2025-11-02 17:25:20.036540
129,21,purchase,2025-06-27 17:25:20.036540
57,149,add_to_cart,2025-08-25 17:25:20.036540
181,221,click,2025-06-28 17:25:20.036540
246,221,click,2025-06-30 17:25:20.036540
144,242,click,2025-07-14 17:25:20.036540
51,219,click,2025-09-15 17:25:20.036540
368,29,purchase,2025-07-13 17:25:20.036540
459,47,click,2025-12-11 17:25:20.036540
218,58,purchase,2025-06-28 17:25:20.036540
104,275,add_to_cart,2025-11-07 17:25:20.036540
383,140,click,2025-12-06 17:25:20.036540
55,23,click,2025-10-14 17:25:20.036540
257,63,click,2025-12-07 17:25:20.036540
346,52,add_to_cart,2025-09-23 17:25:20.036540
156,266,add_to_cart,2025-08-27 17:25:20.036540
53,167,purchase,2025-11-17 17:25:20.036540
442,151,click,2025-07-13 17:25:20.036540
329,11,click,2025-07-30 17:25:20.036540
444,95,click,2025-09-08 17:25:20.036540
187,72,click,2025-12-01 17:25:20.036540
364,48,add_to_cart,2025-07-17 17:25:20.036540
150,272,click,2025-11-11 17:25:20.036540
264,95,click,2025-10-16 17:25:20.036540
250,233,click,2025-11-26 17:25:20.036540
433,48,click,2025-10-19 17:25:20.036540
298,208,add_to_cart,2025-09-07 17:25:20.036540
411,227,click,2025-07-02 17:25:20.036540
423,77,click,2025-07-21 17:25:20.036540
211,219,add_to_cart,2025-09-21 17:25:20.036540
25,81,click,2025-09-19 17:25:20.036540
294,37,add_to_cart,2025-07-27 17:25:20.036540
341,102,purchase,2025-07-05 17:25:20.036540
152,191,add_to_cart,2025-07-28 17:25:20.036540
24,29,click,2025-12-15 17:25:20.036540
252,253,add_to_cart,2025-08-24 17:25:20.036540
60,251,add_to_cart,2025-09-16 17:25:20.036540
467,226,click,2025-12-03 17:25:20.036540
434,94,add_to_cart,2025-07-06 17:25:20.036540
367,86,click,2025-08-02 17:25:20.036540
66,110,add_to_cart,2025-11-28 17:25:20.036540
398,217,click,2025-07-07 17:25:20.036540
53,196,purchase,2025-10-25 17:25:20.036540
416,297,click,2025-10-07 17:25:20.036540
106,44,click,2025-10-19 17:25:20.036540
96,90,click,2025-11-19 17:25:20.036540
476,155,click,2025-07-23 17:25:20.036540
176,109,click,2025-10-20 17:25:20.036540
39,59,click,2025-08-14 17:25:20.036540
168,110,click,2025-08-24 17:25:20.036540
42,106,click,2025-12-07 17:25:20.036540
367,221,click,2025-09-28 17:25:20.036540
104,263,click,2025-07-18 17:25:20.036540
333,82,click,2025-10-18 17:25:20.036540
204,272,click,2025-11-24 17:25:20.036540
8,49,click,2025-06-21 17:25:20.036540
463,32,click,2025-07-18 17:25:20.036540
282,89,click,2025-09-23 17:25:20.036540
396,19,click,2025-06-19 17:25:20.036540
43,3,click,2025-12-09 17:25:20.036540
435,60,click,2025-08-21 17:25:20.036540
110,242,click,2025-07-24 17:25:20.036540
475,29,click,2025-08-07 17:25:20.036540
210,75,click,2025-08-03 17:25:20.036540
237,70,purchase,2025-06-30 17:25:20.036540
356,83,add_to_cart,2025-07-18 17:25:20.036540
319,173,purchase,2025-11-09 17:25:20.036540
49,197,click,2025-10-09 17:25:20.036540
115,147,click,2025-09-01 17:25:20.036540
155,273,purchase,2025-11-28 17:25:20.036540
137,35,click,2025-07-06 17:25:20.036540
167,113,click,2025-11-23 17:25:20.036540
321,206,click,2025-09-12 17:25:20.036540
199,158,click,2025-08-03 17:25:20.036540
474,253,click,2025-10-01 17:25:20.036540
71,122,add_to_cart,2025-06-22 17:25:20.036540
500,48,purchase,2025-07-29 17:25:20.036540
7,185,click,2025-12-01 17:25:20.036540
200,273,add_to_cart,2025-08-08 17:25:20.036540
336,101,click,2025-08-16 17:25:20.036540
67,15,click,2025-06-24 17:25:20.036540
493,128,add_to_cart,2025-10-21 17:25:20.036540
138,210,click,2025-09-10 17:25:20.036540
242,112,click,2025-12-02 17:25:20.036540
455,270,click,2025-07-14 17:25:20.036540
213,142,click,2025-08-06 17:25:20.036540
181,173,click,2025-07-03 17:25:20.036540
254,166,purchase,2025-09-03 17:25:20.036540
101,119,add_to_cart,2025-08-08 17:25:20.036540
351,203,click,2025-12-12 17:25:20.036540
87,11,click,2025-07-17 17:25:20.036540
185,249,purchase,2025-08-01 17:25:20.036540
91,248,add_to_cart,2025-07-22 17:25:20.036540
248,154,click,2025-06-30 17:25:20.036540
214,25,click,2025-08-10 17:25:20.036540
359,221,click,2025-09-15 17:25:20.036540
249,110,click,2025-09-30 17:25:20.036540
126,90,add_to_cart,2025-09-29 17:25:20.036540
411,265,click,2025-06-21 17:25:20.036540
438,40,purchase,2025-08-24 17:25:20.036540
369,263,click,2025-10-03 17:25:20.036540
4,158,click,2025-08-13 17:25:20.036540
88,118,click,2025-10-01 17:25:20.036540
151,256,click,2025-09-23 17:25:20.036540
176,196,click,2025-10-01 17:25:20.036540
211,14,click,2025-07-29 17:25:20.036540
426,118,purchase,2025-07-02 17:25:20.036540
259,217,click,2025-07-12 17:25:20.036540
91,205,click,2025-10-10 17:25:20.036540
259,77,click,2025-10-06 17:25:20.036540
412,172,click,2025-09-30 17:25:20.036540
191,26,click,2025-10-02 17:25:20.036540
81,128,click,2025-07-16 17:25:20.036540
415,142,click,2025-08-22 17:25:20.036540
138,24,purchase,2025-09-23 17:25:20.036540
433,232,click,2025-10-28 17:25:20.036540
470,177,add_to_cart,2025-10-14 17:25:20.036540
350,235,click,2025-11-19 17:25:20.036540
126,26,click,2025-09-02 17:25:20.036540
369,266,click,2025-10-19 17:25:20.036540
405,117,click,2025-08-16 17:25:20.036540
356,58,click,2025-08-16 17:25:20.036540
309,270,click,2025-12-07 17:25:20.036540
343,295,purchase,2025-08-09 17:25:20.036540
230,122,add_to_cart,2025-10-01 17:25:20.036540
460,159,click,2025-09-15 17:25:20.036540
345,178,click,2025-07-17 17:25:20.036540
310,144,click,2025-11-27 17:25:20.036540
441,89,click,2025-08-16 17:25:20.036540
20,239,add_to_cart,2025-07-27 17:25:20.036540
369,38,purchase,2025-07-27 17:25:20.036540
49,79,click,2025-09-27 17:25:20.036540
490,252,click,2025-09-19 17:25:20.036540
135,149,click,2025-07-09 17:25:20.036540
29,16,add_to_cart,2025-12-10 17:25:20.036540
48,269,click,2025-08-25 17:25:20.036540
477,118,purchase,2025-09-13 17:25:20.036540
269,192,add_to_cart,2025-11-23 17:25:20.036540
3,288,purchase,2025-11-27 17:25:20.036540
258,297,click,2025-08-08 17:25:20.036540
16,194,click,2025-06-30 17:25:20.036540
94,281,add_to_cart,2025-07-14 17:25:20.036540
358,250,add_to_cart,2025-08-30 17:25:20.036540
134,231,click,2025-08-02 17:25:20.036540
301,3,purchase,2025-09-02 17:25:20.036540
327,174,purchase,2025-11-03 17:25:20.036540
133,240,click,2025-11-13 17:25:20.036540
312,104,click,2025-06-28 17:25:20.036540
455,289,click,2025-08-19 17:25:20.036540
482,244,purchase,2025-07-11 17:25:20.036540
383,288,add_to_cart,2025-11-12 17:25:20.036540
32,273,click,2025-09-29 17:25:20.036540
305,120,click,2025-09-07 17:25:20.036540
269,259,click,2025-11-26 17:25:20.036540
414,70,click,2025-10-15 17:25:20.036540
25,183,click,2025-12-14 17:25:20.036540
469,247,add_to_cart,2025-09-19 17:25:20.036540
316,118,add_to_cart,2025-08-20 17:25:20.036540
59,31,click,2025-10-09 17:25:20.036540
213,149,add_to_cart,2025-09-28 17:25:20.036540
156,16,click,2025-09-24 17:25:20.036540
496,273,click,2025-07-22 17:25:20.036540
314,102,add_to_cart,2025-08-26 17:25:20.036540
276,72,click,2025-11-11 17:25:20.036540
418,193,click,2025-07-21 17:25:20.036540
389,111,click,2025-09-04 17:25:20.037541
210,293,click,2025-11-05 17:25:20.037541
444,277,add_to_cart,2025-08-16 17:25:20.037541
487,106,click,2025-07-12 17:25:20.037541
427,37,click,2025-07-26 17:25:20.037541
57,291,add_to_cart,2025-11-14 17:25:20.037541
185,181,click,2025-07-28 17:25:20.037541
459,143,click,2025-08-03 17:25:20.037541
54,114,click,2025-08-16 17:25:20.037541
209,238,purchase,2025-10-23 17:25:20.037541
368,94,add_to_cart,2025-11-30 17:25:20.037541
429,260,click,2025-12-06 17:25:20.037541
342,107,add_to_cart,2025-07-03 17:25:20.037541
293,244,click,2025-10-24 17:25:20.037541
340,23,click,2025-09-25 17:25:20.037541
304,271,add_to_cart,2025-11-12 17:25:20.037541
252,140,click,2025-09-22 17:25:20.037541
374,82,add_to_cart,2025-09-22 17:25:20.037541
438,156,click,2025-08-09 17:25:20.037541
304,19,click,2025-10-18 17:25:20.037541
112,69,click,2025-09-08 17:25:20.037541
366,132,click,2025-11-21 17:25:20.037541
6,256,click,2025-07-09 17:25:20.037541
418,209,click,2025-11-15 17:25:20.037541
191,10,add_to_cart,2025-10-03 17:25:20.037541
334,140,click,2025-08-13 17:25:20.037541
432,135,click,2025-12-13 17:25:20.037541
279,255,click,2025-09-21 17:25:20.037541
382,300,click,2025-09-05 17:25:20.037541
340,258,add_to_cart,2025-08-17 17:25:20.037541
13,94,click,2025-06-30 17:25:20.037541
303,241,purchase,2025-09-03 17:25:20.037541
44,237,add_to_cart,2025-10-15 17:25:20.037541
105,165,click,2025-09-19 17:25:20.037541
160,148,purchase,2025-08-17 17:25:20.037541
154,218,add_to_cart,2025-11-13 17:25:20.037541
242,108,purchase,2025-09-16 17:25:20.037541
181,231,click,2025-07-28 17:25:20.037541
14,70,click,2025-11-07 17:25:20.037541
180,221,click,2025-11-17 17:25:20.037541
377,74,click,2025-09-02 17:25:20.037541
292,179,purchase,2025-11-21 17:25:20.037541
264,80,add_to_cart,2025-11-27 17:25:20.037541
168,159,add_to_cart,2025-09-08 17:25:20.037541
214,169,purchase,2025-11-30 17:25:20.037541
150,161,purchase,2025-10-05 17:25:20.037541
16,32,click,2025-09-22 17:25:20.037541
91,121,add_to_cart,2025-06-26 17:25:20.037541
120,215,click,2025-06-19 17:25:20.037541
444,3,click,2025-12-10 17:25:20.037541
253,228,purchase,2025-11-09 17:25:20.037541
60,48,purchase,2025-10-23 17:25:20.037541
266,167,add_to_cart,2025-12-12 17:25:20.037541
409,11,click,2025-06-24 17:25:20.037541
31,238,add_to_cart,2025-09-22 17:25:20.037541
21,278,click,2025-07-04 17:25:20.037541
219,241,click,2025-06-29 17:25:20.037541
81,192,click,2025-06-23 17:25:20.037541
289,12,click,2025-07-04 17:25:20.037541
31,53,click,2025-12-01 17:25:20.037541
498,55,add_to_cart,2025-10-18 17:25:20.037541
234,21,click,2025-11-04 17:25:20.037541
474,19,add_to_cart,2025-08-22 17:25:20.037541
405,59,click,2025-07-10 17:25:20.037541
36,151,click,2025-12-10 17:25:20.037541
449,259,click,2025-11-27 17:25:20.037541
132,58,add_to_cart,2025-07-03 17:25:20.037541
324,216,add_to_cart,2025-08-16 17:25:20.037541
346,62,click,2025-07-08 17:25:20.037541
132,146,click,2025-09-03 17:25:20.037541
497,239,add_to_cart,2025-09-17 17:25:20.037541
9,293,click,2025-07-11 17:25:20.037541
30,182,click,2025-08-12 17:25:20.037541
115,95,click,2025-10-02 17:25:20.037541
301,78,click,2025-08-28 17:25:20.037541
4,142,click,2025-07-27 17:25:20.037541
325,105,click,2025-08-16 17:25:20.037541
237,261,click,2025-12-06 17:25:20.037541
23,95,click,2025-11-29 17:25:20.037541
16,223,click,2025-12-01 17:25:20.037541
22,190,purchase,2025-12-13 17:25:20.037541
485,129,click,2025-07-19 17:25:20.037541
72,195,click,2025-10-21 17:25:20.037541
304,20,click,2025-11-20 17:25:20.037541
446,299,click,2025-09-04 17:25:20.037541
481,240,add_to_cart,2025-06-21 17:25:20.037541
444,235,click,2025-09-20 17:25:20.037541
230,85,purchase,2025-10-16 17:25:20.037541
107,94,add_to_cart,2025-10-22 17:25:20.037541
208,42,purchase,2025-12-13 17:25:20.037541
389,74,click,2025-07-11 17:25:20.037541
208,115,click,2025-07-28 17:25:20.037541
263,190,click,2025-07-17 17:25:20.037541
51,125,add_to_cart,2025-10-08 17:25:20.037541
65,6,click,2025-08-03 17:25:20.037541
265,42,add_to_cart,2025-10-26 17:25:20.037541
338,58,click,2025-10-23 17:25:20.037541
301,10,click,2025-06-20 17:25:20.037541
378,89,click,2025-07-14 17:25:20.037541
175,111,click,2025-12-04 17:25:20.037541
451,39,click,2025-06-30 17:25:20.037541
152,167,click,2025-08-19 17:25:20.037541
476,11,click,2025-08-25 17:25:20.037541
266,110,add_to_cart,2025-08-18 17:25:20.037541
329,16,click,2025-09-18 17:25:20.037541
461,33,click,2025-09-01 17:25:20.037541
304,233,click,2025-08-24 17:25:20.037541
163,188,purchase,2025-07-08 17:25:20.037541
438,224,click,2025-11-15 17:25:20.037541
343,59,purchase,2025-12-05 17:25:20.037541
367,51,click,2025-07-05 17:25:20.037541
465,271,purchase,2025-08-17 17:25:20.037541
238,43,click,2025-08-04 17:25:20.037541
199,27,click,2025-08-15 17:25:20.037541
500,56,add_to_cart,2025-11-01 17:25:20.037541
16,121,purchase,2025-09-17 17:25:20.037541
309,113,add_to_cart,2025-10-05 17:25:20.037541
296,115,click,2025-09-04 17:25:20.037541
356,109,click,2025-11-09 17:25:20.037541
276,175,click,2025-09-06 17:25:20.037541
472,112,click,2025-08-26 17:25:20.037541
239,100,click,2025-11-16 17:25:20.037541
69,8,click,2025-11-08 17:25:20.037541
301,135,click,2025-07-25 17:25:20.037541
6,251,add_to_cart,2025-07-03 17:25:20.037541
220,240,click,2025-08-02 17:25:20.037541
254,222,click,2025-12-07 17:25:20.037541
453,145,click,2025-11-25 17:25:20.037541
433,4,click,2025-06-30 17:25:20.037541
295,282,click,2025-10-08 17:25:20.037541
358,197,click,2025-11-27 17:25:20.037541
386,128,purchase,2025-08-26 17:25:20.037541
107,261,click,2025-09-27 17:25:20.037541
295,91,click,2025-11-28 17:25:20.037541
118,259,click,2025-09-27 17:25:20.037541
405,94,click,2025-08-13 17:25:20.037541
168,257,click,2025-08-05 17:25:20.037541
485,136,click,2025-08-22 17:25:20.037541
251,13,click,2025-11-14 17:25:20.037541
82,198,add_to_cart,2025-09-19 17:25:20.037541
54,178,add_to_cart,2025-06-23 17:25:20.037541
240,112,click,2025-07-08 17:25:20.037541
366,264,add_to_cart,2025-10-05 17:25:20.037541
12,79,click,2025-08-08 17:25:20.037541
209,256,click,2025-10-23 17:25:20.037541
165,74,click,2025-09-04 17:25:20.037541
366,161,click,2025-11-04 17:25:20.037541
294,201,click,2025-07-06 17:25:20.037541
399,33,add_to_cart,2025-09-05 17:25:20.037541
7,73,add_to_cart,2025-08-19 17:25:20.037541
78,293,purchase,2025-08-23 17:25:20.037541
434,198,click,2025-10-17 17:25:20.037541
65,240,click,2025-08-14 17:25:20.037541
102,74,click,2025-10-28 17:25:20.037541
451,31,purchase,2025-11-23 17:25:20.037541
357,14,add_to_cart,2025-10-09 17:25:20.037541
300,205,add_to_cart,2025-11-11 17:25:20.037541
287,68,click,2025-07-27 17:25:20.037541
171,128,click,2025-11-24 17:25:20.037541
77,26,click,2025-07-11 17:25:20.037541
48,184,add_to_cart,2025-12-13 17:25:20.037541
255,137,add_to_cart,2025-10-02 17:25:20.037541
82,291,click,2025-12-06 17:25:20.037541
383,106,click,2025-10-10 17:25:20.037541
209,24,add_to_cart,2025-06-30 17:25:20.037541
209,194,click,2025-06-23 17:25:20.037541
445,169,purchase,2025-10-27 17:25:20.037541
459,36,click,2025-08-11 17:25:20.037541
84,101,click,2025-12-01 17:25:20.037541
10,34,add_to_cart,2025-08-16 17:25:20.037541
29,39,add_to_cart,2025-10-29 17:25:20.037541
304,211,click,2025-08-24 17:25:20.037541
482,230,purchase,2025-12-10 17:25:20.037541
465,279,purchase,2025-12-12 17:25:20.037541
446,80,click,2025-11-23 17:25:20.037541
116,238,click,2025-06-26 17:25:20.037541
490,172,click,2025-10-12 17:25:20.037541
269,59,click,2025-10-21 17:25:20.037541
428,22,purchase,2025-12-01 17:25:20.037541
47,238,click,2025-08-06 17:25:20.037541
359,296,click,2025-09-16 17:25:20.037541
448,94,purchase,2025-09-03 17:25:20.038540
91,244,click,2025-07-09 17:25:20.038540
53,11,add_to_cart,2025-12-07 17:25:20.038540
218,117,click,2025-11-07 17:25:20.038540
348,265,purchase,2025-11-06 17:25:20.038540
77,12,add_to_cart,2025-11-30 17:25:20.038540
204,154,purchase,2025-09-26 17:25:20.038540
44,38,purchase,2025-09-16 17:25:20.038540
156,131,click,2025-07-31 17:25:20.038540
2,225,click,2025-10-12 17:25:20.038540
357,143,add_to_cart,2025-08-23 17:25:20.038540
313,54,add_to_cart,2025-10-27 17:25:20.038540
57,24,click,2025-11-17 17:25:20.038540
290,121,purchase,2025-07-23 17:25:20.038540
471,119,click,2025-06-19 17:25:20.038540
58,161,purchase,2025-07-09 17:25:20.038540
254,74,click,2025-08-31 17:25:20.038540
180,185,click,2025-07-08 17:25:20.038540
493,192,click,2025-08-15 17:25:20.038540
157,220,click,2025-08-31 17:25:20.038540
35,121,click,2025-12-05 17:25:20.038540
75,209,click,2025-09-06 17:25:20.038540
432,300,click,2025-07-12 17:25:20.038540
289,164,add_to_cart,2025-07-21 17:25:20.038540
371,268,click,2025-07-19 17:25:20.038540
75,3,click,2025-07-26 17:25:20.038540
329,50,purchase,2025-11-11 17:25:20.038540
78,211,add_to_cart,2025-09-27 17:25:20.038540
255,16,click,2025-08-22 17:25:20.038540
265,168,add_to_cart,2025-08-30 17:25:20.038540
487,283,purchase,2025-07-07 17:25:20.038540
304,298,purchase,2025-07-21 17:25:20.038540
67,185,add_to_cart,2025-10-21 17:25:20.038540
221,138,add_to_cart,2025-10-26 17:25:20.038540
467,125,click,2025-09-12 17:25:20.038540
164,58,add_to_cart,2025-09-22 17:25:20.038540
480,66,add_to_cart,2025-10-27 17:25:20.038540
455,202,click,2025-07-11 17:25:20.038540
375,9,click,2025-08-17 17:25:20.038540
220,105,click,2025-07-16 17:25:20.038540
172,89,add_to_cart,2025-09-13 17:25:20.038540
254,89,click,2025-12-12 17:25:20.038540
210,6,click,2025-10-14 17:25:20.038540
188,158,purchase,2025-11-24 17:25:20.038540
191,103,click,2025-10-20 17:25:20.038540
389,223,purchase,2025-12-12 17:25:20.038540
215,171,click,2025-10-29 17:25:20.038540
375,33,click,2025-07-18 17:25:20.038540
86,181,click,2025-07-18 17:25:20.038540
474,184,click,2025-12-10 17:25:20.038540
106,87,click,2025-08-23 17:25:20.038540
332,69,add_to_cart,2025-10-06 17:25:20.038540
296,26,add_to_cart,2025-08-05 17:25:20.038540
19,6,purchase,2025-07-08 17:25:20.038540
47,256,click,2025-07-15 17:25:20.038540
65,182,click,2025-09-22 17:25:20.038540
451,295,click,2025-07-07 17:25:20.038540
475,260,click,2025-07-15 17:25:20.038540
146,234,add_to_cart,2025-11-26 17:25:20.038540
434,282,click,2025-12-02 17:25:20.038540
286,207,purchase,2025-08-21 17:25:20.038540
382,77,add_to_cart,2025-10-06 17:25:20.038540
66,168,add_to_cart,2025-09-12 17:25:20.038540
5,56,add_to_cart,2025-08-02 17:25:20.038540
93,295,click,2025-10-19 17:25:20.038540
353,81,add_to_cart,2025-12-15 17:25:20.038540
426,167,click,2025-07-10 17:25:20.038540
468,176,click,2025-08-02 17:25:20.038540
94,281,click,2025-09-24 17:25:20.038540
106,149,click,2025-07-31 17:25:20.038540
133,256,click,2025-11-28 17:25:20.038540
434,281,click,2025-09-14 17:25:20.038540
341,278,click,2025-10-11 17:25:20.038540
314,279,add_to_cart,2025-06-19 17:25:20.038540
79,206,click,2025-10-10 17:25:20.038540
212,30,click,2025-08-11 17:25:20.038540
8,218,click,2025-09-19 17:25:20.038540
497,231,add_to_cart,2025-12-07 17:25:20.038540
159,162,click,2025-08-31 17:25:20.038540
268,217,click,2025-10-29 17:25:20.038540
149,228,click,2025-08-12 17:25:20.038540
350,221,purchase,2025-10-17 17:25:20.038540
446,234,click,2025-09-29 17:25:20.038540
91,73,click,2025-08-12 17:25:20.038540
236,95,click,2025-08-20 17:25:20.038540
474,95,add_to_cart,2025-06-19 17:25:20.038540
289,243,click,2025-11-03 17:25:20.038540
410,293,purchase,2025-08-12 17:25:20.038540
474,263,click,2025-10-27 17:25:20.038540
356,124,click,2025-08-31 17:25:20.038540
168,288,click,2025-09-19 17:25:20.038540
193,267,add_to_cart,2025-12-02 17:25:20.038540
187,109,click,2025-11-28 17:25:20.038540
271,48,click,2025-09-30 17:25:20.038540
114,95,purchase,2025-11-12 17:25:20.038540
385,33,click,2025-09-24 17:25:20.038540
11,118,click,2025-11-05 17:25:20.038540
55,132,click,2025-08-19 17:25:20.038540
258,251,purchase,2025-10-02 17:25:20.038540
65,122,add_to_cart,2025-08-11 17:25:20.038540
479,218,add_to_cart,2025-06-22 17:25:20.038540
172,53,click,2025-10-08 17:25:20.038540
272,126,click,2025-08-01 17:25:20.038540
150,159,click,2025-10-29 17:25:20.038540
362,159,click,2025-12-04 17:25:20.038540
146,283,click,2025-08-25 17:25:20.038540
431,89,purchase,2025-12-02 17:25:20.038540
209,176,click,2025-10-13 17:25:20.038540
286,292,add_to_cart,2025-11-20 17:25:20.038540
10,159,click,2025-08-03 17:25:20.038540
227,249,add_to_cart,2025-10-22 17:25:20.038540
186,122,click,2025-10-18 17:25:20.038540
62,237,click,2025-09-28 17:25:20.038540
85,125,click,2025-10-09 17:25:20.038540
464,279,purchase,2025-07-11 17:25:20.038540
134,92,purchase,2025-07-18 17:25:20.038540
323,105,click,2025-07-24 17:25:20.038540
297,42,click,2025-08-08 17:25:20.038540
171,129,click,2025-10-05 17:25:20.038540
213,53,click,2025-07-02 17:25:20.038540
461,168,add_to_cart,2025-10-29 17:25:20.038540
18,90,click,2025-12-11 17:25:20.038540
314,247,click,2025-11-25 17:25:20.038540
60,174,add_to_cart,2025-06-21 17:25:20.038540
88,87,click,2025-07-21 17:25:20.038540
27,150,add_to_cart,2025-08-31 17:25:20.038540
68,249,click,2025-10-06 17:25:20.038540
278,115,add_to_cart,2025-09-13 17:25:20.038540
408,180,click,2025-09-13 17:25:20.038540
40,120,click,2025-10-04 17:25:20.038540
109,28,purchase,2025-07-14 17:25:20.038540
74,117,click,2025-12-14 17:25:20.038540
66,191,purchase,2025-09-16 17:25:20.038540
168,145,add_to_cart,2025-06-24 17:25:20.038540
262,262,purchase,2025-11-06 17:25:20.038540
368,142,click,2025-11-10 17:25:20.038540
274,114,click,2025-07-28 17:25:20.038540
337,273,add_to_cart,2025-09-06 17:25:20.038540
358,38,add_to_cart,2025-07-19 17:25:20.038540
237,197,add_to_cart,2025-11-28 17:25:20.038540
215,13,click,2025-08-23 17:25:20.038540
366,112,purchase,2025-12-10 17:25:20.038540
286,137,click,2025-10-10 17:25:20.038540
378,172,add_to_cart,2025-08-13 17:25:20.038540
149,127,click,2025-10-25 17:25:20.038540
318,19,click,2025-12-13 17:25:20.038540
394,208,click,2025-07-24 17:25:20.038540
376,158,add_to_cart,2025-08-11 17:25:20.038540
107,160,add_to_cart,2025-10-11 17:25:20.038540
141,240,purchase,2025-11-24 17:25:20.038540
76,79,click,2025-08-25 17:25:20.038540
9,197,click,2025-07-30 17:25:20.038540
196,120,click,2025-07-05 17:25:20.038540
295,248,click,2025-10-24 17:25:20.038540
280,139,click,2025-10-01 17:25:20.038540
381,226,click,2025-07-01 17:25:20.038540
118,83,click,2025-11-11 17:25:20.038540
290,26,click,2025-11-03 17:25:20.038540
487,128,click,2025-11-01 17:25:20.038540
61,223,purchase,2025-08-17 17:25:20.038540
425,44,add_to_cart,2025-06-30 17:25:20.038540
389,84,add_to_cart,2025-10-13 17:25:20.038540
335,25,add_to_cart,2025-12-01 17:25:20.038540
306,220,click,2025-11-02 17:25:20.038540
388,293,add_to_cart,2025-11-04 17:25:20.038540
51,204,add_to_cart,2025-09-22 17:25:20.038540
52,193,click,2025-12-12 17:25:20.038540
122,2,purchase,2025-10-06 17:25:20.038540
167,202,click,2025-11-17 17:25:20.038540
8,32,click,2025-06-30 17:25:20.038540
369,89,add_to_cart,2025-12-10 17:25:20.038540
45,202,add_to_cart,2025-07-02 17:25:20.038540
344,178,click,2025-09-26 17:25:20.038540
245,193,click,2025-09-14 17:25:20.038540
284,160,click,2025-07-14 17:25:20.038540
375,293,click,2025-08-03 17:25:20.038540
107,204,purchase,2025-07-30 17:25:20.038540
27,241,add_to_cart,2025-08-24 17:25:20.038540
193,115,add_to_cart,2025-09-04 17:25:20.038540
418,210,click,2025-11-14 17:25:20.038540
337,222,click,2025-08-24 17:25:20.039540
357,182,click,2025-09-20 17:25:20.039540
62,259,click,2025-10-26 17:25:20.039540
62,40,click,2025-11-06 17:25:20.039540
422,60,click,2025-08-03 17:25:20.039540
282,11,click,2025-12-15 17:25:20.039540
121,120,click,2025-07-16 17:25:20.039540
280,42,click,2025-12-10 17:25:20.039540
39,190,click,2025-09-12 17:25:20.039540
380,123,add_to_cart,2025-08-13 17:25:20.039540
277,189,click,2025-11-30 17:25:20.039540
94,252,add_to_cart,2025-07-26 17:25:20.039540
431,92,add_to_cart,2025-07-19 17:25:20.039540
115,213,purchase,2025-07-23 17:25:20.039540
176,202,click,2025-06-21 17:25:20.039540
121,268,click,2025-10-05 17:25:20.039540
13,155,click,2025-07-31 17:25:20.039540
485,195,purchase,2025-10-28 17:25:20.039540
387,28,add_to_cart,2025-08-31 17:25:20.039540
416,194,click,2025-07-31 17:25:20.039540
163,223,click,2025-11-07 17:25:20.039540
275,107,click,2025-10-19 17:25:20.039540
398,149,click,2025-06-29 17:25:20.039540
176,135,add_to_cart,2025-11-01 17:25:20.039540
470,95,click,2025-11-18 17:25:20.039540
337,270,click,2025-09-18 17:25:20.039540
379,126,click,2025-09-15 17:25:20.039540
324,12,click,2025-10-04 17:25:20.039540
173,294,click,2025-12-11 17:25:20.039540
488,295,click,2025-10-20 17:25:20.039540
275,4,click,2025-09-27 17:25:20.039540
64,168,add_to_cart,2025-11-17 17:25:20.039540
101,8,click,2025-10-22 17:25:20.039540
322,124,click,2025-07-18 17:25:20.039540
463,185,purchase,2025-10-20 17:25:20.039540
66,35,click,2025-07-23 17:25:20.039540
331,73,click,2025-07-15 17:25:20.039540
45,13,click,2025-08-05 17:25:20.039540
87,39,click,2025-08-02 17:25:20.039540
458,84,click,2025-07-22 17:25:20.039540
67,21,click,2025-07-13 17:25:20.039540
453,253,click,2025-09-23 17:25:20.039540
259,258,add_to_cart,2025-10-27 17:25:20.039540
422,300,click,2025-09-21 17:25:20.039540
205,30,purchase,2025-10-01 17:25:20.039540
426,128,add_to_cart,2025-12-08 17:25:20.039540
467,40,add_to_cart,2025-07-14 17:25:20.039540
424,97,add_to_cart,2025-08-29 17:25:20.039540
178,224,click,2025-11-13 17:25:20.039540
419,92,click,2025-09-05 17:25:20.039540
280,280,purchase,2025-06-25 17:25:20.039540
344,170,click,2025-07-04 17:25:20.039540
17,284,click,2025-08-17 17:25:20.039540
296,222,click,2025-08-11 17:25:20.039540
202,117,click,2025-07-26 17:25:20.039540
450,248,click,2025-07-13 17:25:20.039540
172,89,click,2025-09-13 17:25:20.039540
407,78,add_to_cart,2025-12-13 17:25:20.039540
262,74,click,2025-10-25 17:25:20.039540
194,14,add_to_cart,2025-11-02 17:25:20.039540
149,45,click,2025-10-17 17:25:20.039540
375,38,click,2025-10-19 17:25:20.039540
376,245,click,2025-09-12 17:25:20.039540
35,62,add_to_cart,2025-07-27 17:25:20.039540
369,96,purchase,2025-08-04 17:25:20.039540
29,252,click,2025-11-27 17:25:20.039540
263,61,click,2025-12-11 17:25:20.039540
221,269,add_to_cart,2025-06-22 17:25:20.039540
53,119,add_to_cart,2025-06-20 17:25:20.039540
421,87,click,2025-08-15 17:25:20.039540
279,83,click,2025-11-20 17:25:20.039540
353,80,purchase,2025-08-24 17:25:20.039540
392,228,click,2025-08-30 17:25:20.039540
76,111,click,2025-11-28 17:25:20.039540
494,71,click,2025-06-26 17:25:20.039540
176,25,add_to_cart,2025-12-07 17:25:20.039540
10,279,click,2025-09-17 17:25:20.039540
463,202,add_to_cart,2025-08-08 17:25:20.039540
117,225,add_to_cart,2025-08-16 17:25:20.039540
280,267,click,2025-11-04 17:25:20.039540
218,283,click,2025-08-29 17:25:20.039540
175,117,purchase,2025-10-07 17:25:20.039540
234,67,click,2025-09-23 17:25:20.039540
437,47,click,2025-10-05 17:25:20.039540
252,241,purchase,2025-08-29 17:25:20.039540
295,178,purchase,2025-10-09 17:25:20.039540
451,8,click,2025-09-18 17:25:20.039540
322,183,click,2025-11-15 17:25:20.039540
6,77,click,2025-08-16 17:25:20.039540
21,67,purchase,2025-11-27 17:25:20.039540
73,148,add_to_cart,2025-10-06 17:25:20.039540
330,173,click,2025-06-24 17:25:20.039540
36,35,add_to_cart,2025-11-09 17:25:20.039540
387,77,add_to_cart,2025-09-13 17:25:20.039540
233,280,click,2025-11-27 17:25:20.039540
216,185,add_to_cart,2025-09-14 17:25:20.039540
470,55,click,2025-07-16 17:25:20.039540
497,94,add_to_cart,2025-10-24 17:25:20.039540
206,144,click,2025-10-02 17:25:20.039540
426,247,add_to_cart,2025-08-06 17:25:20.039540
429,200,click,2025-10-31 17:25:20.039540
44,236,click,2025-07-10 17:25:20.039540
91,220,click,2025-11-10 17:25:20.039540
417,216,add_to_cart,2025-08-06 17:25:20.039540
316,49,click,2025-08-08 17:25:20.039540
470,285,add_to_cart,2025-07-02 17:25:20.039540
93,118,click,2025-11-02 17:25:20.039540
467,82,add_to_cart,2025-09-16 17:25:20.039540
339,263,click,2025-09-17 17:25:20.039540
454,77,click,2025-07-22 17:25:20.039540
493,211,click,2025-08-17 17:25:20.039540
83,122,click,2025-08-30 17:25:20.039540
333,90,add_to_cart,2025-11-05 17:25:20.039540
282,258,add_to_cart,2025-08-16 17:25:20.039540
470,161,click,2025-09-04 17:25:20.039540
21,176,add_to_cart,2025-09-10 17:25:20.039540
228,293,click,2025-11-08 17:25:20.039540
376,89,click,2025-08-24 17:25:20.039540
130,127,click,2025-07-06 17:25:20.039540
175,286,click,2025-12-05 17:25:20.039540
108,297,add_to_cart,2025-09-29 17:25:20.039540
414,260,purchase,2025-10-07 17:25:20.039540
283,244,click,2025-11-03 17:25:20.039540
71,111,click,2025-09-03 17:25:20.039540
404,24,purchase,2025-09-18 17:25:20.039540
50,50,click,2025-08-20 17:25:20.039540
95,37,click,2025-12-11 17:25:20.039540
279,181,click,2025-07-15 17:25:20.039540
397,253,add_to_cart,2025-11-14 17:25:20.039540
337,25,add_to_cart,2025-10-30 17:25:20.039540
132,125,add_to_cart,2025-09-17 17:25:20.039540
398,31,click,2025-10-27 17:25:20.039540
276,237,add_to_cart,2025-09-08 17:25:20.039540
380,227,click,2025-07-13 17:25:20.039540
13,38,purchase,2025-09-12 17:25:20.039540
3,58,click,2025-09-28 17:25:20.039540
474,236,click,2025-10-19 17:25:20.039540
474,181,purchase,2025-07-01 17:25:20.039540
466,114,add_to_cart,2025-10-05 17:25:20.039540
224,132,add_to_cart,2025-06-25 17:25:20.039540
462,180,click,2025-10-03 17:25:20.039540
175,78,add_to_cart,2025-06-26 17:25:20.039540
387,220,add_to_cart,2025-07-31 17:25:20.039540
385,142,add_to_cart,2025-09-05 17:25:20.039540
90,43,purchase,2025-10-29 17:25:20.039540
408,118,click,2025-11-18 17:25:20.039540
241,59,click,2025-08-24 17:25:20.039540
35,61,add_to_cart,2025-11-26 17:25:20.039540
14,41,click,2025-09-19 17:25:20.039540
195,274,click,2025-10-07 17:25:20.039540
397,188,click,2025-11-05 17:25:20.039540
431,187,add_to_cart,2025-08-26 17:25:20.039540
306,228,click,2025-09-11 17:25:20.039540
334,164,click,2025-12-10 17:25:20.039540
213,286,click,2025-07-30 17:25:20.039540
410,102,click,2025-11-16 17:25:20.039540
3,267,click,2025-08-07 17:25:20.039540
179,124,click,2025-07-08 17:25:20.039540
40,153,purchase,2025-10-23 17:25:20.039540
452,179,click,2025-06-24 17:25:20.039540
164,66,add_to_cart,2025-12-06 17:25:20.039540
307,99,add_to_cart,2025-11-27 17:25:20.039540
235,24,click,2025-12-07 17:25:20.039540
257,249,click,2025-08-03 17:25:20.039540
360,165,purchase,2025-10-16 17:25:20.039540
495,94,click,2025-12-02 17:25:20.039540
417,124,click,2025-12-14 17:25:20.039540
391,156,click,2025-07-19 17:25:20.039540
373,249,click,2025-11-01 17:25:20.039540
116,271,click,2025-11-26 17:25:20.039540
52,58,click,2025-11-20 17:25:20.039540
376,195,click,2025-11-07 17:25:20.039540
395,201,add_to_cart,2025-07-18 17:25:20.039540
411,72,purchase,2025-07-16 17:25:20.039540
142,247,click,2025-08-22 17:25:20.039540
86,98,click,2025-08-13 17:25:20.039540
464,81,add_to_cart,2025-07-30 17:25:20.039540
46,65,click,2025-11-21 17:25:20.039540
332,5,click,2025-07-10 17:25:20.039540
497,284,add_to_cart,2025-06-25 17:25:20.039540
238,294,purchase,2025-07-14 17:25:20.039540
10,81,click,2025-09-07 17:25:20.039540
152,87,click,2025-10-14 17:25:20.040540
61,293,click,2025-08-23 17:25:20.040540
494,281,click,2025-10-30 17:25:20.040540
18,197,click,2025-07-27 17:25:20.040540
86,252,click,2025-11-23 17:25:20.040540
137,83,click,2025-11-30 17:25:20.040540
401,27,click,2025-07-21 17:25:20.040540
230,182,click,2025-08-07 17:25:20.040540
128,135,purchase,2025-12-10 17:25:20.040540
104,90,purchase,2025-11-17 17:25:20.040540
186,206,add_to_cart,2025-12-12 17:25:20.040540
397,27,click,2025-08-24 17:25:20.040540
178,59,click,2025-12-08 17:25:20.040540
357,72,add_to_cart,2025-10-29 17:25:20.040540
6,227,add_to_cart,2025-09-23 17:25:20.040540
341,91,add_to_cart,2025-11-30 17:25:20.040540
307,68,click,2025-10-30 17:25:20.040540
36,260,add_to_cart,2025-11-15 17:25:20.040540
327,146,purchase,2025-09-11 17:25:20.040540
356,63,click,2025-08-16 17:25:20.040540
281,180,click,2025-11-17 17:25:20.040540
395,111,click,2025-10-01 17:25:20.040540
300,191,add_to_cart,2025-10-09 17:25:20.040540
14,246,click,2025-08-19 17:25:20.040540
237,278,purchase,2025-06-28 17:25:20.040540
285,297,click,2025-11-12 17:25:20.040540
330,123,purchase,2025-12-10 17:25:20.040540
50,57,click,2025-10-28 17:25:20.040540
496,160,click,2025-10-26 17:25:20.040540
261,127,add_to_cart,2025-12-07 17:25:20.040540
456,225,purchase,2025-08-05 17:25:20.040540
110,95,purchase,2025-08-28 17:25:20.040540
197,6,click,2025-11-30 17:25:20.040540
378,265,click,2025-09-23 17:25:20.040540
252,234,click,2025-08-10 17:25:20.040540
88,288,click,2025-07-06 17:25:20.040540
488,16,click,2025-07-31 17:25:20.040540
313,140,click,2025-06-24 17:25:20.040540
26,297,purchase,2025-09-15 17:25:20.040540
262,195,click,2025-11-11 17:25:20.040540
144,186,add_to_cart,2025-10-15 17:25:20.040540
60,125,add_to_cart,2025-11-13 17:25:20.040540
356,17,click,2025-07-26 17:25:20.040540
268,26,purchase,2025-09-22 17:25:20.040540
75,213,click,2025-09-01 17:25:20.040540
3,1,purchase,2025-07-06 17:25:20.040540
63,291,purchase,2025-08-15 17:25:20.040540
236,265,purchase,2025-08-23 17:25:20.040540
448,38,add_to_cart,2025-08-21 17:25:20.040540
446,233,click,2025-09-06 17:25:20.040540
229,260,click,2025-07-31 17:25:20.040540
390,261,click,2025-09-27 17:25:20.040540
275,238,click,2025-07-21 17:25:20.040540
18,106,add_to_cart,2025-08-02 17:25:20.040540
80,247,add_to_cart,2025-08-29 17:25:20.040540
215,38,click,2025-09-12 17:25:20.040540
171,46,click,2025-12-08 17:25:20.040540
485,210,click,2025-07-28 17:25:20.040540
329,93,click,2025-09-19 17:25:20.040540
255,220,click,2025-10-18 17:25:20.040540
387,256,add_to_cart,2025-09-26 17:25:20.040540
126,137,add_to_cart,2025-06-24 17:25:20.040540
255,231,click,2025-10-17 17:25:20.040540
72,202,click,2025-06-30 17:25:20.040540
38,66,add_to_cart,2025-10-25 17:25:20.040540
324,38,click,2025-10-01 17:25:20.040540
204,155,purchase,2025-08-18 17:25:20.040540
172,105,click,2025-11-10 17:25:20.040540
223,255,click,2025-09-30 17:25:20.040540
217,16,purchase,2025-09-08 17:25:20.040540
245,79,click,2025-10-08 17:25:20.040540
336,13,click,2025-07-28 17:25:20.040540
191,102,add_to_cart,2025-12-05 17:25:20.040540
298,152,add_to_cart,2025-12-08 17:25:20.040540
320,178,click,2025-07-10 17:25:20.040540
182,87,click,2025-10-15 17:25:20.040540
334,88,click,2025-07-29 17:25:20.040540
383,29,add_to_cart,2025-07-30 17:25:20.040540
205,100,click,2025-07-24 17:25:20.040540
361,115,add_to_cart,2025-07-14 17:25:20.040540
199,210,add_to_cart,2025-09-30 17:25:20.040540
332,74,click,2025-07-28 17:25:20.040540
165,135,click,2025-09-02 17:25:20.040540
242,269,click,2025-09-21 17:25:20.040540
388,78,click,2025-08-28 17:25:20.040540
130,125,add_to_cart,2025-06-27 17:25:20.040540
227,38,add_to_cart,2025-10-19 17:25:20.040540
122,269,click,2025-09-19 17:25:20.040540
44,106,purchase,2025-07-11 17:25:20.040540
451,44,click,2025-07-28 17:25:20.040540
196,225,click,2025-12-08 17:25:20.040540
358,242,click,2025-08-31 17:25:20.040540
204,153,click,2025-08-18 17:25:20.040540
467,24,click,2025-10-13 17:25:20.040540
458,124,purchase,2025-10-25 17:25:20.040540
318,285,click,2025-08-04 17:25:20.040540
257,261,purchase,2025-10-06 17:25:20.040540
17,146,click,2025-11-24 17:25:20.040540
272,191,add_to_cart,2025-09-28 17:25:20.040540
9,165,purchase,2025-11-09 17:25:20.040540
249,71,click,2025-06-30 17:25:20.040540
437,201,click,2025-07-21 17:25:20.040540
201,12,click,2025-09-12 17:25:20.040540
59,52,purchase,2025-08-23 17:25:20.040540
375,256,add_to_cart,2025-06-26 17:25:20.040540
393,300,add_to_cart,2025-08-16 17:25:20.040540
140,9,add_to_cart,2025-10-19 17:25:20.040540
119,140,click,2025-07-04 17:25:20.040540
41,100,click,2025-07-02 17:25:20.040540
399,137,click,2025-12-13 17:25:20.040540
322,22,click,2025-09-30 17:25:20.040540
331,145,add_to_cart,2025-10-02 17:25:20.040540
267,161,add_to_cart,2025-09-14 17:25:20.040540
8,249,purchase,2025-11-08 17:25:20.040540
183,175,click,2025-06-25 17:25:20.040540
480,88,click,2025-08-17 17:25:20.040540
134,33,add_to_cart,2025-10-28 17:25:20.040540
181,271,click,2025-11-12 17:25:20.040540
404,283,click,2025-07-15 17:25:20.040540
423,226,click,2025-08-08 17:25:20.040540
355,112,click,2025-08-15 17:25:20.040540
72,82,purchase,2025-10-21 17:25:20.040540
498,213,click,2025-09-07 17:25:20.040540
113,8,purchase,2025-08-03 17:25:20.040540
107,134,purchase,2025-08-22 17:25:20.040540
290,118,click,2025-11-10 17:25:20.040540
313,84,add_to_cart,2025-07-01 17:25:20.040540
117,258,click,2025-11-20 17:25:20.040540
120,243,click,2025-09-23 17:25:20.040540
147,237,purchase,2025-10-02 17:25:20.040540
327,150,click,2025-09-17 17:25:20.040540
415,21,click,2025-08-17 17:25:20.040540
210,134,click,2025-09-08 17:25:20.040540
296,96,click,2025-10-08 17:25:20.040540
398,13,click,2025-11-30 17:25:20.040540
103,1,click,2025-10-02 17:25:20.040540
124,150,click,2025-09-10 17:25:20.040540
245,117,purchase,2025-08-01 17:25:20.040540
379,152,click,2025-07-19 17:25:20.040540
356,64,click,2025-12-11 17:25:20.040540
209,150,click,2025-08-18 17:25:20.040540
421,12,add_to_cart,2025-11-03 17:25:20.040540
428,90,click,2025-09-09 17:25:20.040540
393,83,purchase,2025-11-16 17:25:20.040540
314,250,add_to_cart,2025-10-03 17:25:20.040540
404,33,click,2025-08-10 17:25:20.040540
109,149,click,2025-11-14 17:25:20.040540
377,128,click,2025-11-29 17:25:20.040540
348,100,add_to_cart,2025-08-30 17:25:20.040540
50,212,click,2025-10-10 17:25:20.040540
404,74,add_to_cart,2025-08-11 17:25:20.040540
105,96,purchase,2025-07-15 17:25:20.040540
420,92,add_to_cart,2025-12-04 17:25:20.040540
373,175,add_to_cart,2025-11-09 17:25:20.040540
27,225,add_to_cart,2025-06-29 17:25:20.040540
456,175,click,2025-10-20 17:25:20.040540
288,56,click,2025-12-04 17:25:20.040540
257,269,click,2025-06-25 17:25:20.040540
273,35,click,2025-07-14 17:25:20.040540
137,119,purchase,2025-09-29 17:25:20.040540
340,56,click,2025-12-09 17:25:20.040540
301,105,add_to_cart,2025-11-08 17:25:20.040540
480,176,add_to_cart,2025-06-23 17:25:20.040540
322,106,add_to_cart,2025-11-04 17:25:20.040540
32,80,click,2025-08-15 17:25:20.040540
45,163,click,2025-07-14 17:25:20.040540
265,267,click,2025-07-31 17:25:20.040540
30,51,purchase,2025-11-04 17:25:20.040540
84,279,click,2025-08-31 17:25:20.040540
166,75,click,2025-11-05 17:25:20.040540
316,127,click,2025-12-07 17:25:20.040540
1,246,click,2025-08-30 17:25:20.040540
249,234,click,2025-06-25 17:25:20.040540
261,155,purchase,2025-09-02 17:25:20.040540
63,73,add_to_cart,2025-09-14 17:25:20.040540
483,137,purchase,2025-09-25 17:25:20.040540
164,274,click,2025-09-14 17:25:20.040540
321,44,click,2025-08-19 17:25:20.040540
334,247,add_to_cart,2025-08-17 17:25:20.040540
201,149,add_to_cart,2025-12-03 17:25:20.040540
222,56,click,2025-09-21 17:25:20.041540
152,176,purchase,2025-11-30 17:25:20.041540
132,257,purchase,2025-06-26 17:25:20.041540
114,63,click,2025-11-14 17:25:20.041540
462,63,click,2025-07-01 17:25:20.041540
217,294,click,2025-09-17 17:25:20.041540
196,29,purchase,2025-09-12 17:25:20.041540
281,40,click,2025-06-27 17:25:20.041540
202,147,add_to_cart,2025-09-01 17:25:20.041540
483,88,add_to_cart,2025-08-20 17:25:20.041540
135,56,click,2025-06-24 17:25:20.041540
234,300,click,2025-08-25 17:25:20.041540
141,193,click,2025-10-07 17:25:20.041540
196,100,purchase,2025-11-11 17:25:20.041540
498,215,add_to_cart,2025-10-02 17:25:20.041540
43,141,add_to_cart,2025-11-09 17:25:20.041540
57,49,click,2025-11-24 17:25:20.041540
420,115,click,2025-07-28 17:25:20.041540
142,229,purchase,2025-07-25 17:25:20.041540
210,252,click,2025-09-21 17:25:20.041540
72,75,click,2025-10-17 17:25:20.041540
224,191,click,2025-11-04 17:25:20.041540
27,199,click,2025-07-28 17:25:20.041540
128,163,click,2025-07-09 17:25:20.041540
106,139,click,2025-11-23 17:25:20.041540
165,49,add_to_cart,2025-06-28 17:25:20.041540
215,115,click,2025-07-09 17:25:20.041540
71,168,purchase,2025-09-05 17:25:20.041540
204,277,click,2025-07-13 17:25:20.041540
153,47,click,2025-07-08 17:25:20.041540
67,259,click,2025-07-15 17:25:20.041540
90,216,purchase,2025-09-26 17:25:20.041540
260,230,purchase,2025-06-29 17:25:20.041540
362,127,click,2025-11-17 17:25:20.041540
228,225,click,2025-08-08 17:25:20.041540
79,150,click,2025-09-05 17:25:20.041540
96,287,purchase,2025-07-07 17:25:20.041540
349,46,add_to_cart,2025-08-24 17:25:20.041540
330,14,purchase,2025-08-28 17:25:20.041540
469,121,click,2025-07-03 17:25:20.041540
382,191,click,2025-12-04 17:25:20.041540
246,166,add_to_cart,2025-06-19 17:25:20.041540
272,117,purchase,2025-07-20 17:25:20.041540
495,124,click,2025-09-16 17:25:20.041540
403,54,click,2025-11-06 17:25:20.041540
157,271,purchase,2025-09-06 17:25:20.041540
116,199,click,2025-06-22 17:25:20.041540
435,216,click,2025-07-15 17:25:20.041540
18,113,click,2025-10-25 17:25:20.041540
442,16,click,2025-10-15 17:25:20.041540
172,216,click,2025-10-08 17:25:20.041540
16,135,add_to_cart,2025-08-28 17:25:20.041540
449,43,click,2025-10-16 17:25:20.041540
240,252,click,2025-09-23 17:25:20.041540
386,284,add_to_cart,2025-10-31 17:25:20.041540
56,98,purchase,2025-10-05 17:25:20.041540
79,60,add_to_cart,2025-08-31 17:25:20.041540
103,230,add_to_cart,2025-07-12 17:25:20.041540
284,131,purchase,2025-10-27 17:25:20.041540
193,159,add_to_cart,2025-09-02 17:25:20.041540
5,84,purchase,2025-12-14 17:25:20.041540
106,208,add_to_cart,2025-10-11 17:25:20.041540
278,174,add_to_cart,2025-09-05 17:25:20.041540
373,288,add_to_cart,2025-06-28 17:25:20.041540
100,81,purchase,2025-07-31 17:25:20.041540
238,18,add_to_cart,2025-08-29 17:25:20.041540
269,196,add_to_cart,2025-09-15 17:25:20.041540
321,291,click,2025-11-18 17:25:20.041540
400,279,purchase,2025-08-10 17:25:20.041540
489,254,click,2025-12-14 17:25:20.041540
86,142,click,2025-07-12 17:25:20.041540
320,165,add_to_cart,2025-10-25 17:25:20.041540
32,5,click,2025-07-27 17:25:20.041540
336,251,click,2025-11-18 17:25:20.041540
51,150,click,2025-12-15 17:25:20.041540
79,28,click,2025-11-02 17:25:20.041540
186,237,click,2025-09-27 17:25:20.041540
174,132,click,2025-09-22 17:25:20.041540
436,285,purchase,2025-06-28 17:25:20.041540
106,293,click,2025-11-29 17:25:20.041540
63,163,add_to_cart,2025-12-01 17:25:20.041540
76,227,add_to_cart,2025-10-29 17:25:20.041540
316,130,click,2025-10-31 17:25:20.041540
321,58,add_to_cart,2025-06-22 17:25:20.041540
373,146,click,2025-07-05 17:25:20.041540
81,122,add_to_cart,2025-12-02 17:25:20.041540
361,192,click,2025-08-07 17:25:20.041540
128,245,purchase,2025-09-07 17:25:20.041540
183,103,click,2025-08-04 17:25:20.041540
243,250,click,2025-08-12 17:25:20.041540
185,22,click,2025-11-24 17:25:20.041540
498,60,add_to_cart,2025-11-24 17:25:20.041540
220,238,click,2025-07-05 17:25:20.041540
71,134,click,2025-09-16 17:25:20.041540
457,262,click,2025-06-21 17:25:20.041540
342,42,click,2025-10-01 17:25:20.041540
154,74,add_to_cart,2025-09-27 17:25:20.041540
245,297,click,2025-08-25 17:25:20.041540
140,22,add_to_cart,2025-11-11 17:25:20.041540
71,220,click,2025-12-07 17:25:20.041540
46,79,click,2025-07-12 17:25:20.041540
47,235,click,2025-11-19 17:25:20.041540
79,157,purchase,2025-09-18 17:25:20.041540
422,114,add_to_cart,2025-10-18 17:25:20.041540
149,290,click,2025-06-29 17:25:20.041540
398,96,add_to_cart,2025-11-08 17:25:20.041540
130,130,add_to_cart,2025-09-18 17:25:20.041540
456,109,click,2025-08-06 17:25:20.041540
127,75,click,2025-08-31 17:25:20.041540
365,275,click,2025-06-19 17:25:20.041540
119,20,click,2025-11-02 17:25:20.041540
454,161,click,2025-11-23 17:25:20.041540
485,209,add_to_cart,2025-10-07 17:25:20.041540
357,94,click,2025-09-30 17:25:20.041540
417,82,click,2025-10-08 17:25:20.041540
489,104,click,2025-08-06 17:25:20.041540
262,237,click,2025-08-07 17:25:20.041540
244,260,click,2025-11-23 17:25:20.041540
474,160,add_to_cart,2025-11-09 17:25:20.041540
382,61,click,2025-11-28 17:25:20.041540
103,38,add_to_cart,2025-09-08 17:25:20.041540
489,118,click,2025-12-11 17:25:20.041540
37,168,add_to_cart,2025-11-05 17:25:20.041540
142,69,click,2025-09-15 17:25:20.041540
37,83,add_to_cart,2025-07-03 17:25:20.041540
8,235,add_to_cart,2025-06-24 17:25:20.041540
231,42,click,2025-08-15 17:25:20.041540
333,99,add_to_cart,2025-09-25 17:25:20.041540
397,130,click,2025-10-05 17:25:20.041540
296,28,click,2025-07-29 17:25:20.041540
107,233,purchase,2025-07-11 17:25:20.041540
348,229,click,2025-12-10 17:25:20.041540
442,117,click,2025-08-19 17:25:20.041540
18,107,click,2025-08-27 17:25:20.041540
313,295,click,2025-08-26 17:25:20.041540
83,160,purchase,2025-10-08 17:25:20.041540
422,4,click,2025-07-30 17:25:20.041540
288,149,click,2025-08-17 17:25:20.041540
470,234,click,2025-07-24 17:25:20.041540
194,254,click,2025-09-30 17:25:20.041540
461,248,click,2025-11-26 17:25:20.041540
215,70,click,2025-09-12 17:25:20.041540
281,203,click,2025-07-15 17:25:20.041540
220,148,purchase,2025-09-15 17:25:20.041540
442,221,click,2025-07-16 17:25:20.041540
459,186,click,2025-08-26 17:25:20.041540
289,48,purchase,2025-11-28 17:25:20.041540
344,263,add_to_cart,2025-07-12 17:25:20.041540
194,296,add_to_cart,2025-10-10 17:25:20.041540
158,292,add_to_cart,2025-11-11 17:25:20.041540
465,172,click,2025-09-05 17:25:20.041540
104,31,add_to_cart,2025-12-01 17:25:20.041540
34,170,click,2025-10-26 17:25:20.041540
102,44,add_to_cart,2025-08-07 17:25:20.041540
127,43,click,2025-11-25 17:25:20.041540
214,134,purchase,2025-12-13 17:25:20.041540
325,219,add_to_cart,2025-11-11 17:25:20.041540
432,86,click,2025-06-21 17:25:20.041540
296,251,click,2025-12-08 17:25:20.041540
179,265,click,2025-06-23 17:25:20.041540
80,11,add_to_cart,2025-12-13 17:25:20.041540
141,80,click,2025-10-23 17:25:20.041540
474,109,click,2025-08-26 17:25:20.041540
31,118,purchase,2025-08-08 17:25:20.041540
372,252,purchase,2025-07-08 17:25:20.041540
423,18,purchase,2025-07-29 17:25:20.041540
63,256,click,2025-11-27 17:25:20.041540
48,245,add_to_cart,2025-07-23 17:25:20.041540
87,153,purchase,2025-06-21 17:25:20.041540
304,97,click,2025-09-22 17:25:20.041540
61,186,click,2025-11-24 17:25:20.041540
396,30,add_to_cart,2025-11-16 17:25:20.041540
334,115,purchase,2025-09-25 17:25:20.041540
440,241,add_to_cart,2025-08-04 17:25:20.041540
274,257,click,2025-08-09 17:25:20.041540
411,113,click,2025-08-01 17:25:20.041540
284,29,add_to_cart,2025-10-25 17:25:20.041540
466,226,click,2025-11-17 17:25:20.041540
80,244,add_to_cart,2025-10-15 17:25:20.041540
180,19,click,2025-11-17 17:25:20.041540
272,112,click,2025-08-05 17:25:20.041540
77,212,click,2025-11-24 17:25:20.041540
442,233,click,2025-06-22 17:25:20.042540
221,159,add_to_cart,2025-08-19 17:25:20.042540
393,60,click,2025-08-02 17:25:20.042540
282,93,add_to_cart,2025-08-23 17:25:20.042540
28,248,add_to_cart,2025-09-25 17:25:20.042540
361,158,click,2025-08-30 17:25:20.042540
77,141,purchase,2025-10-09 17:25:20.042540
164,220,add_to_cart,2025-11-06 17:25:20.042540
9,89,add_to_cart,2025-09-16 17:25:20.042540
175,155,purchase,2025-07-17 17:25:20.042540
462,233,click,2025-10-01 17:25:20.042540
307,193,click,2025-07-28 17:25:20.042540
76,99,click,2025-06-21 17:25:20.042540
245,113,click,2025-06-26 17:25:20.042540
122,107,click,2025-08-06 17:25:20.042540
185,24,add_to_cart,2025-09-17 17:25:20.042540
32,281,click,2025-10-12 17:25:20.042540
486,204,click,2025-07-14 17:25:20.042540
451,11,click,2025-09-01 17:25:20.042540
250,205,click,2025-09-05 17:25:20.042540
57,25,add_to_cart,2025-07-30 17:25:20.042540
310,140,add_to_cart,2025-11-04 17:25:20.042540
372,123,click,2025-09-21 17:25:20.042540
144,11,click,2025-09-15 17:25:20.042540
318,266,click,2025-07-03 17:25:20.042540
84,81,add_to_cart,2025-09-18 17:25:20.042540
480,109,purchase,2025-10-15 17:25:20.042540
56,208,click,2025-08-06 17:25:20.042540
279,244,add_to_cart,2025-11-12 17:25:20.042540
273,276,purchase,2025-11-20 17:25:20.042540
464,261,click,2025-08-21 17:25:20.042540
166,297,purchase,2025-10-23 17:25:20.042540
456,63,click,2025-07-14 17:25:20.042540
467,184,purchase,2025-07-02 17:25:20.042540
158,32,click,2025-11-25 17:25:20.042540
249,283,click,2025-10-23 17:25:20.042540
186,7,purchase,2025-09-09 17:25:20.042540
482,174,click,2025-10-14 17:25:20.042540
78,146,purchase,2025-11-04 17:25:20.042540
22,252,click,2025-08-28 17:25:20.042540
108,166,add_to_cart,2025-07-15 17:25:20.042540
273,103,click,2025-07-21 17:25:20.042540
252,193,purchase,2025-08-22 17:25:20.042540
15,17,click,2025-08-10 17:25:20.042540
370,90,click,2025-08-31 17:25:20.042540
304,86,add_to_cart,2025-12-11 17:25:20.042540
160,103,purchase,2025-07-25 17:25:20.042540
205,82,click,2025-08-01 17:25:20.042540
469,126,click,2025-11-21 17:25:20.042540
113,38,click,2025-07-03 17:25:20.042540
168,213,click,2025-08-02 17:25:20.042540
353,225,add_to_cart,2025-08-10 17:25:20.042540
253,222,click,2025-10-12 17:25:20.042540
441,247,add_to_cart,2025-07-10 17:25:20.042540
186,136,click,2025-11-13 17:25:20.042540
347,286,click,2025-08-14 17:25:20.042540
227,231,click,2025-08-10 17:25:20.042540
16,9,add_to_cart,2025-09-25 17:25:20.042540
156,225,click,2025-11-10 17:25:20.042540
354,107,click,2025-09-23 17:25:20.042540
111,187,click,2025-07-17 17:25:20.042540
1,221,add_to_cart,2025-11-18 17:25:20.042540
41,95,click,2025-10-17 17:25:20.042540
48,195,purchase,2025-09-13 17:25:20.042540
415,242,add_to_cart,2025-09-28 17:25:20.042540
420,230,click,2025-08-24 17:25:20.042540
108,5,click,2025-10-04 17:25:20.042540
161,4,click,2025-08-14 17:25:20.042540
161,264,purchase,2025-11-07 17:25:20.042540
359,253,click,2025-07-10 17:25:20.042540
128,163,click,2025-12-15 17:25:20.042540
210,141,click,2025-12-03 17:25:20.042540
151,296,add_to_cart,2025-11-04 17:25:20.042540
444,19,add_to_cart,2025-07-04 17:25:20.042540
255,82,purchase,2025-11-11 17:25:20.042540
471,4,click,2025-11-09 17:25:20.042540
463,128,click,2025-10-02 17:25:20.042540
218,187,click,2025-08-11 17:25:20.042540
30,146,purchase,2025-11-26 17:25:20.042540
473,152,purchase,2025-07-18 17:25:20.042540
45,93,purchase,2025-10-20 17:25:20.042540
80,31,click,2025-06-21 17:25:20.042540
39,28,click,2025-07-03 17:25:20.042540
240,137,click,2025-10-30 17:25:20.042540
45,90,click,2025-08-30 17:25:20.042540
78,49,click,2025-09-14 17:25:20.042540
337,258,click,2025-08-10 17:25:20.042540
396,6,click,2025-07-11 17:25:20.042540
349,29,click,2025-09-14 17:25:20.042540
288,156,click,2025-08-16 17:25:20.042540
440,263,click,2025-11-03 17:25:20.042540
280,34,add_to_cart,2025-08-20 17:25:20.042540
116,237,click,2025-07-14 17:25:20.042540
269,138,add_to_cart,2025-09-25 17:25:20.042540
404,57,click,2025-10-13 17:25:20.042540
335,175,add_to_cart,2025-12-10 17:25:20.042540
312,214,click,2025-09-11 17:25:20.042540
53,27,click,2025-11-15 17:25:20.042540
68,295,add_to_cart,2025-09-20 17:25:20.042540
182,119,purchase,2025-07-12 17:25:20.042540
34,147,click,2025-08-07 17:25:20.042540
284,265,click,2025-09-10 17:25:20.042540
306,258,purchase,2025-09-04 17:25:20.042540
386,189,click,2025-08-30 17:25:20.042540
249,231,click,2025-07-21 17:25:20.042540
111,198,purchase,2025-10-19 17:25:20.042540
94,239,add_to_cart,2025-10-20 17:25:20.042540
410,70,click,2025-10-06 17:25:20.042540
179,252,purchase,2025-12-12 17:25:20.042540
47,193,click,2025-11-04 17:25:20.042540
282,25,click,2025-09-05 17:25:20.042540
340,70,add_to_cart,2025-11-12 17:25:20.042540
362,156,click,2025-11-28 17:25:20.042540
92,146,click,2025-09-10 17:25:20.042540
376,219,purchase,2025-08-26 17:25:20.042540
212,49,click,2025-07-16 17:25:20.042540
75,194,add_to_cart,2025-06-26 17:25:20.042540
378,40,click,2025-07-27 17:25:20.042540
202,85,click,2025-12-05 17:25:20.042540
445,4,add_to_cart,2025-08-17 17:25:20.042540
407,290,add_to_cart,2025-06-19 17:25:20.042540
421,247,purchase,2025-12-08 17:25:20.042540
297,5,purchase,2025-10-17 17:25:20.042540
308,226,click,2025-11-04 17:25:20.042540
211,150,click,2025-07-25 17:25:20.042540
493,238,click,2025-07-02 17:25:20.042540
338,148,click,2025-09-06 17:25:20.042540
433,103,click,2025-09-12 17:25:20.042540
411,175,click,2025-11-04 17:25:20.042540
134,236,add_to_cart,2025-07-23 17:25:20.042540
330,34,click,2025-08-17 17:25:20.042540
66,172,purchase,2025-08-03 17:25:20.042540
280,6,click,2025-08-06 17:25:20.042540
422,285,click,2025-09-11 17:25:20.042540
28,225,add_to_cart,2025-11-16 17:25:20.042540
412,53,add_to_cart,2025-06-21 17:25:20.042540
117,257,click,2025-11-01 17:25:20.042540
493,59,click,2025-11-15 17:25:20.042540
370,246,click,2025-10-31 17:25:20.042540
487,7,add_to_cart,2025-10-31 17:25:20.042540
450,214,purchase,2025-12-11 17:25:20.042540
317,78,click,2025-12-06 17:25:20.042540
430,189,click,2025-08-28 17:25:20.042540
325,216,click,2025-07-18 17:25:20.042540
114,283,click,2025-12-09 17:25:20.042540
75,61,click,2025-10-19 17:25:20.042540
202,61,click,2025-10-30 17:25:20.042540
427,215,click,2025-09-15 17:25:20.042540
59,45,click,2025-11-25 17:25:20.042540
386,172,click,2025-07-10 17:25:20.042540
15,221,click,2025-07-14 17:25:20.042540
231,95,add_to_cart,2025-07-12 17:25:20.042540
105,44,purchase,2025-07-31 17:25:20.042540
165,228,click,2025-10-05 17:25:20.042540
199,62,click,2025-08-01 17:25:20.042540
404,219,click,2025-07-30 17:25:20.042540
354,89,click,2025-07-19 17:25:20.042540
35,112,click,2025-09-03 17:25:20.042540
162,207,add_to_cart,2025-09-17 17:25:20.042540
245,203,click,2025-10-27 17:25:20.042540
470,297,click,2025-09-06 17:25:20.042540
287,33,add_to_cart,2025-07-01 17:25:20.042540
383,215,click,2025-10-11 17:25:20.042540
471,12,click,2025-07-22 17:25:20.042540
19,2,add_to_cart,2025-08-22 17:25:20.042540
452,149,click,2025-11-30 17:25:20.042540
280,142,add_to_cart,2025-08-06 17:25:20.042540
340,290,purchase,2025-10-28 17:25:20.042540
423,207,add_to_cart,2025-11-08 17:25:20.042540
348,192,click,2025-08-03 17:25:20.042540
182,252,click,2025-12-02 17:25:20.042540
423,204,click,2025-09-22 17:25:20.042540
401,46,purchase,2025-11-12 17:25:20.042540
147,261,purchase,2025-07-20 17:25:20.042540
374,66,click,2025-08-11 17:25:20.042540
176,150,purchase,2025-07-05 17:25:20.042540
163,70,click,2025-10-14 17:25:20.042540
416,2,click,2025-11-04 17:25:20.042540
175,29,click,2025-06-22 17:25:20.042540
494,256,click,2025-10-06 17:25:20.042540
47,61,purchase,2025-09-22 17:25:20.043540
256,100,click,2025-07-31 17:25:20.043540
448,144,add_to_cart,2025-11-25 17:25:20.043540
174,192,purchase,2025-08-25 17:25:20.043540
103,270,add_to_cart,2025-10-14 17:25:20.043540
121,299,click,2025-09-18 17:25:20.043540
419,204,add_to_cart,2025-09-30 17:25:20.043540
350,245,click,2025-08-11 17:25:20.043540
145,31,add_to_cart,2025-08-19 17:25:20.043540
42,52,click,2025-10-27 17:25:20.043540
367,243,add_to_cart,2025-11-19 17:25:20.043540
29,263,add_to_cart,2025-08-02 17:25:20.043540
454,174,add_to_cart,2025-07-11 17:25:20.043540
380,100,purchase,2025-08-15 17:25:20.043540
273,61,click,2025-11-16 17:25:20.043540
465,188,click,2025-11-28 17:25:20.043540
14,7,click,2025-11-23 17:25:20.043540
408,189,click,2025-11-08 17:25:20.043540
441,83,click,2025-09-02 17:25:20.043540
306,283,click,2025-11-16 17:25:20.043540
313,124,add_to_cart,2025-08-19 17:25:20.043540
485,157,purchase,2025-11-16 17:25:20.043540
189,87,click,2025-10-03 17:25:20.043540
360,148,click,2025-10-06 17:25:20.043540
295,70,click,2025-07-02 17:25:20.043540
183,76,click,2025-11-29 17:25:20.043540
352,114,add_to_cart,2025-10-08 17:25:20.043540
36,3,click,2025-09-01 17:25:20.043540
370,234,add_to_cart,2025-06-19 17:25:20.043540
37,167,click,2025-09-28 17:25:20.043540
496,99,purchase,2025-07-28 17:25:20.043540
14,124,purchase,2025-12-09 17:25:20.043540
411,45,purchase,2025-10-09 17:25:20.043540
123,287,click,2025-10-17 17:25:20.043540
83,106,click,2025-09-02 17:25:20.043540
159,294,click,2025-06-25 17:25:20.043540
494,134,add_to_cart,2025-11-11 17:25:20.043540
329,8,click,2025-11-17 17:25:20.043540
102,28,add_to_cart,2025-09-07 17:25:20.043540
337,271,add_to_cart,2025-08-19 17:25:20.043540
83,223,click,2025-11-12 17:25:20.043540
44,8,add_to_cart,2025-08-02 17:25:20.043540
68,134,click,2025-12-12 17:25:20.043540
48,29,click,2025-10-11 17:25:20.043540
57,115,add_to_cart,2025-09-13 17:25:20.043540
75,34,purchase,2025-10-20 17:25:20.043540
22,7,add_to_cart,2025-09-14 17:25:20.043540
132,40,add_to_cart,2025-08-06 17:25:20.043540
465,62,purchase,2025-09-22 17:25:20.043540
456,86,click,2025-07-21 17:25:20.043540
302,213,purchase,2025-08-25 17:25:20.043540
443,116,click,2025-09-10 17:25:20.043540
418,65,click,2025-10-22 17:25:20.043540
267,297,click,2025-12-10 17:25:20.043540
287,170,click,2025-11-17 17:25:20.043540
395,116,click,2025-09-27 17:25:20.043540
120,116,click,2025-09-07 17:25:20.043540
246,221,click,2025-08-05 17:25:20.043540
56,50,click,2025-07-04 17:25:20.043540
38,79,click,2025-08-01 17:25:20.043540
245,20,add_to_cart,2025-11-09 17:25:20.043540
21,37,click,2025-07-02 17:25:20.043540
110,259,click,2025-10-14 17:25:20.043540
94,93,click,2025-11-06 17:25:20.043540
394,187,click,2025-10-13 17:25:20.043540
410,201,purchase,2025-08-16 17:25:20.043540
475,288,add_to_cart,2025-08-07 17:25:20.043540
136,48,add_to_cart,2025-11-03 17:25:20.043540
231,253,click,2025-08-13 17:25:20.043540
8,46,click,2025-11-21 17:25:20.043540
444,231,click,2025-10-22 17:25:20.043540
328,95,add_to_cart,2025-09-01 17:25:20.043540
375,218,add_to_cart,2025-11-10 17:25:20.043540
290,40,purchase,2025-08-30 17:25:20.043540
251,203,click,2025-09-04 17:25:20.043540
400,116,click,2025-11-27 17:25:20.043540
361,91,click,2025-07-25 17:25:20.043540
397,58,add_to_cart,2025-09-13 17:25:20.043540
87,10,click,2025-09-08 17:25:20.043540
204,256,click,2025-08-08 17:25:20.043540
219,249,purchase,2025-08-10 17:25:20.043540
406,6,add_to_cart,2025-10-18 17:25:20.043540
480,188,click,2025-10-29 17:25:20.043540
241,235,click,2025-08-12 17:25:20.043540
411,183,add_to_cart,2025-12-13 17:25:20.043540
320,287,click,2025-07-15 17:25:20.043540
258,123,add_to_cart,2025-09-15 17:25:20.043540
109,158,click,2025-07-27 17:25:20.043540
256,13,purchase,2025-08-23 17:25:20.043540
481,54,add_to_cart,2025-07-17 17:25:20.043540
282,277,purchase,2025-07-06 17:25:20.043540
220,43,click,2025-08-22 17:25:20.043540
83,267,click,2025-12-10 17:25:20.043540
107,109,click,2025-11-10 17:25:20.043540
69,166,purchase,2025-11-17 17:25:20.043540
97,106,click,2025-07-28 17:25:20.043540
212,51,click,2025-08-02 17:25:20.043540
286,204,click,2025-07-26 17:25:20.043540
237,43,add_to_cart,2025-11-13 17:25:20.043540
8,283,purchase,2025-09-18 17:25:20.043540
294,85,add_to_cart,2025-07-25 17:25:20.043540
189,217,click,2025-09-22 17:25:20.043540
81,158,purchase,2025-06-19 17:25:20.043540
108,127,click,2025-09-06 17:25:20.043540
321,191,purchase,2025-09-26 17:25:20.043540
67,266,click,2025-07-07 17:25:20.043540
174,60,click,2025-11-12 17:25:20.043540
346,283,click,2025-08-11 17:25:20.043540
351,62,click,2025-06-28 17:25:20.043540
328,126,click,2025-09-02 17:25:20.043540
43,172,click,2025-11-24 17:25:20.043540
187,63,click,2025-10-26 17:25:20.043540
302,260,click,2025-12-12 17:25:20.043540
200,16,click,2025-06-22 17:25:20.043540
381,179,purchase,2025-07-02 17:25:20.043540
419,101,purchase,2025-12-15 17:25:20.043540
39,176,purchase,2025-06-30 17:25:20.043540
220,193,add_to_cart,2025-06-21 17:25:20.043540
307,273,add_to_cart,2025-11-29 17:25:20.043540
4,261,add_to_cart,2025-12-08 17:25:20.043540
121,175,add_to_cart,2025-10-10 17:25:20.043540
336,234,click,2025-09-14 17:25:20.043540
77,300,click,2025-08-20 17:25:20.043540
468,216,click,2025-09-21 17:25:20.043540
179,247,add_to_cart,2025-10-11 17:25:20.043540
133,21,add_to_cart,2025-12-14 17:25:20.043540
311,243,click,2025-11-29 17:25:20.043540
229,288,click,2025-10-04 17:25:20.043540
276,280,click,2025-07-08 17:25:20.043540
152,244,add_to_cart,2025-08-30 17:25:20.043540
164,163,click,2025-08-31 17:25:20.043540
290,146,click,2025-08-04 17:25:20.043540
378,67,click,2025-06-19 17:25:20.043540
109,103,add_to_cart,2025-09-06 17:25:20.043540
126,125,purchase,2025-11-01 17:25:20.043540
240,117,purchase,2025-12-15 17:25:20.043540
310,251,click,2025-09-27 17:25:20.043540
418,226,click,2025-10-26 17:25:20.043540
467,188,click,2025-07-30 17:25:20.043540
401,187,click,2025-11-24 17:25:20.043540
389,76,add_to_cart,2025-07-07 17:25:20.043540
345,273,click,2025-08-09 17:25:20.043540
146,149,add_to_cart,2025-09-30 17:25:20.043540
252,195,click,2025-10-28 17:25:20.043540
183,284,purchase,2025-08-28 17:25:20.043540
309,44,click,2025-10-28 17:25:20.043540
306,170,click,2025-06-29 17:25:20.043540
72,94,add_to_cart,2025-09-15 17:25:20.043540
219,224,add_to_cart,2025-06-22 17:25:20.043540
207,278,click,2025-12-03 17:25:20.043540
173,38,purchase,2025-09-13 17:25:20.043540
141,270,click,2025-07-27 17:25:20.043540
272,235,click,2025-07-05 17:25:20.043540
214,111,purchase,2025-10-08 17:25:20.043540
468,168,click,2025-10-31 17:25:20.043540
269,54,click,2025-12-01 17:25:20.043540
20,127,add_to_cart,2025-09-20 17:25:20.043540
66,275,add_to_cart,2025-08-02 17:25:20.043540
483,42,click,2025-08-16 17:25:20.043540
303,41,click,2025-12-05 17:25:20.043540
147,50,click,2025-07-18 17:25:20.043540
429,159,click,2025-06-26 17:25:20.043540
165,182,purchase,2025-08-28 17:25:20.043540
378,181,click,2025-09-02 17:25:20.043540
310,166,click,2025-07-14 17:25:20.043540
6,232,add_to_cart,2025-11-15 17:25:20.043540
14,206,add_to_cart,2025-06-24 17:25:20.043540
132,50,add_to_cart,2025-09-03 17:25:20.043540
342,146,click,2025-10-11 17:25:20.043540
243,298,purchase,2025-08-30 17:25:20.043540
439,145,click,2025-08-26 17:25:20.043540
231,16,click,2025-10-16 17:25:20.043540
228,85,add_to_cart,2025-12-08 17:25:20.043540
162,216,click,2025-10-12 17:25:20.043540
283,52,purchase,2025-07-16 17:25:20.043540
263,36,click,2025-11-29 17:25:20.043540
131,107,purchase,2025-07-11 17:25:20.043540
431,219,click,2025-07-17 17:25:20.043540
225,298,purchase,2025-08-23 17:25:20.043540
258,254,add_to_cart,2025-10-25 17:25:20.043540
234,68,add_to_cart,2025-10-14 17:25:20.043540
336,187,click,2025-10-16 17:25:20.043540
409,124,purchase,2025-09-30 17:25:20.044540
316,30,click,2025-08-19 17:25:20.044540
463,185,click,2025-09-17 17:25:20.044540
24,289,add_to_cart,2025-11-14 17:25:20.044540
271,53,click,2025-08-29 17:25:20.044540
95,177,click,2025-11-11 17:25:20.044540
142,133,add_to_cart,2025-11-30 17:25:20.044540
182,77,click,2025-08-01 17:25:20.044540
206,60,add_to_cart,2025-11-27 17:25:20.044540
390,91,add_to_cart,2025-07-01 17:25:20.044540
462,298,click,2025-11-06 17:25:20.044540
81,280,click,2025-06-25 17:25:20.044540
274,199,add_to_cart,2025-08-29 17:25:20.044540
276,118,add_to_cart,2025-08-07 17:25:20.044540
371,183,click,2025-07-15 17:25:20.044540
446,55,click,2025-09-06 17:25:20.044540
465,271,click,2025-10-05 17:25:20.044540
208,5,add_to_cart,2025-10-07 17:25:20.044540
296,101,add_to_cart,2025-12-11 17:25:20.044540
39,286,click,2025-11-19 17:25:20.044540
436,53,add_to_cart,2025-06-27 17:25:20.044540
288,218,purchase,2025-11-08 17:25:20.044540
124,286,click,2025-09-18 17:25:20.044540
364,240,add_to_cart,2025-10-06 17:25:20.044540
457,214,purchase,2025-09-29 17:25:20.044540
283,104,purchase,2025-08-10 17:25:20.044540
366,222,click,2025-06-30 17:25:20.044540
180,189,click,2025-10-19 17:25:20.044540
97,99,purchase,2025-07-12 17:25:20.044540
191,97,click,2025-06-20 17:25:20.044540
74,73,click,2025-09-11 17:25:20.044540
447,256,click,2025-10-14 17:25:20.044540
273,231,add_to_cart,2025-11-27 17:25:20.044540
497,170,click,2025-07-14 17:25:20.044540
49,157,purchase,2025-09-13 17:25:20.044540
484,222,click,2025-08-24 17:25:20.044540
337,99,add_to_cart,2025-10-24 17:25:20.044540
210,220,click,2025-09-10 17:25:20.044540
116,244,click,2025-06-26 17:25:20.044540
23,259,click,2025-12-05 17:25:20.044540
98,194,purchase,2025-08-18 17:25:20.044540
328,150,click,2025-09-02 17:25:20.044540
397,155,add_to_cart,2025-12-06 17:25:20.044540
407,22,add_to_cart,2025-09-21 17:25:20.044540
313,116,click,2025-11-26 17:25:20.044540
190,113,add_to_cart,2025-07-22 17:25:20.044540
182,211,click,2025-09-19 17:25:20.044540
148,24,add_to_cart,2025-08-08 17:25:20.044540
342,283,click,2025-07-01 17:25:20.044540
495,292,add_to_cart,2025-07-23 17:25:20.044540
436,56,add_to_cart,2025-09-25 17:25:20.044540
23,266,click,2025-12-14 17:25:20.044540
105,54,click,2025-10-30 17:25:20.044540
163,108,click,2025-06-22 17:25:20.044540
67,202,purchase,2025-08-19 17:25:20.044540
290,202,click,2025-07-18 17:25:20.044540
289,218,click,2025-10-30 17:25:20.044540
46,243,click,2025-09-28 17:25:20.044540
81,178,purchase,2025-08-14 17:25:20.044540
429,61,click,2025-09-18 17:25:20.044540
147,36,click,2025-06-26 17:25:20.044540
222,46,add_to_cart,2025-09-25 17:25:20.044540
343,95,purchase,2025-11-25 17:25:20.044540
15,44,add_to_cart,2025-06-24 17:25:20.044540
379,226,click,2025-11-14 17:25:20.044540
121,146,click,2025-11-27 17:25:20.044540
78,269,click,2025-07-23 17:25:20.044540
322,13,click,2025-11-22 17:25:20.044540
295,25,click,2025-06-24 17:25:20.044540
241,261,add_to_cart,2025-09-01 17:25:20.044540
18,128,purchase,2025-07-11 17:25:20.044540
256,39,add_to_cart,2025-09-14 17:25:20.044540
454,157,click,2025-09-22 17:25:20.044540
443,185,add_to_cart,2025-07-20 17:25:20.044540
416,174,click,2025-10-29 17:25:20.044540
277,186,click,2025-06-26 17:25:20.044540
424,281,click,2025-08-09 17:25:20.044540
476,74,click,2025-11-24 17:25:20.044540
27,295,click,2025-10-21 17:25:20.044540
2,16,click,2025-07-01 17:25:20.044540
353,188,click,2025-11-08 17:25:20.044540
464,172,click,2025-11-27 17:25:20.044540
295,186,click,2025-07-22 17:25:20.044540
470,32,purchase,2025-09-14 17:25:20.044540
312,63,purchase,2025-08-24 17:25:20.044540
363,189,purchase,2025-08-24 17:25:20.044540
383,26,purchase,2025-06-24 17:25:20.044540
239,39,purchase,2025-10-19 17:25:20.044540
13,193,add_to_cart,2025-06-23 17:25:20.044540
382,163,purchase,2025-11-01 17:25:20.044540
184,53,add_to_cart,2025-11-18 17:25:20.044540
194,174,add_to_cart,2025-10-17 17:25:20.044540
462,196,click,2025-12-11 17:25:20.044540
56,211,add_to_cart,2025-07-23 17:25:20.044540
230,278,purchase,2025-07-04 17:25:20.044540
489,188,click,2025-11-21 17:25:20.044540
28,214,click,2025-07-03 17:25:20.044540
320,29,click,2025-08-09 17:25:20.044540
71,171,add_to_cart,2025-07-01 17:25:20.044540
210,122,add_to_cart,2025-09-12 17:25:20.044540
448,159,click,2025-07-02 17:25:20.044540
184,86,click,2025-09-12 17:25:20.044540
425,4,purchase,2025-10-01 17:25:20.044540
375,2,add_to_cart,2025-07-16 17:25:20.044540
356,133,click,2025-07-18 17:25:20.044540
41,79,add_to_cart,2025-06-28 17:25:20.044540
484,147,click,2025-08-13 17:25:20.044540
492,166,click,2025-10-29 17:25:20.044540
260,238,purchase,2025-11-08 17:25:20.044540
441,276,purchase,2025-09-17 17:25:20.044540
414,204,click,2025-11-22 17:25:20.044540
344,53,click,2025-08-05 17:25:20.044540
84,107,click,2025-07-24 17:25:20.044540
46,55,purchase,2025-07-04 17:25:20.044540
440,246,purchase,2025-12-01 17:25:20.044540
159,164,click,2025-11-26 17:25:20.044540
344,15,click,2025-07-11 17:25:20.044540
7,1,click,2025-07-25 17:25:20.044540
474,137,purchase,2025-11-02 17:25:20.044540
333,151,click,2025-08-06 17:25:20.044540
438,180,click,2025-07-10 17:25:20.044540
136,232,add_to_cart,2025-07-15 17:25:20.044540
183,188,click,2025-11-05 17:25:20.044540
197,18,click,2025-10-01 17:25:20.044540
172,225,click,2025-08-08 17:25:20.044540
397,105,add_to_cart,2025-12-08 17:25:20.044540
349,206,add_to_cart,2025-09-29 17:25:20.044540
276,186,click,2025-07-17 17:25:20.044540
78,65,click,2025-08-31 17:25:20.044540
416,207,click,2025-11-06 17:25:20.044540
444,229,click,2025-09-02 17:25:20.044540
178,69,click,2025-07-16 17:25:20.044540
27,142,click,2025-10-15 17:25:20.044540
120,206,purchase,2025-10-19 17:25:20.044540
281,174,add_to_cart,2025-10-06 17:25:20.044540
308,197,add_to_cart,2025-07-09 17:25:20.044540
196,197,add_to_cart,2025-08-21 17:25:20.044540
277,228,purchase,2025-09-20 17:25:20.044540
18,271,add_to_cart,2025-06-25 17:25:20.044540
295,199,add_to_cart,2025-09-04 17:25:20.044540
271,15,click,2025-07-15 17:25:20.044540
53,286,click,2025-11-04 17:25:20.044540
294,216,click,2025-12-09 17:25:20.044540
432,35,purchase,2025-10-21 17:25:20.044540
52,69,click,2025-06-24 17:25:20.044540
216,212,click,2025-06-21 17:25:20.044540
72,46,add_to_cart,2025-06-26 17:25:20.044540
28,248,click,2025-10-09 17:25:20.044540
469,85,purchase,2025-11-02 17:25:20.044540
400,48,click,2025-07-16 17:25:20.044540
252,231,add_to_cart,2025-10-25 17:25:20.044540
374,67,add_to_cart,2025-07-23 17:25:20.044540
400,89,purchase,2025-08-03 17:25:20.044540
35,219,click,2025-11-24 17:25:20.044540
401,52,purchase,2025-12-12 17:25:20.044540
201,22,click,2025-07-12 17:25:20.044540
249,99,click,2025-08-20 17:25:20.044540
99,131,click,2025-07-01 17:25:20.044540
308,88,add_to_cart,2025-06-19 17:25:20.044540
477,136,click,2025-08-24 17:25:20.044540
487,39,click,2025-10-17 17:25:20.044540
466,18,click,2025-06-30 17:25:20.044540
140,105,click,2025-10-04 17:25:20.044540
83,146,click,2025-12-01 17:25:20.044540
48,224,click,2025-08-15 17:25:20.044540
278,117,purchase,2025-09-30 17:25:20.044540
379,1,click,2025-10-20 17:25:20.044540
248,117,click,2025-09-13 17:25:20.044540
383,26,add_to_cart,2025-09-08 17:25:20.044540
177,12,click,2025-07-06 17:25:20.044540
52,294,click,2025-09-17 17:25:20.044540
79,169,click,2025-11-27 17:25:20.044540
385,53,purchase,2025-07-20 17:25:20.044540
322,269,purchase,2025-07-28 17:25:20.044540
64,248,click,2025-11-25 17:25:20.044540
8,128,click,2025-09-19 17:25:20.045521
214,76,click,2025-11-20 17:25:20.045521
25,269,click,2025-10-21 17:25:20.045521
450,146,click,2025-11-15 17:25:20.045521
256,48,add_to_cart,2025-11-16 17:25:20.045521
243,199,click,2025-11-22 17:25:20.045521
457,71,add_to_cart,2025-09-11 17:25:20.045521
457,92,click,2025-07-11 17:25:20.045521
461,209,purchase,2025-08-17 17:25:20.045521
198,48,click,2025-07-15 17:25:20.045521
94,29,add_to_cart,2025-09-05 17:25:20.045521
207,176,add_to_cart,2025-09-25 17:25:20.045521
435,19,add_to_cart,2025-09-02 17:25:20.045521
437,47,click,2025-10-23 17:25:20.045521
15,60,click,2025-08-25 17:25:20.045521
178,176,add_to_cart,2025-08-14 17:25:20.045521
455,255,add_to_cart,2025-10-01 17:25:20.045521
378,229,click,2025-11-25 17:25:20.045521
75,147,click,2025-07-18 17:25:20.045521
104,298,click,2025-08-12 17:25:20.045521
294,239,add_to_cart,2025-11-18 17:25:20.045521
168,188,add_to_cart,2025-08-14 17:25:20.045521
450,209,add_to_cart,2025-09-26 17:25:20.045521
115,75,click,2025-09-28 17:25:20.045521
496,183,click,2025-11-23 17:25:20.045521
39,87,add_to_cart,2025-10-24 17:25:20.045521
458,271,click,2025-07-07 17:25:20.045521
364,180,click,2025-10-09 17:25:20.045521
273,245,click,2025-09-02 17:25:20.045521
135,7,click,2025-12-04 17:25:20.045521
374,269,add_to_cart,2025-08-08 17:25:20.045521
232,13,click,2025-11-21 17:25:20.045521
39,226,click,2025-09-19 17:25:20.045521
452,266,click,2025-09-12 17:25:20.045521
291,242,add_to_cart,2025-08-13 17:25:20.045521
307,180,click,2025-06-27 17:25:20.045521
47,180,add_to_cart,2025-07-07 17:25:20.045521
36,126,click,2025-08-04 17:25:20.045521
320,283,click,2025-09-12 17:25:20.045521
95,190,click,2025-11-07 17:25:20.045521
473,16,purchase,2025-08-11 17:25:20.045521
361,21,click,2025-06-21 17:25:20.045521
13,16,add_to_cart,2025-11-22 17:25:20.045521
146,269,purchase,2025-12-11 17:25:20.045521
405,33,click,2025-10-23 17:25:20.045521
368,182,add_to_cart,2025-10-23 17:25:20.045521
65,69,click,2025-12-06 17:25:20.045521
228,52,click,2025-09-25 17:25:20.045521
242,65,click,2025-10-02 17:25:20.045521
8,300,add_to_cart,2025-09-13 17:25:20.045521
500,228,click,2025-08-31 17:25:20.045521
304,222,click,2025-10-08 17:25:20.045521
341,272,click,2025-12-10 17:25:20.045521
43,18,click,2025-11-30 17:25:20.045521
244,218,purchase,2025-10-17 17:25:20.045521
181,273,click,2025-07-27 17:25:20.045521
85,173,purchase,2025-11-13 17:25:20.045521
155,56,add_to_cart,2025-09-06 17:25:20.045521
275,9,add_to_cart,2025-07-01 17:25:20.045521
23,283,click,2025-11-06 17:25:20.045521
115,293,click,2025-12-07 17:25:20.045521
306,22,click,2025-09-16 17:25:20.045521
435,72,click,2025-10-29 17:25:20.045521
299,172,click,2025-12-06 17:25:20.045521
99,123,click,2025-12-10 17:25:20.045521
104,91,purchase,2025-10-15 17:25:20.045521
372,224,click,2025-11-15 17:25:20.045521
51,292,click,2025-12-10 17:25:20.045521
362,252,add_to_cart,2025-09-12 17:25:20.045521
112,298,click,2025-11-12 17:25:20.045521
453,256,click,2025-09-14 17:25:20.045521
244,13,click,2025-10-10 17:25:20.045521
169,118,click,2025-12-04 17:25:20.045521
72,178,click,2025-11-08 17:25:20.045521
139,161,click,2025-08-03 17:25:20.045521
336,95,click,2025-10-13 17:25:20.045521
231,168,click,2025-08-19 17:25:20.045521
239,87,click,2025-08-18 17:25:20.045521
472,3,add_to_cart,2025-08-15 17:25:20.045521
253,16,click,2025-09-30 17:25:20.045521
469,130,click,2025-08-06 17:25:20.045521
436,23,purchase,2025-11-25 17:25:20.045521
407,98,add_to_cart,2025-09-29 17:25:20.045521
49,158,click,2025-07-05 17:25:20.045521
422,239,purchase,2025-08-03 17:25:20.045521
303,10,add_to_cart,2025-09-30 17:25:20.045521
72,22,click,2025-07-06 17:25:20.045521
263,184,purchase,2025-08-13 17:25:20.045521
322,217,click,2025-06-22 17:25:20.045521
222,214,purchase,2025-09-10 17:25:20.045521
77,158,click,2025-08-17 17:25:20.045521
62,210,click,2025-07-30 17:25:20.045521
471,133,add_to_cart,2025-09-04 17:25:20.045521
157,53,click,2025-09-18 17:25:20.045521
294,229,click,2025-09-04 17:25:20.045521
125,183,add_to_cart,2025-11-22 17:25:20.045521
229,23,click,2025-11-24 17:25:20.045521
340,106,purchase,2025-06-28 17:25:20.045521
161,91,click,2025-06-20 17:25:20.045521
29,119,purchase,2025-06-22 17:25:20.045521
114,138,click,2025-08-16 17:25:20.045521
79,120,click,2025-08-18 17:25:20.045521
23,161,click,2025-11-24 17:25:20.045521
106,208,add_to_cart,2025-09-28 17:25:20.045521
131,155,click,2025-11-28 17:25:20.045521
357,263,click,2025-11-02 17:25:20.045521
477,155,click,2025-08-29 17:25:20.045521
173,286,click,2025-11-14 17:25:20.045521
264,259,click,2025-10-21 17:25:20.045521
342,157,add_to_cart,2025-10-03 17:25:20.045521
373,14,click,2025-12-07 17:25:20.045521
285,77,click,2025-09-18 17:25:20.045521
2,220,purchase,2025-08-17 17:25:20.045521
233,232,add_to_cart,2025-08-06 17:25:20.045521
369,294,purchase,2025-11-08 17:25:20.045521
251,142,purchase,2025-09-07 17:25:20.045521
434,251,click,2025-11-04 17:25:20.045521
493,296,purchase,2025-08-03 17:25:20.045521
321,140,click,2025-06-29 17:25:20.045521
108,142,purchase,2025-08-20 17:25:20.045521
276,129,click,2025-10-17 17:25:20.045521
180,18,click,2025-09-17 17:25:20.045521
213,243,add_to_cart,2025-07-21 17:25:20.045521
293,164,purchase,2025-08-14 17:25:20.045521
72,96,add_to_cart,2025-08-13 17:25:20.045521
283,28,click,2025-08-27 17:25:20.045521
175,230,click,2025-11-25 17:25:20.045521
123,25,add_to_cart,2025-08-11 17:25:20.045521
227,175,click,2025-08-05 17:25:20.045521
390,161,add_to_cart,2025-08-17 17:25:20.045521
444,30,click,2025-11-16 17:25:20.045521
301,165,click,2025-10-14 17:25:20.045521
428,208,add_to_cart,2025-11-08 17:25:20.045521
83,102,add_to_cart,2025-07-05 17:25:20.045521
253,106,purchase,2025-11-08 17:25:20.045521
146,69,click,2025-11-23 17:25:20.045521
120,8,purchase,2025-07-18 17:25:20.045521
65,123,purchase,2025-10-19 17:25:20.045521
281,101,add_to_cart,2025-06-23 17:25:20.045521
283,1,purchase,2025-08-04 17:25:20.045521
391,7,add_to_cart,2025-08-31 17:25:20.045521
428,111,click,2025-06-25 17:25:20.045521
106,186,click,2025-09-20 17:25:20.045521
413,216,add_to_cart,2025-07-26 17:25:20.045521
479,123,purchase,2025-12-15 17:25:20.045521
300,201,click,2025-09-07 17:25:20.045521
107,8,add_to_cart,2025-09-15 17:25:20.045521
36,64,add_to_cart,2025-11-13 17:25:20.045521
147,136,click,2025-08-28 17:25:20.045521
262,186,click,2025-07-17 17:25:20.045521
409,127,add_to_cart,2025-10-07 17:25:20.045521
159,49,click,2025-07-27 17:25:20.045521
265,166,click,2025-09-11 17:25:20.045521
468,127,add_to_cart,2025-09-24 17:25:20.045521
202,177,add_to_cart,2025-09-23 17:25:20.045521
421,203,click,2025-08-13 17:25:20.045521
155,157,purchase,2025-09-23 17:25:20.045521
13,219,click,2025-07-03 17:25:20.045521
297,285,click,2025-07-30 17:25:20.045521
384,289,add_to_cart,2025-07-09 17:25:20.045521
322,28,add_to_cart,2025-07-12 17:25:20.045521
498,83,click,2025-11-16 17:25:20.045521
85,112,click,2025-07-12 17:25:20.045521
481,154,add_to_cart,2025-09-21 17:25:20.045521
280,29,add_to_cart,2025-07-30 17:25:20.045521
245,213,click,2025-06-22 17:25:20.045521
300,102,click,2025-09-02 17:25:20.045521
362,214,click,2025-09-29 17:25:20.045521
354,155,click,2025-08-16 17:25:20.045521
316,200,click,2025-07-03 17:25:20.045521
9,168,click,2025-08-03 17:25:20.045521
386,238,click,2025-09-13 17:25:20.045521
247,159,click,2025-10-03 17:25:20.045521
312,193,click,2025-08-03 17:25:20.045521
414,167,click,2025-12-11 17:25:20.045521
278,226,add_to_cart,2025-10-30 17:25:20.045521
238,251,click,2025-11-10 17:25:20.045521
203,280,add_to_cart,2025-07-26 17:25:20.045521
247,221,add_to_cart,2025-11-07 17:25:20.045521
235,23,click,2025-11-08 17:25:20.045521
81,189,click,2025-11-10 17:25:20.045521
356,272,add_to_cart,2025-08-23 17:25:20.045521
13,27,click,2025-12-14 17:25:20.045521
327,210,click,2025-12-01 17:25:20.045521
16,35,add_to_cart,2025-09-23 17:25:20.045521
481,198,click,2025-10-22 17:25:20.045521
45,174,add_to_cart,2025-09-30 17:25:20.047014
321,218,purchase,2025-11-21 17:25:20.047014
139,56,click,2025-12-02 17:25:20.047014
326,152,click,2025-08-01 17:25:20.047014
148,38,click,2025-06-22 17:25:20.047014
355,198,purchase,2025-08-20 17:25:20.047014
236,9,click,2025-07-06 17:25:20.047014
191,178,click,2025-12-11 17:25:20.047014
101,176,click,2025-09-06 17:25:20.047014
105,261,click,2025-07-24 17:25:20.047014
474,84,click,2025-10-08 17:25:20.047014
250,139,click,2025-10-23 17:25:20.047014
396,242,click,2025-06-24 17:25:20.047014
446,155,purchase,2025-06-22 17:25:20.047014
94,221,add_to_cart,2025-10-03 17:25:20.047014
220,135,add_to_cart,2025-10-15 17:25:20.047014
475,188,click,2025-07-18 17:25:20.047014
298,178,click,2025-09-14 17:25:20.047014
339,67,add_to_cart,2025-11-30 17:25:20.047014
453,69,click,2025-08-03 17:25:20.047014
442,77,click,2025-11-03 17:25:20.047014
133,12,click,2025-06-27 17:25:20.047014
361,283,click,2025-08-01 17:25:20.047014
155,246,click,2025-10-06 17:25:20.047014
28,237,click,2025-09-27 17:25:20.047014
282,252,click,2025-07-31 17:25:20.047014
475,207,purchase,2025-08-11 17:25:20.047014
116,108,click,2025-08-14 17:25:20.047014
305,209,purchase,2025-08-05 17:25:20.047014
234,293,purchase,2025-10-26 17:25:20.047014
405,113,add_to_cart,2025-12-09 17:25:20.047014
1,15,purchase,2025-11-24 17:25:20.047014
348,83,click,2025-11-22 17:25:20.047014
240,65,add_to_cart,2025-08-12 17:25:20.047014
58,3,add_to_cart,2025-09-03 17:25:20.047014
335,236,click,2025-11-04 17:25:20.047014
183,129,click,2025-07-19 17:25:20.047014
337,247,click,2025-07-06 17:25:20.047014
26,235,click,2025-08-22 17:25:20.047014
468,30,purchase,2025-08-07 17:25:20.047014
409,71,click,2025-08-27 17:25:20.047014
77,148,click,2025-09-01 17:25:20.047014
417,93,purchase,2025-11-27 17:25:20.047014
217,283,click,2025-06-29 17:25:20.047014
328,217,purchase,2025-06-25 17:25:20.047014
325,238,purchase,2025-10-05 17:25:20.047014
262,227,purchase,2025-08-13 17:25:20.047014
23,219,add_to_cart,2025-07-21 17:25:20.047014
244,31,add_to_cart,2025-11-13 17:25:20.047014
158,114,add_to_cart,2025-08-04 17:25:20.047014
206,102,click,2025-12-01 17:25:20.047014
310,93,click,2025-10-08 17:25:20.047014
87,207,click,2025-09-17 17:25:20.047014
267,229,add_to_cart,2025-11-15 17:25:20.047014
415,71,add_to_cart,2025-12-10 17:25:20.047014
134,136,click,2025-08-09 17:25:20.047014
267,284,add_to_cart,2025-07-22 17:25:20.047014
333,17,add_to_cart,2025-12-01 17:25:20.047014
268,215,add_to_cart,2025-11-12 17:25:20.047014
450,244,click,2025-09-24 17:25:20.047014
53,95,click,2025-06-22 17:25:20.047014
99,121,click,2025-09-25 17:25:20.047014
247,6,click,2025-06-25 17:25:20.047014
36,268,click,2025-10-26 17:25:20.047014
401,87,add_to_cart,2025-12-05 17:25:20.047014
28,189,click,2025-12-12 17:25:20.047014
220,103,click,2025-09-25 17:25:20.047014
406,104,add_to_cart,2025-11-05 17:25:20.047014
102,291,click,2025-12-15 17:25:20.047014
263,67,add_to_cart,2025-12-07 17:25:20.047014
271,106,purchase,2025-07-02 17:25:20.047014
224,248,add_to_cart,2025-10-12 17:25:20.047014
139,207,add_to_cart,2025-08-22 17:25:20.047014
280,205,add_to_cart,2025-11-29 17:25:20.047014
451,83,click,2025-10-10 17:25:20.047014
286,82,click,2025-09-20 17:25:20.047014
454,287,click,2025-12-15 17:25:20.047014
250,37,click,2025-07-17 17:25:20.047014
322,213,click,2025-08-16 17:25:20.047014
317,133,click,2025-07-21 17:25:20.047014
78,115,add_to_cart,2025-07-21 17:25:20.047014
297,211,purchase,2025-08-14 17:25:20.047014
338,132,click,2025-09-26 17:25:20.047014
307,154,click,2025-09-22 17:25:20.047014
428,294,add_to_cart,2025-07-01 17:25:20.047014
351,182,add_to_cart,2025-07-11 17:25:20.047014
13,147,click,2025-07-18 17:25:20.047014
346,222,click,2025-11-23 17:25:20.047014
492,282,click,2025-08-18 17:25:20.047014
396,127,click,2025-10-21 17:25:20.047014
82,203,add_to_cart,2025-10-30 17:25:20.047014
9,118,click,2025-07-24 17:25:20.047014
497,61,click,2025-12-14 17:25:20.047014
213,231,click,2025-09-01 17:25:20.047014
48,150,purchase,2025-11-13 17:25:20.047014
49,145,click,2025-08-30 17:25:20.047014
309,111,click,2025-12-01 17:25:20.047014
440,167,add_to_cart,2025-11-14 17:25:20.047014
40,189,add_to_cart,2025-09-01 17:25:20.047014
363,49,add_to_cart,2025-07-07 17:25:20.047014
280,107,click,2025-11-15 17:25:20.047014
226,93,purchase,2025-12-01 17:25:20.047014
456,124,click,2025-07-21 17:25:20.047014
108,140,click,2025-09-01 17:25:20.047014
245,11,click,2025-11-15 17:25:20.047014
255,171,click,2025-12-14 17:25:20.047014
33,36,click,2025-12-03 17:25:20.047014
23,130,add_to_cart,2025-09-11 17:25:20.047014
333,61,click,2025-08-25 17:25:20.047014
54,49,purchase,2025-07-25 17:25:20.047014
309,186,add_to_cart,2025-12-01 17:25:20.047014
49,221,add_to_cart,2025-11-21 17:25:20.047014
462,6,add_to_cart,2025-10-01 17:25:20.047014
78,300,add_to_cart,2025-11-18 17:25:20.047014
336,175,add_to_cart,2025-09-02 17:25:20.047014
433,279,add_to_cart,2025-12-04 17:25:20.047014
358,204,click,2025-08-17 17:25:20.047014
122,96,click,2025-08-25 17:25:20.047014
444,282,click,2025-07-25 17:25:20.047014
359,135,add_to_cart,2025-10-03 17:25:20.047014
90,33,click,2025-07-31 17:25:20.047014
346,82,click,2025-09-16 17:25:20.047014
193,148,click,2025-10-25 17:25:20.047014
416,95,add_to_cart,2025-11-16 17:25:20.047014
377,170,purchase,2025-09-10 17:25:20.047014
463,211,add_to_cart,2025-11-30 17:25:20.047014
244,191,add_to_cart,2025-07-31 17:25:20.047014
149,7,click,2025-07-26 17:25:20.047014
146,34,click,2025-11-20 17:25:20.047014
478,51,click,2025-12-01 17:25:20.047014
316,120,click,2025-08-04 17:25:20.047014
378,138,click,2025-08-29 17:25:20.047014
141,106,purchase,2025-08-09 17:25:20.047014
408,282,click,2025-08-24 17:25:20.047014
286,32,click,2025-09-20 17:25:20.047014
386,124,purchase,2025-07-06 17:25:20.047014
339,170,click,2025-08-14 17:25:20.047014
111,12,click,2025-08-31 17:25:20.047014
108,168,click,2025-09-18 17:25:20.047014
367,78,click,2025-08-09 17:25:20.047014
281,34,add_to_cart,2025-09-18 17:25:20.047014
50,209,click,2025-11-08 17:25:20.047014
14,8,add_to_cart,2025-11-05 17:25:20.047014
134,225,purchase,2025-07-29 17:25:20.047014
76,227,click,2025-07-31 17:25:20.047014
84,175,click,2025-07-14 17:25:20.047014
343,81,add_to_cart,2025-07-02 17:25:20.047014
158,282,click,2025-10-07 17:25:20.047014
286,57,click,2025-11-01 17:25:20.047014
422,135,add_to_cart,2025-12-05 17:25:20.047014
314,238,click,2025-11-22 17:25:20.047014
94,217,purchase,2025-10-20 17:25:20.047014
297,227,click,2025-11-06 17:25:20.047014
94,26,click,2025-09-18 17:25:20.047014
57,187,purchase,2025-11-09 17:25:20.047014
164,118,click,2025-12-13 17:25:20.047014
320,197,click,2025-10-09 17:25:20.047014
497,116,purchase,2025-08-17 17:25:20.047014
98,102,click,2025-08-09 17:25:20.047014
16,163,click,2025-09-13 17:25:20.047014
344,178,click,2025-11-01 17:25:20.047014
78,280,click,2025-11-15 17:25:20.047014
346,286,add_to_cart,2025-11-09 17:25:20.047014
72,212,click,2025-08-24 17:25:20.047014
270,54,add_to_cart,2025-11-03 17:25:20.047014
287,67,click,2025-09-22 17:25:20.047014
66,32,purchase,2025-09-08 17:25:20.047014
368,251,click,2025-12-12 17:25:20.048011
68,8,add_to_cart,2025-08-16 17:25:20.048011
193,215,purchase,2025-11-17 17:25:20.048011
55,46,click,2025-09-07 17:25:20.048011
468,80,click,2025-09-08 17:25:20.048011
379,35,click,2025-09-11 17:25:20.048011
462,189,purchase,2025-09-01 17:25:20.048011
168,89,add_to_cart,2025-07-30 17:25:20.048011
409,136,purchase,2025-11-13 17:25:20.048011
25,34,add_to_cart,2025-08-17 17:25:20.048011
131,281,click,2025-11-29 17:25:20.048011
325,113,click,2025-07-29 17:25:20.048011
102,172,purchase,2025-12-15 17:25:20.048011
374,43,click,2025-11-23 17:25:20.048011
282,13,click,2025-12-09 17:25:20.048011
296,174,click,2025-09-29 17:25:20.048011
294,125,click,2025-06-30 17:25:20.048011
422,207,click,2025-10-24 17:25:20.048011
452,104,add_to_cart,2025-12-09 17:25:20.048011
263,130,click,2025-09-09 17:25:20.048011
478,40,click,2025-09-23 17:25:20.048011
414,23,click,2025-10-03 17:25:20.048011
120,252,add_to_cart,2025-12-11 17:25:20.048011
403,290,click,2025-09-10 17:25:20.048011
231,202,click,2025-09-06 17:25:20.048011
291,155,purchase,2025-07-05 17:25:20.048011
488,55,click,2025-11-02 17:25:20.048011
161,106,click,2025-08-28 17:25:20.048011
161,260,click,2025-08-16 17:25:20.048011
78,200,click,2025-07-30 17:25:20.048011
38,217,click,2025-07-20 17:25:20.048011
394,47,purchase,2025-08-06 17:25:20.048011
441,117,click,2025-09-18 17:25:20.048011
28,212,add_to_cart,2025-11-11 17:25:20.048011
462,155,purchase,2025-11-11 17:25:20.048011
100,263,click,2025-11-11 17:25:20.048011
294,151,click,2025-07-02 17:25:20.048011
400,212,add_to_cart,2025-11-13 17:25:20.048011
124,192,click,2025-09-30 17:25:20.048011
405,243,add_to_cart,2025-10-09 17:25:20.048011
92,98,add_to_cart,2025-08-17 17:25:20.048011
255,29,click,2025-06-27 17:25:20.048011
97,189,click,2025-10-26 17:25:20.048011
6,172,click,2025-11-08 17:25:20.048011
169,197,click,2025-11-04 17:25:20.048011
383,155,click,2025-06-26 17:25:20.048011
271,140,add_to_cart,2025-11-16 17:25:20.048011
108,293,click,2025-07-06 17:25:20.048011
387,290,add_to_cart,2025-11-18 17:25:20.048011
299,256,click,2025-06-30 17:25:20.048011
47,164,add_to_cart,2025-09-01 17:25:20.048011
99,134,purchase,2025-06-26 17:25:20.048011
14,266,add_to_cart,2025-10-29 17:25:20.048011
194,29,click,2025-10-22 17:25:20.048011
157,139,click,2025-08-02 17:25:20.048011
388,85,click,2025-07-15 17:25:20.048011
154,249,click,2025-08-31 17:25:20.048011
115,233,purchase,2025-08-13 17:25:20.048011
396,61,click,2025-08-23 17:25:20.048011
258,273,add_to_cart,2025-07-12 17:25:20.048011
145,219,add_to_cart,2025-10-22 17:25:20.048011
291,286,click,2025-10-07 17:25:20.048011
10,249,click,2025-10-29 17:25:20.048011
368,72,click,2025-12-09 17:25:20.048011
214,293,click,2025-10-02 17:25:20.048011
233,198,add_to_cart,2025-08-15 17:25:20.048011
171,80,add_to_cart,2025-09-27 17:25:20.048011
21,137,click,2025-08-04 17:25:20.048011
15,213,click,2025-07-04 17:25:20.048011
419,107,click,2025-08-01 17:25:20.048011
368,207,click,2025-12-13 17:25:20.048011
126,152,click,2025-09-14 17:25:20.048011
341,133,add_to_cart,2025-08-21 17:25:20.048011
341,166,click,2025-08-02 17:25:20.048011
213,180,click,2025-07-01 17:25:20.048011
188,121,click,2025-11-29 17:25:20.048011
172,174,add_to_cart,2025-08-12 17:25:20.048011
480,68,click,2025-08-30 17:25:20.048011
247,187,click,2025-10-30 17:25:20.048011
5,138,click,2025-12-05 17:25:20.048011
231,238,click,2025-07-31 17:25:20.048011
201,18,click,2025-10-16 17:25:20.048011
373,76,purchase,2025-08-08 17:25:20.048011
402,151,click,2025-07-12 17:25:20.048011
149,108,add_to_cart,2025-10-07 17:25:20.048011
72,153,add_to_cart,2025-10-26 17:25:20.048011
492,37,add_to_cart,2025-10-04 17:25:20.048011
500,146,click,2025-08-10 17:25:20.048011
226,126,add_to_cart,2025-10-09 17:25:20.048011
74,285,add_to_cart,2025-10-20 17:25:20.048011
307,108,click,2025-06-30 17:25:20.048011
169,286,add_to_cart,2025-09-13 17:25:20.048011
249,240,click,2025-08-06 17:25:20.048011
280,102,click,2025-08-09 17:25:20.048011
488,220,click,2025-12-09 17:25:20.048011
152,7,purchase,2025-09-25 17:25:20.048011
224,216,add_to_cart,2025-08-02 17:25:20.048011
225,169,add_to_cart,2025-09-13 17:25:20.048011
38,74,click,2025-09-28 17:25:20.048011
44,293,click,2025-12-06 17:25:20.048011
185,27,click,2025-08-28 17:25:20.048011
499,277,add_to_cart,2025-09-01 17:25:20.048011
443,43,click,2025-08-23 17:25:20.048011
241,93,click,2025-07-19 17:25:20.048011
418,71,purchase,2025-06-19 17:25:20.048011
331,269,purchase,2025-06-22 17:25:20.048011
351,109,purchase,2025-10-10 17:25:20.048011
210,181,click,2025-12-12 17:25:20.048011
23,215,purchase,2025-09-18 17:25:20.048011
124,114,add_to_cart,2025-10-08 17:25:20.048011
86,185,purchase,2025-10-24 17:25:20.048011
43,125,purchase,2025-07-17 17:25:20.048011
466,105,purchase,2025-09-24 17:25:20.048011
40,237,click,2025-08-11 17:25:20.048011
303,141,click,2025-07-29 17:25:20.048011
169,293,add_to_cart,2025-10-30 17:25:20.048011
175,158,click,2025-11-19 17:25:20.048011
487,274,click,2025-07-23 17:25:20.048011
20,117,add_to_cart,2025-10-26 17:25:20.048011
461,62,click,2025-09-20 17:25:20.048011
109,24,click,2025-08-17 17:25:20.048011
193,60,click,2025-10-10 17:25:20.048011
244,265,click,2025-12-14 17:25:20.048011
324,180,add_to_cart,2025-07-30 17:25:20.048011
280,232,purchase,2025-09-06 17:25:20.048011
228,143,add_to_cart,2025-07-28 17:25:20.048011
36,245,add_to_cart,2025-07-01 17:25:20.048011
45,81,click,2025-08-04 17:25:20.048011
386,126,click,2025-12-04 17:25:20.048011
28,137,add_to_cart,2025-11-03 17:25:20.048011
154,56,add_to_cart,2025-10-05 17:25:20.048011
23,213,click,2025-10-04 17:25:20.048011
207,94,add_to_cart,2025-12-12 17:25:20.048011
420,292,purchase,2025-07-04 17:25:20.048011
91,128,click,2025-07-05 17:25:20.048011
390,217,click,2025-11-14 17:25:20.048011
419,199,click,2025-07-29 17:25:20.048011
359,20,click,2025-07-23 17:25:20.048011
38,55,purchase,2025-11-15 17:25:20.048011
419,246,purchase,2025-07-01 17:25:20.048011
228,251,add_to_cart,2025-08-31 17:25:20.048011
202,60,add_to_cart,2025-06-25 17:25:20.048011
350,163,add_to_cart,2025-07-02 17:25:20.048011
309,202,click,2025-10-14 17:25:20.048011
489,227,add_to_cart,2025-10-22 17:25:20.048011
254,129,add_to_cart,2025-11-06 17:25:20.048011
38,45,add_to_cart,2025-07-12 17:25:20.048011
221,197,click,2025-07-30 17:25:20.048011
500,166,click,2025-09-10 17:25:20.048011
187,247,click,2025-11-07 17:25:20.048011
43,226,add_to_cart,2025-06-27 17:25:20.048011
359,280,click,2025-11-26 17:25:20.048011
114,260,click,2025-09-11 17:25:20.048011
260,197,add_to_cart,2025-09-22 17:25:20.048011
5,107,click,2025-09-06 17:25:20.048011
68,269,click,2025-11-19 17:25:20.048011
228,232,purchase,2025-11-08 17:25:20.048011
123,101,click,2025-09-20 17:25:20.048011
173,160,click,2025-09-09 17:25:20.048011
336,95,click,2025-10-01 17:25:20.048011
153,207,click,2025-12-05 17:25:20.048011
462,235,click,2025-07-05 17:25:20.048011
267,154,add_to_cart,2025-07-09 17:25:20.048011
157,100,click,2025-08-31 17:25:20.048011
162,238,click,2025-08-14 17:25:20.048011
214,107,click,2025-11-30 17:25:20.048011
398,130,click,2025-11-04 17:25:20.048011
376,299,click,2025-07-10 17:25:20.048011
408,43,click,2025-10-07 17:25:20.048011
443,63,click,2025-12-03 17:25:20.048011
423,73,click,2025-11-10 17:25:20.048011
26,186,click,2025-10-02 17:25:20.048011
427,117,click,2025-07-30 17:25:20.048011
292,5,add_to_cart,2025-08-14 17:25:20.048011
423,76,click,2025-08-12 17:25:20.048011
189,291,click,2025-10-29 17:25:20.048011
400,83,click,2025-07-21 17:25:20.048011
122,60,click,2025-07-12 17:25:20.048011
230,107,click,2025-11-27 17:25:20.048011
59,117,click,2025-08-13 17:25:20.049010
96,82,add_to_cart,2025-08-04 17:25:20.049010
262,141,add_to_cart,2025-10-21 17:25:20.049010
354,222,click,2025-08-11 17:25:20.049010
312,70,click,2025-09-07 17:25:20.049010
136,12,click,2025-08-19 17:25:20.049010
350,297,add_to_cart,2025-07-23 17:25:20.049010
283,105,click,2025-11-04 17:25:20.049010
455,207,click,2025-10-17 17:25:20.049010
411,65,click,2025-10-21 17:25:20.049010
473,63,purchase,2025-12-13 17:25:20.049010
120,178,click,2025-07-02 17:25:20.049010
430,8,click,2025-11-03 17:25:20.049010
425,159,add_to_cart,2025-07-13 17:25:20.049010
463,11,click,2025-06-29 17:25:20.049010
25,273,click,2025-08-01 17:25:20.049010
342,95,add_to_cart,2025-09-23 17:25:20.049010
146,155,purchase,2025-11-28 17:25:20.049010
12,206,add_to_cart,2025-09-18 17:25:20.049010
87,115,click,2025-11-25 17:25:20.049010
435,87,add_to_cart,2025-07-15 17:25:20.049010
109,197,purchase,2025-11-23 17:25:20.049010
423,98,click,2025-07-31 17:25:20.049010
345,19,click,2025-06-27 17:25:20.049010
266,16,purchase,2025-12-03 17:25:20.049010
222,45,click,2025-11-09 17:25:20.049010
74,155,click,2025-07-29 17:25:20.049010
482,231,click,2025-12-13 17:25:20.049010
494,157,click,2025-07-27 17:25:20.049010
333,113,add_to_cart,2025-07-06 17:25:20.049010
310,44,click,2025-09-09 17:25:20.049010
413,110,click,2025-09-14 17:25:20.049010
102,111,add_to_cart,2025-07-11 17:25:20.049010
425,223,add_to_cart,2025-10-06 17:25:20.049010
493,265,add_to_cart,2025-08-20 17:25:20.049010
137,271,click,2025-07-23 17:25:20.049010
191,212,click,2025-11-20 17:25:20.049010
461,258,click,2025-06-25 17:25:20.049010
421,247,click,2025-07-29 17:25:20.049010
142,55,click,2025-10-20 17:25:20.049010
357,72,add_to_cart,2025-07-09 17:25:20.049010
73,296,click,2025-08-25 17:25:20.049010
328,213,click,2025-10-13 17:25:20.049010
167,295,add_to_cart,2025-10-11 17:25:20.049010
168,171,click,2025-07-04 17:25:20.049010
54,246,click,2025-07-27 17:25:20.049010
259,141,click,2025-07-31 17:25:20.049010
439,104,click,2025-09-03 17:25:20.049010
111,105,purchase,2025-10-13 17:25:20.049010
232,240,add_to_cart,2025-06-30 17:25:20.049010
161,280,click,2025-08-19 17:25:20.049010
352,22,click,2025-11-25 17:25:20.049010
327,78,click,2025-12-07 17:25:20.049010
19,195,add_to_cart,2025-08-01 17:25:20.049010
290,21,purchase,2025-07-23 17:25:20.049010
462,160,click,2025-08-18 17:25:20.049010
50,232,purchase,2025-10-08 17:25:20.049010
175,44,click,2025-10-15 17:25:20.049010
302,297,click,2025-07-25 17:25:20.049010
184,180,click,2025-08-17 17:25:20.049010
185,101,add_to_cart,2025-12-12 17:25:20.049010
339,115,click,2025-07-20 17:25:20.049010
307,213,add_to_cart,2025-08-19 17:25:20.049010
310,18,click,2025-08-24 17:25:20.049010
346,27,add_to_cart,2025-09-06 17:25:20.049010
81,285,click,2025-06-27 17:25:20.049010
374,149,click,2025-08-25 17:25:20.049010
156,285,click,2025-10-01 17:25:20.049010
275,137,add_to_cart,2025-07-14 17:25:20.049010
283,189,add_to_cart,2025-07-07 17:25:20.049010
432,190,click,2025-12-12 17:25:20.049010
500,199,click,2025-10-26 17:25:20.049010
249,102,add_to_cart,2025-08-08 17:25:20.049010
147,91,click,2025-07-09 17:25:20.049010
481,224,purchase,2025-08-08 17:25:20.049010
435,5,purchase,2025-10-19 17:25:20.049010
7,15,click,2025-07-19 17:25:20.049010
157,5,add_to_cart,2025-11-27 17:25:20.049010
171,230,add_to_cart,2025-11-26 17:25:20.049010
69,114,click,2025-09-07 17:25:20.049010
94,4,click,2025-07-23 17:25:20.049010
369,184,click,2025-06-21 17:25:20.049010
363,213,purchase,2025-12-02 17:25:20.049010
376,247,add_to_cart,2025-11-26 17:25:20.049010
186,34,click,2025-11-01 17:25:20.049010
392,296,click,2025-09-19 17:25:20.049010
170,196,click,2025-10-30 17:25:20.049010
204,127,add_to_cart,2025-10-20 17:25:20.049010
42,142,click,2025-11-15 17:25:20.049010
13,136,add_to_cart,2025-06-19 17:25:20.049010
154,128,click,2025-09-07 17:25:20.049010
274,174,click,2025-10-31 17:25:20.049010
298,218,click,2025-08-03 17:25:20.049010
51,114,click,2025-10-28 17:25:20.049010
500,12,add_to_cart,2025-07-18 17:25:20.049010
369,244,add_to_cart,2025-11-05 17:25:20.049010
212,52,purchase,2025-08-06 17:25:20.049010
144,186,add_to_cart,2025-09-12 17:25:20.049010
357,233,click,2025-09-25 17:25:20.049010
3,2,purchase,2025-08-29 17:25:20.049010
254,1,add_to_cart,2025-07-10 17:25:20.049010
475,239,click,2025-10-30 17:25:20.049010
335,55,click,2025-09-07 17:25:20.049010
256,220,purchase,2025-11-28 17:25:20.049010
98,104,add_to_cart,2025-12-09 17:25:20.049010
173,277,add_to_cart,2025-11-08 17:25:20.049010
150,10,click,2025-06-26 17:25:20.049010
488,104,add_to_cart,2025-11-18 17:25:20.049010
279,198,click,2025-11-28 17:25:20.050013
59,14,click,2025-12-07 17:25:20.050013
446,168,add_to_cart,2025-08-31 17:25:20.050013
113,30,add_to_cart,2025-11-30 17:25:20.050013
324,14,click,2025-10-15 17:25:20.050013
243,238,click,2025-08-10 17:25:20.050013
310,62,click,2025-11-06 17:25:20.050013
57,110,click,2025-09-06 17:25:20.050013
489,160,click,2025-09-13 17:25:20.050013
407,55,click,2025-10-19 17:25:20.050013
367,249,click,2025-09-01 17:25:20.050013
60,256,add_to_cart,2025-09-13 17:25:20.050013
329,22,click,2025-11-27 17:25:20.050013
216,103,click,2025-11-19 17:25:20.050013
469,264,purchase,2025-11-16 17:25:20.050013
233,236,add_to_cart,2025-11-01 17:25:20.050013
494,233,click,2025-07-10 17:25:20.050013
55,168,click,2025-11-10 17:25:20.050013
373,233,add_to_cart,2025-07-02 17:25:20.050013
208,5,click,2025-10-27 17:25:20.050013
63,45,add_to_cart,2025-09-13 17:25:20.050013
184,46,click,2025-11-08 17:25:20.050013
311,164,purchase,2025-07-30 17:25:20.050013
281,169,add_to_cart,2025-09-26 17:25:20.050013
26,164,click,2025-10-03 17:25:20.050013
177,256,click,2025-11-30 17:25:20.050013
63,66,click,2025-06-20 17:25:20.050013
429,260,click,2025-07-02 17:25:20.050013
73,88,click,2025-09-15 17:25:20.050013
335,240,click,2025-07-18 17:25:20.050013
167,59,click,2025-08-28 17:25:20.050013
225,170,add_to_cart,2025-10-12 17:25:20.050013
65,258,click,2025-10-28 17:25:20.050013
69,46,add_to_cart,2025-07-28 17:25:20.050013
440,2,add_to_cart,2025-09-24 17:25:20.050013
9,129,purchase,2025-07-17 17:25:20.050013
236,269,add_to_cart,2025-09-03 17:25:20.050013
198,278,purchase,2025-06-22 17:25:20.050013
412,17,purchase,2025-08-15 17:25:20.050013
173,187,click,2025-07-04 17:25:20.050013
282,116,click,2025-08-31 17:25:20.050013
28,259,click,2025-11-20 17:25:20.050013
296,249,click,2025-08-28 17:25:20.050013
399,198,click,2025-06-29 17:25:20.050013
134,227,add_to_cart,2025-12-13 17:25:20.050013
27,177,click,2025-09-02 17:25:20.050013
38,243,click,2025-06-28 17:25:20.050013
196,35,click,2025-10-04 17:25:20.050013
203,135,purchase,2025-10-12 17:25:20.050013
85,10,click,2025-07-23 17:25:20.050013
320,183,purchase,2025-10-10 17:25:20.050013
30,202,click,2025-07-27 17:25:20.050013
466,19,add_to_cart,2025-11-14 17:25:20.050013
99,23,click,2025-09-06 17:25:20.050013
387,95,click,2025-07-20 17:25:20.050013
190,64,purchase,2025-09-01 17:25:20.050013
12,220,click,2025-07-14 17:25:20.050013
91,96,click,2025-08-05 17:25:20.050013
30,265,click,2025-10-10 17:25:20.050013
213,157,add_to_cart,2025-06-30 17:25:20.050013
38,207,purchase,2025-08-30 17:25:20.050013
341,274,add_to_cart,2025-12-14 17:25:20.050013
60,246,click,2025-11-03 17:25:20.050013
294,199,click,2025-08-09 17:25:20.050013
360,285,click,2025-07-18 17:25:20.050013
143,83,add_to_cart,2025-06-23 17:25:20.050013
402,133,click,2025-11-21 17:25:20.050013
180,105,add_to_cart,2025-09-17 17:25:20.050013
285,237,click,2025-08-17 17:25:20.050013
112,69,click,2025-10-10 17:25:20.050013
230,184,click,2025-09-12 17:25:20.050013
444,118,click,2025-09-16 17:25:20.050013
21,180,add_to_cart,2025-06-24 17:25:20.050013
145,271,click,2025-09-18 17:25:20.050013
489,90,click,2025-08-19 17:25:20.050013
499,88,click,2025-10-21 17:25:20.050013
146,83,click,2025-10-18 17:25:20.050013
441,20,click,2025-07-25 17:25:20.050013
375,107,add_to_cart,2025-06-24 17:25:20.050013
421,272,click,2025-09-17 17:25:20.050013
316,98,click,2025-10-23 17:25:20.050013
166,232,add_to_cart,2025-10-30 17:25:20.050013
140,57,add_to_cart,2025-06-19 17:25:20.050013
203,149,click,2025-07-23 17:25:20.050013
496,235,purchase,2025-10-31 17:25:20.050013
244,137,purchase,2025-08-20 17:25:20.050013
113,267,click,2025-08-16 17:25:20.050013
468,229,add_to_cart,2025-07-15 17:25:20.050013
201,282,click,2025-11-28 17:25:20.050013
385,202,click,2025-10-28 17:25:20.050013
314,232,click,2025-08-28 17:25:20.050013
259,19,add_to_cart,2025-08-03 17:25:20.050013
255,16,add_to_cart,2025-07-11 17:25:20.050013
447,56,click,2025-09-10 17:25:20.050013
405,114,click,2025-07-16 17:25:20.050013
23,68,click,2025-11-21 17:25:20.050013
393,78,click,2025-07-14 17:25:20.050013
246,30,purchase,2025-11-11 17:25:20.050013
339,7,click,2025-08-31 17:25:20.050013
493,152,click,2025-09-25 17:25:20.050013
311,22,click,2025-08-17 17:25:20.050013
366,30,purchase,2025-07-11 17:25:20.050013
372,167,add_to_cart,2025-12-02 17:25:20.050013
403,148,click,2025-07-06 17:25:20.050013
318,49,click,2025-11-12 17:25:20.050013
87,298,click,2025-07-26 17:25:20.050013
219,262,purchase,2025-12-09 17:25:20.050013
475,181,click,2025-07-28 17:25:20.050013
423,290,click,2025-07-01 17:25:20.050013
356,122,click,2025-11-12 17:25:20.050013
460,124,click,2025-12-03 17:25:20.050013
27,266,click,2025-12-12 17:25:20.050013
430,28,click,2025-07-28 17:25:20.050013
290,259,click,2025-10-29 17:25:20.050013
289,77,click,2025-08-30 17:25:20.050013
348,194,click,2025-07-28 17:25:20.050013
223,35,click,2025-09-14 17:25:20.050013
352,114,add_to_cart,2025-11-13 17:25:20.050013
178,62,click,2025-11-23 17:25:20.050013
148,52,click,2025-10-10 17:25:20.050013
424,116,add_to_cart,2025-07-09 17:25:20.050013
227,47,purchase,2025-12-13 17:25:20.050013
351,101,click,2025-07-29 17:25:20.050013
186,279,click,2025-08-14 17:25:20.050013
415,107,add_to_cart,2025-10-21 17:25:20.050013
294,35,click,2025-11-13 17:25:20.050013
470,288,purchase,2025-11-14 17:25:20.050013
429,2,purchase,2025-07-24 17:25:20.050013
41,239,click,2025-06-19 17:25:20.050013
393,272,click,2025-10-04 17:25:20.050013
500,144,click,2025-12-11 17:25:20.050013
393,92,purchase,2025-11-25 17:25:20.050013
191,221,add_to_cart,2025-12-13 17:25:20.050013
79,54,click,2025-08-21 17:25:20.050013
205,228,click,2025-11-09 17:25:20.050013
384,33,add_to_cart,2025-11-11 17:25:20.050013
278,214,purchase,2025-11-13 17:25:20.050013
272,136,add_to_cart,2025-12-13 17:25:20.050013
32,248,click,2025-06-23 17:25:20.050013
450,53,click,2025-07-23 17:25:20.050013
474,64,click,2025-08-07 17:25:20.050013
142,37,purchase,2025-09-14 17:25:20.050013
251,212,click,2025-09-06 17:25:20.050013
294,12,add_to_cart,2025-08-05 17:25:20.050013
98,84,click,2025-12-07 17:25:20.050013
136,94,click,2025-11-30 17:25:20.050013
484,207,add_to_cart,2025-09-16 17:25:20.050013
277,38,add_to_cart,2025-10-04 17:25:20.050013
312,203,click,2025-06-21 17:25:20.050013
302,270,click,2025-10-20 17:25:20.050013
43,75,add_to_cart,2025-08-31 17:25:20.050013
120,128,add_to_cart,2025-09-21 17:25:20.050013
220,152,add_to_cart,2025-11-29 17:25:20.050013
46,10,click,2025-10-12 17:25:20.050013
236,38,click,2025-10-20 17:25:20.050013
48,105,purchase,2025-12-11 17:25:20.050013
198,165,purchase,2025-07-19 17:25:20.050013
84,32,click,2025-08-09 17:25:20.050013
31,212,purchase,2025-06-24 17:25:20.050013
161,14,click,2025-06-22 17:25:20.050013
428,230,click,2025-08-06 17:25:20.050013
71,132,add_to_cart,2025-07-19 17:25:20.050013
8,152,click,2025-09-19 17:25:20.050013
457,96,purchase,2025-11-14 17:25:20.050013
386,10,click,2025-08-28 17:25:20.050013
401,16,click,2025-10-11 17:25:20.050013
52,167,click,2025-09-07 17:25:20.050013
45,96,click,2025-10-06 17:25:20.050013
293,18,click,2025-12-08 17:25:20.050013
426,7,click,2025-11-10 17:25:20.050013
300,184,click,2025-12-04 17:25:20.050013
465,245,add_to_cart,2025-07-13 17:25:20.050013
373,82,click,2025-12-14 17:25:20.050013
38,131,add_to_cart,2025-08-27 17:25:20.050013
355,129,click,2025-09-29 17:25:20.050013
380,289,click,2025-07-22 17:25:20.050013
495,74,click,2025-09-22 17:25:20.050013
231,59,click,2025-10-28 17:25:20.050013
478,72,add_to_cart,2025-08-26 17:25:20.050013
262,160,purchase,2025-11-09 17:25:20.050013
68,87,click,2025-06-19 17:25:20.051010
179,17,click,2025-10-17 17:25:20.051010
357,89,click,2025-11-04 17:25:20.051010
419,149,purchase,2025-12-09 17:25:20.051010
186,6,add_to_cart,2025-11-04 17:25:20.051010
441,84,click,2025-11-30 17:25:20.051010
201,84,click,2025-08-23 17:25:20.051010
390,250,click,2025-07-16 17:25:20.051010
13,154,add_to_cart,2025-07-03 17:25:20.051010
443,72,add_to_cart,2025-11-02 17:25:20.051010
214,109,purchase,2025-11-08 17:25:20.051010
220,112,click,2025-11-01 17:25:20.051010
286,172,add_to_cart,2025-07-11 17:25:20.051010
244,187,click,2025-07-25 17:25:20.051010
356,285,add_to_cart,2025-08-06 17:25:20.051010
258,273,click,2025-09-13 17:25:20.051010
58,18,add_to_cart,2025-11-11 17:25:20.051010
36,168,click,2025-10-16 17:25:20.051010
328,82,click,2025-08-05 17:25:20.051010
429,75,add_to_cart,2025-08-29 17:25:20.051010
490,249,purchase,2025-09-29 17:25:20.051010
498,131,add_to_cart,2025-08-10 17:25:20.051010
393,201,add_to_cart,2025-06-30 17:25:20.051010
382,296,add_to_cart,2025-11-05 17:25:20.051010
193,68,click,2025-09-03 17:25:20.051010
333,20,click,2025-11-18 17:25:20.051010
50,271,purchase,2025-07-31 17:25:20.051010
463,93,purchase,2025-08-20 17:25:20.051010
32,133,click,2025-08-13 17:25:20.051010
98,295,click,2025-06-19 17:25:20.051010
43,296,purchase,2025-08-24 17:25:20.051010
381,135,add_to_cart,2025-07-09 17:25:20.051010
351,33,click,2025-11-01 17:25:20.051010
334,293,click,2025-11-30 17:25:20.051010
310,32,purchase,2025-09-17 17:25:20.051010
47,43,click,2025-11-11 17:25:20.051010
270,292,click,2025-09-02 17:25:20.051010
432,281,click,2025-07-24 17:25:20.051010
311,108,click,2025-08-26 17:25:20.051010
413,96,click,2025-06-29 17:25:20.051010
431,66,click,2025-07-19 17:25:20.051010
63,9,click,2025-06-21 17:25:20.051010
19,230,add_to_cart,2025-11-25 17:25:20.051010
347,221,click,2025-10-31 17:25:20.051010
393,278,click,2025-10-20 17:25:20.051010
101,99,click,2025-12-11 17:25:20.051010
37,271,click,2025-10-25 17:25:20.051010
107,263,click,2025-07-10 17:25:20.051010
92,164,add_to_cart,2025-07-08 17:25:20.051010
308,16,click,2025-06-24 17:25:20.051010
185,169,click,2025-08-07 17:25:20.051010
216,21,add_to_cart,2025-10-24 17:25:20.051010
28,28,click,2025-09-24 17:25:20.051010
36,83,click,2025-11-28 17:25:20.051010
372,273,purchase,2025-07-13 17:25:20.051010
320,36,purchase,2025-07-26 17:25:20.051010
18,276,purchase,2025-10-27 17:25:20.051010
345,233,click,2025-07-08 17:25:20.051010
419,104,purchase,2025-11-18 17:25:20.051010
196,6,add_to_cart,2025-10-31 17:25:20.051010
78,23,click,2025-08-25 17:25:20.051010
167,170,add_to_cart,2025-08-22 17:25:20.051010
90,152,click,2025-10-05 17:25:20.051010
264,244,click,2025-08-18 17:25:20.051010
472,241,click,2025-08-25 17:25:20.051010
208,261,click,2025-09-13 17:25:20.051010
212,46,click,2025-12-15 17:25:20.051010
271,273,click,2025-10-19 17:25:20.051010
263,75,click,2025-07-20 17:25:20.051010
273,283,add_to_cart,2025-10-21 17:25:20.051010
342,196,click,2025-10-07 17:25:20.051010
214,23,add_to_cart,2025-07-24 17:25:20.051010
374,87,click,2025-09-29 17:25:20.051010
64,121,add_to_cart,2025-08-03 17:25:20.051010
12,149,click,2025-09-28 17:25:20.051010
210,150,add_to_cart,2025-10-05 17:25:20.051010
312,65,add_to_cart,2025-06-23 17:25:20.051010
174,160,purchase,2025-12-06 17:25:20.051010
431,284,click,2025-08-11 17:25:20.051010
256,82,click,2025-11-05 17:25:20.051010
463,7,click,2025-07-22 17:25:20.051010
101,182,click,2025-08-02 17:25:20.051010
16,14,click,2025-07-11 17:25:20.051010
197,183,purchase,2025-08-31 17:25:20.051010
258,44,click,2025-07-05 17:25:20.051010
384,174,click,2025-06-21 17:25:20.051010
244,14,add_to_cart,2025-09-25 17:25:20.051010
348,300,click,2025-08-08 17:25:20.051010
249,73,click,2025-12-11 17:25:20.051010
105,223,add_to_cart,2025-06-25 17:25:20.051010
182,2,click,2025-09-30 17:25:20.051010
155,210,add_to_cart,2025-11-06 17:25:20.051010
287,261,click,2025-12-05 17:25:20.051010
169,90,click,2025-08-20 17:25:20.051010
420,252,purchase,2025-07-03 17:25:20.051010
47,47,purchase,2025-11-29 17:25:20.051010
43,163,click,2025-10-02 17:25:20.051010
321,116,add_to_cart,2025-08-17 17:25:20.051010
306,79,click,2025-11-20 17:25:20.051010
221,8,click,2025-11-07 17:25:20.051010
1,23,add_to_cart,2025-09-09 17:25:20.051010
200,269,click,2025-07-16 17:25:20.051010
441,279,add_to_cart,2025-09-19 17:25:20.051010
144,31,add_to_cart,2025-08-22 17:25:20.051010
378,170,add_to_cart,2025-07-11 17:25:20.051010
28,130,click,2025-06-25 17:25:20.051010
342,157,add_to_cart,2025-11-05 17:25:20.051010
338,22,purchase,2025-09-03 17:25:20.051010
278,126,click,2025-06-21 17:25:20.051010
41,169,click,2025-08-30 17:25:20.051010
332,166,purchase,2025-06-27 17:25:20.051010
147,157,click,2025-12-06 17:25:20.051010
345,22,click,2025-10-04 17:25:20.051010
178,264,click,2025-08-08 17:25:20.051010
315,263,click,2025-08-18 17:25:20.051010
325,212,click,2025-07-20 17:25:20.051010
418,164,click,2025-08-20 17:25:20.051010
167,136,click,2025-11-21 17:25:20.051010
123,252,add_to_cart,2025-11-24 17:25:20.051010
74,205,click,2025-12-05 17:25:20.051010
239,242,click,2025-06-27 17:25:20.051010
249,279,add_to_cart,2025-12-11 17:25:20.051010
263,61,purchase,2025-12-10 17:25:20.051010
252,299,click,2025-11-30 17:25:20.051010
357,95,click,2025-10-31 17:25:20.051010
111,148,click,2025-07-17 17:25:20.051010
180,259,click,2025-12-02 17:25:20.051010
188,30,purchase,2025-11-22 17:25:20.051010
308,18,click,2025-08-29 17:25:20.051010
207,187,click,2025-10-01 17:25:20.051010
234,212,click,2025-07-18 17:25:20.051010
24,35,click,2025-07-02 17:25:20.051010
26,147,click,2025-12-10 17:25:20.051010
381,282,add_to_cart,2025-11-25 17:25:20.051010
218,35,purchase,2025-08-26 17:25:20.051010
494,76,click,2025-10-31 17:25:20.051010
346,72,click,2025-09-02 17:25:20.051010
378,249,click,2025-06-30 17:25:20.051010
10,57,add_to_cart,2025-08-26 17:25:20.051010
17,10,click,2025-06-29 17:25:20.051010
245,213,add_to_cart,2025-07-06 17:25:20.051010
206,237,click,2025-11-05 17:25:20.051010
258,234,click,2025-10-10 17:25:20.051010
112,223,click,2025-09-24 17:25:20.051010
205,104,click,2025-09-24 17:25:20.051010
27,98,add_to_cart,2025-10-12 17:25:20.051010
457,226,click,2025-09-21 17:25:20.051010
71,222,add_to_cart,2025-07-22 17:25:20.051010
176,280,click,2025-09-28 17:25:20.051010
202,43,click,2025-07-22 17:25:20.051010
248,153,click,2025-11-21 17:25:20.051010
118,290,click,2025-07-02 17:25:20.051010
9,224,add_to_cart,2025-09-13 17:25:20.051010
86,119,click,2025-08-18 17:25:20.051010
23,214,click,2025-07-08 17:25:20.051010
455,53,click,2025-07-01 17:25:20.051010
240,220,click,2025-12-04 17:25:20.051010
73,243,add_to_cart,2025-09-15 17:25:20.051010
27,53,purchase,2025-07-11 17:25:20.051010
472,117,click,2025-10-07 17:25:20.051010
349,42,purchase,2025-06-29 17:25:20.051010
81,247,purchase,2025-07-27 17:25:20.051010
84,291,click,2025-12-11 17:25:20.051010
199,248,click,2025-07-05 17:25:20.051010
43,101,click,2025-10-17 17:25:20.051010
488,87,click,2025-09-29 17:25:20.051010
263,84,click,2025-06-22 17:25:20.051010
92,261,click,2025-08-25 17:25:20.051010
339,221,click,2025-10-25 17:25:20.051010
447,154,add_to_cart,2025-08-01 17:25:20.051010
84,51,click,2025-07-25 17:25:20.051010
300,38,add_to_cart,2025-11-11 17:25:20.051010
423,259,purchase,2025-10-03 17:25:20.051010
296,187,add_to_cart,2025-08-25 17:25:20.051010
135,13,click,2025-11-30 17:25:20.051010
454,223,click,2025-07-08 17:25:20.051010
281,87,click,2025-10-26 17:25:20.051010
489,259,purchase,2025-10-16 17:25:20.051010
59,181,add_to_cart,2025-09-28 17:25:20.052010
397,173,click,2025-10-18 17:25:20.052010
359,195,click,2025-08-11 17:25:20.052010
488,245,add_to_cart,2025-09-04 17:25:20.052010
342,196,add_to_cart,2025-12-12 17:25:20.052010
241,62,purchase,2025-08-08 17:25:20.052010
465,25,add_to_cart,2025-10-06 17:25:20.052010
368,52,click,2025-09-05 17:25:20.052010
342,50,add_to_cart,2025-10-15 17:25:20.052010
98,295,purchase,2025-09-09 17:25:20.052010
62,52,add_to_cart,2025-11-21 17:25:20.052010
264,40,click,2025-10-06 17:25:20.052010
113,232,add_to_cart,2025-11-21 17:25:20.052010
429,60,purchase,2025-08-15 17:25:20.052010
146,216,click,2025-10-11 17:25:20.052010
216,197,click,2025-11-20 17:25:20.052010
256,276,add_to_cart,2025-09-05 17:25:20.052010
316,2,add_to_cart,2025-09-01 17:25:20.052010
316,106,click,2025-08-07 17:25:20.052010
362,216,add_to_cart,2025-06-25 17:25:20.052010
258,265,click,2025-07-12 17:25:20.052010
194,167,purchase,2025-07-30 17:25:20.052010
347,247,purchase,2025-07-20 17:25:20.052010
14,210,click,2025-11-03 17:25:20.052010
304,58,purchase,2025-12-12 17:25:20.052010
103,43,click,2025-10-08 17:25:20.052010
245,138,add_to_cart,2025-11-24 17:25:20.052010
245,109,click,2025-08-28 17:25:20.052010
312,48,click,2025-09-04 17:25:20.052010
268,126,purchase,2025-12-10 17:25:20.052010
224,214,purchase,2025-07-19 17:25:20.052010
220,128,click,2025-11-30 17:25:20.052010
311,198,click,2025-07-05 17:25:20.052010
412,202,click,2025-06-21 17:25:20.052010
366,192,purchase,2025-10-19 17:25:20.052010
217,107,click,2025-09-20 17:25:20.052010
4,194,click,2025-08-15 17:25:20.052010
474,238,add_to_cart,2025-06-20 17:25:20.052010
36,132,purchase,2025-09-29 17:25:20.052010
178,83,click,2025-10-30 17:25:20.052010
387,284,add_to_cart,2025-08-04 17:25:20.052010
257,222,add_to_cart,2025-07-16 17:25:20.052010
17,106,click,2025-08-07 17:25:20.052010
199,294,add_to_cart,2025-12-03 17:25:20.052010
318,66,add_to_cart,2025-08-23 17:25:20.052010
48,195,click,2025-10-24 17:25:20.052010
62,188,click,2025-10-10 17:25:20.052010
69,47,add_to_cart,2025-11-15 17:25:20.052010
147,25,click,2025-08-11 17:25:20.052010
359,66,click,2025-10-10 17:25:20.052010
366,67,click,2025-09-26 17:25:20.052010
162,197,click,2025-08-05 17:25:20.052010
227,246,click,2025-08-01 17:25:20.052010
433,296,click,2025-11-17 17:25:20.052010
464,100,click,2025-07-06 17:25:20.052010
488,178,click,2025-09-03 17:25:20.052010
498,115,click,2025-07-06 17:25:20.052010
431,168,add_to_cart,2025-10-27 17:25:20.052010
487,119,add_to_cart,2025-11-16 17:25:20.052010
347,165,click,2025-12-01 17:25:20.052010
489,219,purchase,2025-11-17 17:25:20.052010
230,197,add_to_cart,2025-07-16 17:25:20.052010
370,237,add_to_cart,2025-10-02 17:25:20.052010
178,169,click,2025-10-20 17:25:20.052010
345,76,click,2025-08-26 17:25:20.052010
410,287,purchase,2025-10-26 17:25:20.052010
56,33,click,2025-10-09 17:25:20.052010
78,299,add_to_cart,2025-08-14 17:25:20.052010
270,230,click,2025-10-19 17:25:20.052010
206,195,purchase,2025-07-29 17:25:20.052010
281,294,click,2025-10-08 17:25:20.052010
228,297,click,2025-09-01 17:25:20.052010
388,278,add_to_cart,2025-07-04 17:25:20.052010
239,230,click,2025-07-16 17:25:20.052010
463,96,click,2025-10-09 17:25:20.052010
288,171,click,2025-07-17 17:25:20.052010
82,32,click,2025-11-10 17:25:20.052010
334,45,click,2025-08-08 17:25:20.052010
250,72,add_to_cart,2025-11-11 17:25:20.052010
193,20,add_to_cart,2025-08-13 17:25:20.052010
106,239,purchase,2025-09-07 17:25:20.052010
189,199,click,2025-12-08 17:25:20.052010
276,65,click,2025-11-18 17:25:20.052010
74,188,purchase,2025-08-12 17:25:20.052010
10,89,add_to_cart,2025-09-03 17:25:20.052010
123,201,add_to_cart,2025-11-02 17:25:20.052010
216,23,click,2025-12-06 17:25:20.052010
290,296,purchase,2025-12-11 17:25:20.052010
445,130,click,2025-09-06 17:25:20.052010
476,154,click,2025-08-18 17:25:20.052010
411,78,add_to_cart,2025-06-24 17:25:20.052010
40,190,click,2025-07-10 17:25:20.052010
193,300,click,2025-11-17 17:25:20.052010
127,154,add_to_cart,2025-08-07 17:25:20.052010
289,113,add_to_cart,2025-07-15 17:25:20.052010
452,117,add_to_cart,2025-09-12 17:25:20.052010
71,5,click,2025-12-14 17:25:20.052010
137,35,click,2025-09-28 17:25:20.052010
144,272,click,2025-09-15 17:25:20.052010
389,159,purchase,2025-10-21 17:25:20.052010
354,210,click,2025-07-27 17:25:20.052010
380,14,click,2025-10-01 17:25:20.052010
407,25,click,2025-12-01 17:25:20.052010
299,218,click,2025-09-22 17:25:20.052010
370,254,purchase,2025-08-14 17:25:20.052010
345,203,click,2025-08-20 17:25:20.052010
441,101,add_to_cart,2025-11-01 17:25:20.052010
435,229,click,2025-10-30 17:25:20.052010
269,199,click,2025-11-26 17:25:20.052010
384,178,purchase,2025-08-14 17:25:20.052010
408,276,add_to_cart,2025-07-23 17:25:20.052010
139,130,add_to_cart,2025-09-28 17:25:20.052010
52,279,add_to_cart,2025-10-16 17:25:20.052010
499,288,click,2025-08-17 17:25:20.052010
17,141,click,2025-12-11 17:25:20.052010
165,13,click,2025-10-19 17:25:20.052010
13,217,add_to_cart,2025-09-26 17:25:20.052010
190,186,click,2025-09-30 17:25:20.052010
475,27,click,2025-10-17 17:25:20.052010
340,218,purchase,2025-07-28 17:25:20.052010
353,14,click,2025-09-07 17:25:20.052010
362,142,click,2025-11-06 17:25:20.052010
352,55,click,2025-06-19 17:25:20.052010
264,191,purchase,2025-12-14 17:25:20.052010
312,285,purchase,2025-07-30 17:25:20.052010
221,89,click,2025-12-05 17:25:20.052010
104,45,click,2025-12-06 17:25:20.052010
339,132,click,2025-11-18 17:25:20.052010
198,66,click,2025-08-19 17:25:20.052010
300,279,click,2025-07-30 17:25:20.052010
444,148,click,2025-12-09 17:25:20.052010
359,145,purchase,2025-07-12 17:25:20.052010
368,6,click,2025-06-19 17:25:20.052010
169,82,add_to_cart,2025-07-26 17:25:20.052010
149,123,click,2025-12-09 17:25:20.052010
249,167,click,2025-10-22 17:25:20.052010
256,237,click,2025-08-07 17:25:20.052010
470,105,add_to_cart,2025-11-26 17:25:20.052010
42,290,add_to_cart,2025-08-14 17:25:20.052010
202,238,click,2025-12-13 17:25:20.052010
458,82,click,2025-07-12 17:25:20.052010
244,94,purchase,2025-11-26 17:25:20.052010
157,285,add_to_cart,2025-12-06 17:25:20.052010
464,297,add_to_cart,2025-09-17 17:25:20.052010
449,66,click,2025-09-13 17:25:20.052010
401,112,add_to_cart,2025-07-04 17:25:20.052010
286,171,click,2025-09-23 17:25:20.052010
282,247,click,2025-10-26 17:25:20.052010
437,66,click,2025-08-21 17:25:20.052010
381,68,click,2025-06-29 17:25:20.052010
238,34,click,2025-09-10 17:25:20.052010
19,1,click,2025-11-16 17:25:20.052010
53,151,click,2025-11-01 17:25:20.052010
85,272,add_to_cart,2025-09-07 17:25:20.052010
273,258,purchase,2025-07-17 17:25:20.052010
430,238,click,2025-07-10 17:25:20.052010
360,116,click,2025-11-23 17:25:20.052010
213,76,click,2025-10-24 17:25:20.052010
437,283,click,2025-11-04 17:25:20.052010
361,19,click,2025-07-05 17:25:20.052010
104,284,click,2025-09-03 17:25:20.052010
192,35,click,2025-08-25 17:25:20.052010
429,241,add_to_cart,2025-07-07 17:25:20.052010
177,7,purchase,2025-09-22 17:25:20.052010
147,37,add_to_cart,2025-07-15 17:25:20.052010
380,153,click,2025-10-06 17:25:20.052010
455,245,add_to_cart,2025-07-16 17:25:20.052010
81,250,click,2025-12-13 17:25:20.052010
193,115,click,2025-08-21 17:25:20.052010
37,41,purchase,2025-11-03 17:25:20.052010
377,62,add_to_cart,2025-08-04 17:25:20.052010
326,169,add_to_cart,2025-10-23 17:25:20.052010
154,142,click,2025-10-25 17:25:20.052010
130,258,purchase,2025-12-03 17:25:20.052010
59,88,add_to_cart,2025-08-26 17:25:20.052010
224,48,click,2025-10-21 17:25:20.052010
249,12,click,2025-09-03 17:25:20.052010
240,211,click,2025-06-24 17:25:20.052010
374,244,click,2025-10-11 17:25:20.052010
389,239,add_to_cart,2025-10-09 17:25:20.052010
293,197,click,2025-12-03 17:25:20.053010
287,257,purchase,2025-11-16 17:25:20.053010
204,235,add_to_cart,2025-10-01 17:25:20.053010
99,187,click,2025-07-08 17:25:20.053010
350,201,click,2025-07-03 17:25:20.053010
176,103,click,2025-11-03 17:25:20.053010
262,290,click,2025-08-26 17:25:20.053010
271,221,click,2025-09-09 17:25:20.053010
143,187,click,2025-12-13 17:25:20.053010
189,99,purchase,2025-11-03 17:25:20.053010
272,245,purchase,2025-10-04 17:25:20.053010
20,22,add_to_cart,2025-08-06 17:25:20.053010
333,68,add_to_cart,2025-09-15 17:25:20.053010
300,65,purchase,2025-11-14 17:25:20.053010
426,292,click,2025-12-15 17:25:20.053010
46,217,click,2025-07-28 17:25:20.053010
95,29,add_to_cart,2025-11-10 17:25:20.053010
418,193,purchase,2025-11-20 17:25:20.053010
64,56,click,2025-07-19 17:25:20.053010
413,212,click,2025-09-19 17:25:20.053010
131,238,click,2025-07-30 17:25:20.053010
9,200,click,2025-11-21 17:25:20.053010
459,178,click,2025-09-28 17:25:20.053010
203,153,click,2025-06-26 17:25:20.053010
409,44,purchase,2025-07-05 17:25:20.053010
470,168,purchase,2025-09-05 17:25:20.053010
298,287,purchase,2025-11-12 17:25:20.053010
174,197,click,2025-07-07 17:25:20.053010
73,74,click,2025-11-14 17:25:20.053010
84,171,click,2025-09-05 17:25:20.053010
59,183,purchase,2025-07-16 17:25:20.053010
21,16,click,2025-08-17 17:25:20.053010
458,68,click,2025-10-20 17:25:20.053010
406,42,click,2025-08-31 17:25:20.053010
157,110,click,2025-07-12 17:25:20.053010
319,41,click,2025-11-25 17:25:20.053010
329,6,add_to_cart,2025-10-04 17:25:20.053010
61,181,click,2025-09-22 17:25:20.053010
64,273,click,2025-11-25 17:25:20.053010
325,185,click,2025-06-24 17:25:20.053010
168,144,add_to_cart,2025-07-09 17:25:20.053010
203,100,click,2025-07-19 17:25:20.053010
129,90,purchase,2025-11-04 17:25:20.053010
245,246,click,2025-12-05 17:25:20.053010
106,239,click,2025-10-19 17:25:20.053010
321,212,click,2025-09-09 17:25:20.053010
122,81,click,2025-11-05 17:25:20.053010
318,115,add_to_cart,2025-09-21 17:25:20.053010
182,276,purchase,2025-07-16 17:25:20.053010
103,80,add_to_cart,2025-07-25 17:25:20.053010
316,56,click,2025-09-04 17:25:20.053010
302,179,click,2025-08-30 17:25:20.053010
261,49,purchase,2025-10-07 17:25:20.053010
113,260,click,2025-07-07 17:25:20.053010
406,274,add_to_cart,2025-10-31 17:25:20.053010
474,292,purchase,2025-10-29 17:25:20.053010
437,291,click,2025-11-09 17:25:20.053010
70,30,click,2025-11-24 17:25:20.053010
160,252,add_to_cart,2025-09-27 17:25:20.053010
240,63,click,2025-08-03 17:25:20.053010
11,82,click,2025-06-24 17:25:20.053010
138,169,click,2025-09-30 17:25:20.053010
495,158,click,2025-08-25 17:25:20.053010
167,56,add_to_cart,2025-11-29 17:25:20.053010
247,142,click,2025-12-13 17:25:20.053010
354,149,add_to_cart,2025-07-29 17:25:20.053010
31,226,purchase,2025-10-01 17:25:20.053010
12,25,click,2025-11-27 17:25:20.053010
243,178,add_to_cart,2025-07-10 17:25:20.053010
108,95,click,2025-08-23 17:25:20.053010
336,53,add_to_cart,2025-12-14 17:25:20.053010
422,70,purchase,2025-09-11 17:25:20.053010
323,176,click,2025-08-10 17:25:20.053010
194,132,add_to_cart,2025-11-28 17:25:20.053010
308,213,click,2025-10-22 17:25:20.053010
133,211,add_to_cart,2025-12-12 17:25:20.053010
395,64,add_to_cart,2025-07-19 17:25:20.053010
281,35,add_to_cart,2025-08-18 17:25:20.053010
291,12,click,2025-09-29 17:25:20.053010
163,248,add_to_cart,2025-09-29 17:25:20.053010
278,112,add_to_cart,2025-09-14 17:25:20.053010
421,91,click,2025-11-12 17:25:20.053010
470,294,click,2025-06-23 17:25:20.053010
439,29,click,2025-08-11 17:25:20.053010
203,12,click,2025-08-31 17:25:20.053010
96,147,click,2025-07-17 17:25:20.053010
483,137,click,2025-11-01 17:25:20.053010
223,157,add_to_cart,2025-08-15 17:25:20.053010
237,259,purchase,2025-09-14 17:25:20.053010
117,87,add_to_cart,2025-07-31 17:25:20.053010
456,158,add_to_cart,2025-06-25 17:25:20.053010
192,186,click,2025-07-05 17:25:20.053010
276,229,click,2025-09-09 17:25:20.053010
106,4,purchase,2025-10-26 17:25:20.053010
482,57,add_to_cart,2025-07-09 17:25:20.053010
4,28,click,2025-07-09 17:25:20.053010
18,16,click,2025-07-26 17:25:20.053010
307,13,click,2025-08-01 17:25:20.053010
452,200,click,2025-10-19 17:25:20.053010
20,184,click,2025-07-05 17:25:20.053010
122,281,purchase,2025-07-19 17:25:20.053010
137,158,add_to_cart,2025-12-03 17:25:20.053010
80,259,click,2025-06-30 17:25:20.053010
154,157,click,2025-08-30 17:25:20.053010
358,94,add_to_cart,2025-07-15 17:25:20.053010
25,267,click,2025-08-18 17:25:20.053010
452,21,add_to_cart,2025-08-10 17:25:20.053010
169,127,click,2025-11-02 17:25:20.053010
59,112,click,2025-09-21 17:25:20.053010
301,234,click,2025-11-16 17:25:20.053010
41,34,purchase,2025-09-30 17:25:20.053010
38,80,click,2025-07-04 17:25:20.053010
117,83,click,2025-10-19 17:25:20.053010
275,29,click,2025-09-24 17:25:20.053010
270,131,add_to_cart,2025-07-06 17:25:20.053010
127,11,add_to_cart,2025-08-16 17:25:20.053010
405,62,click,2025-06-22 17:25:20.053010
399,33,click,2025-08-03 17:25:20.053010
3,136,add_to_cart,2025-11-11 17:25:20.053010
293,88,add_to_cart,2025-07-02 17:25:20.053010
373,17,add_to_cart,2025-12-10 17:25:20.053010
498,91,add_to_cart,2025-09-29 17:25:20.053010
430,299,add_to_cart,2025-10-12 17:25:20.053010
16,253,click,2025-08-28 17:25:20.053010
398,73,click,2025-09-22 17:25:20.053010
265,206,add_to_cart,2025-07-14 17:25:20.053010
239,261,click,2025-07-30 17:25:20.053010
263,178,click,2025-12-07 17:25:20.053010
398,220,add_to_cart,2025-07-31 17:25:20.053010
134,173,click,2025-11-03 17:25:20.053010
213,165,add_to_cart,2025-08-18 17:25:20.053010
15,220,click,2025-10-27 17:25:20.053010
436,292,click,2025-08-25 17:25:20.053010
328,161,click,2025-06-25 17:25:20.053010
418,248,purchase,2025-10-14 17:25:20.053010
360,71,purchase,2025-06-22 17:25:20.053010
129,92,click,2025-07-10 17:25:20.053010
352,245,click,2025-08-02 17:25:20.053010
122,24,click,2025-07-01 17:25:20.053010
241,45,click,2025-06-20 17:25:20.053010
115,189,click,2025-08-05 17:25:20.053010
197,286,click,2025-07-10 17:25:20.053010
222,83,add_to_cart,2025-08-03 17:25:20.053010
214,222,add_to_cart,2025-06-26 17:25:20.053010
404,219,click,2025-10-30 17:25:20.053010
80,218,add_to_cart,2025-07-27 17:25:20.053010
263,190,click,2025-11-21 17:25:20.053010
135,67,click,2025-09-22 17:25:20.053010
306,31,add_to_cart,2025-06-24 17:25:20.053010
242,250,click,2025-09-14 17:25:20.053010
386,54,click,2025-06-25 17:25:20.053010
303,10,click,2025-06-26 17:25:20.053010
270,166,purchase,2025-07-10 17:25:20.053010
287,285,add_to_cart,2025-10-25 17:25:20.053010
50,153,click,2025-08-11 17:25:20.053010
189,32,add_to_cart,2025-12-12 17:25:20.053010
297,17,click,2025-08-20 17:25:20.053010
14,146,purchase,2025-10-31 17:25:20.053010
389,75,add_to_cart,2025-07-12 17:25:20.053010
459,124,click,2025-06-22 17:25:20.053010
232,52,add_to_cart,2025-09-11 17:25:20.053010
261,190,add_to_cart,2025-12-15 17:25:20.053010
192,141,purchase,2025-10-09 17:25:20.053010
413,88,add_to_cart,2025-07-04 17:25:20.053010
203,84,click,2025-09-29 17:25:20.053010
261,243,click,2025-08-16 17:25:20.053010
113,106,click,2025-06-19 17:25:20.053010
374,92,click,2025-08-19 17:25:20.053010
352,21,click,2025-09-29 17:25:20.053010
36,6,click,2025-08-08 17:25:20.053010
79,221,click,2025-11-25 17:25:20.053010
275,87,add_to_cart,2025-11-17 17:25:20.053010
448,180,add_to_cart,2025-10-01 17:25:20.053010
278,246,click,2025-09-25 17:25:20.053010
162,174,click,2025-07-03 17:25:20.054011
312,113,click,2025-07-09 17:25:20.054011
17,71,purchase,2025-06-30 17:25:20.054011
204,158,click,2025-11-24 17:25:20.054011
473,299,purchase,2025-06-29 17:25:20.054011
440,237,purchase,2025-07-29 17:25:20.054011
17,187,purchase,2025-10-20 17:25:20.054011
202,243,click,2025-12-08 17:25:20.054011
476,166,click,2025-07-13 17:25:20.054011
210,34,purchase,2025-10-20 17:25:20.054011
499,255,click,2025-11-29 17:25:20.054011
402,220,click,2025-11-25 17:25:20.054011
429,32,click,2025-10-26 17:25:20.054011
480,257,click,2025-08-03 17:25:20.054011
78,233,purchase,2025-10-23 17:25:20.054011
56,215,click,2025-06-30 17:25:20.054011
80,242,add_to_cart,2025-10-17 17:25:20.054011
306,245,add_to_cart,2025-11-02 17:25:20.054011
58,20,click,2025-09-30 17:25:20.054011
18,210,add_to_cart,2025-11-17 17:25:20.054011
208,210,purchase,2025-06-28 17:25:20.054011
465,72,purchase,2025-07-04 17:25:20.054011
135,162,add_to_cart,2025-10-16 17:25:20.054011
332,178,click,2025-10-16 17:25:20.054011
482,11,click,2025-10-05 17:25:20.054011
10,299,click,2025-11-26 17:25:20.054011
69,266,click,2025-06-27 17:25:20.054011
341,8,click,2025-10-21 17:25:20.054011
387,275,click,2025-06-23 17:25:20.054011
83,193,click,2025-10-03 17:25:20.054011
109,259,click,2025-07-26 17:25:20.054011
44,53,click,2025-10-31 17:25:20.054011
483,300,click,2025-11-01 17:25:20.054011
454,96,add_to_cart,2025-11-04 17:25:20.054011
398,92,click,2025-12-08 17:25:20.054011
132,144,add_to_cart,2025-09-23 17:25:20.054011
493,18,purchase,2025-12-02 17:25:20.054011
499,126,click,2025-11-20 17:25:20.054011
18,154,purchase,2025-09-05 17:25:20.054011
93,6,add_to_cart,2025-11-05 17:25:20.054011
483,88,click,2025-11-17 17:25:20.054011
436,269,click,2025-12-03 17:25:20.054011
294,65,purchase,2025-09-09 17:25:20.054011
464,166,click,2025-10-30 17:25:20.054011
148,64,click,2025-11-25 17:25:20.054011
472,270,purchase,2025-09-12 17:25:20.054011
483,145,add_to_cart,2025-12-04 17:25:20.054011
172,269,add_to_cart,2025-09-01 17:25:20.054011
51,6,purchase,2025-11-22 17:25:20.054011
19,121,add_to_cart,2025-11-25 17:25:20.054011
120,132,click,2025-12-12 17:25:20.054011
324,290,click,2025-11-21 17:25:20.054011
225,189,add_to_cart,2025-12-08 17:25:20.054011
66,209,click,2025-07-05 17:25:20.054011
141,42,click,2025-11-12 17:25:20.054011
446,78,click,2025-08-24 17:25:20.054011
189,145,click,2025-10-27 17:25:20.054011
493,286,click,2025-09-16 17:25:20.054011
158,171,add_to_cart,2025-11-18 17:25:20.054011
98,93,add_to_cart,2025-10-15 17:25:20.054011
158,263,click,2025-09-14 17:25:20.054011
435,23,add_to_cart,2025-08-11 17:25:20.054011
246,292,add_to_cart,2025-11-02 17:25:20.054011
344,142,click,2025-07-09 17:25:20.054011
432,148,click,2025-12-08 17:25:20.054011
236,116,click,2025-07-24 17:25:20.054011
33,81,add_to_cart,2025-07-29 17:25:20.054011
361,25,click,2025-08-13 17:25:20.054011
241,115,click,2025-09-17 17:25:20.054011
330,94,click,2025-09-01 17:25:20.054011
338,185,purchase,2025-10-06 17:25:20.054011
275,283,add_to_cart,2025-07-15 17:25:20.054011
71,155,click,2025-09-06 17:25:20.054011
313,174,purchase,2025-07-08 17:25:20.054011
403,173,click,2025-06-27 17:25:20.054011
216,154,add_to_cart,2025-11-14 17:25:20.054011
79,14,click,2025-07-03 17:25:20.054011
169,128,click,2025-12-06 17:25:20.054011
298,92,add_to_cart,2025-09-28 17:25:20.054011
471,271,add_to_cart,2025-08-09 17:25:20.054011
180,222,click,2025-09-30 17:25:20.054011
116,108,click,2025-10-02 17:25:20.054011
260,28,click,2025-09-17 17:25:20.054011
486,197,add_to_cart,2025-11-21 17:25:20.054011
260,200,click,2025-10-25 17:25:20.054011
5,154,add_to_cart,2025-10-25 17:25:20.054011
297,70,purchase,2025-12-04 17:25:20.054011
108,160,click,2025-10-31 17:25:20.054011
343,103,purchase,2025-08-01 17:25:20.054011
360,236,click,2025-11-01 17:25:20.054011
117,189,add_to_cart,2025-11-10 17:25:20.054011
357,109,add_to_cart,2025-08-01 17:25:20.054011
445,255,click,2025-09-10 17:25:20.054011
331,193,click,2025-07-01 17:25:20.054011
439,71,purchase,2025-07-07 17:25:20.054011
331,269,click,2025-09-19 17:25:20.054011
13,209,click,2025-10-24 17:25:20.054011
142,176,click,2025-08-29 17:25:20.054011
188,239,click,2025-11-01 17:25:20.054011
456,98,click,2025-08-12 17:25:20.054011
281,89,click,2025-09-10 17:25:20.054011
466,252,click,2025-07-08 17:25:20.054011
115,99,add_to_cart,2025-11-17 17:25:20.054011
428,154,click,2025-07-03 17:25:20.054011
236,295,click,2025-10-29 17:25:20.054011
338,283,click,2025-09-25 17:25:20.054011
10,296,click,2025-10-18 17:25:20.054011
199,31,click,2025-10-15 17:25:20.054011
252,131,click,2025-11-11 17:25:20.054011
50,216,click,2025-06-24 17:25:20.054011
428,15,click,2025-10-18 17:25:20.054011
142,267,add_to_cart,2025-08-08 17:25:20.054011
271,286,purchase,2025-09-18 17:25:20.054011
16,291,click,2025-08-04 17:25:20.054011
2,43,add_to_cart,2025-11-21 17:25:20.054011
158,168,click,2025-10-24 17:25:20.054011
30,255,add_to_cart,2025-08-14 17:25:20.054011
82,170,add_to_cart,2025-09-29 17:25:20.054011
31,259,add_to_cart,2025-08-24 17:25:20.054011
236,78,purchase,2025-08-06 17:25:20.054011
496,85,click,2025-09-15 17:25:20.054011
333,149,click,2025-10-21 17:25:20.054011
148,201,click,2025-12-14 17:25:20.054011
177,77,add_to_cart,2025-07-24 17:25:20.054011
370,250,add_to_cart,2025-10-29 17:25:20.054011
35,53,click,2025-07-14 17:25:20.054011
23,300,click,2025-09-15 17:25:20.054011
106,293,add_to_cart,2025-09-05 17:25:20.054011
97,294,click,2025-11-12 17:25:20.054011
230,109,click,2025-09-11 17:25:20.054011
227,88,click,2025-06-30 17:25:20.054011
371,166,click,2025-09-12 17:25:20.054011
100,267,click,2025-12-10 17:25:20.054011
445,93,click,2025-12-10 17:25:20.054011
468,173,click,2025-11-18 17:25:20.054011
55,64,purchase,2025-08-02 17:25:20.054011
195,126,click,2025-08-09 17:25:20.054011
8,230,add_to_cart,2025-09-27 17:25:20.054011
424,105,add_to_cart,2025-11-28 17:25:20.054011
315,209,purchase,2025-09-27 17:25:20.054011
128,62,add_to_cart,2025-08-15 17:25:20.054011
32,240,add_to_cart,2025-09-15 17:25:20.054011
93,61,add_to_cart,2025-06-24 17:25:20.054011
7,12,click,2025-12-05 17:25:20.054011
258,137,click,2025-12-10 17:25:20.054011
341,195,click,2025-07-27 17:25:20.054011
390,74,click,2025-08-26 17:25:20.054011
220,136,click,2025-11-24 17:25:20.054011
240,43,click,2025-07-10 17:25:20.054011
106,39,click,2025-11-18 17:25:20.054011
36,31,add_to_cart,2025-07-22 17:25:20.054011
416,142,purchase,2025-08-23 17:25:20.054011
45,44,click,2025-08-09 17:25:20.054011
298,188,click,2025-07-28 17:25:20.054011
309,2,purchase,2025-06-20 17:25:20.054011
366,292,add_to_cart,2025-12-15 17:25:20.054011
9,296,purchase,2025-11-17 17:25:20.054011
459,24,click,2025-07-28 17:25:20.054011
87,104,add_to_cart,2025-11-04 17:25:20.054011
370,62,add_to_cart,2025-11-17 17:25:20.054011
331,153,click,2025-09-13 17:25:20.054011
177,263,click,2025-07-25 17:25:20.054011
130,294,click,2025-10-17 17:25:20.054011
195,243,click,2025-09-02 17:25:20.054011
11,121,purchase,2025-07-07 17:25:20.054011
306,173,click,2025-11-06 17:25:20.054011
419,103,add_to_cart,2025-09-14 17:25:20.054011
122,160,add_to_cart,2025-10-25 17:25:20.054011
399,257,click,2025-10-13 17:25:20.054011
235,202,add_to_cart,2025-12-12 17:25:20.054011
331,45,click,2025-06-23 17:25:20.054011
31,64,click,2025-08-27 17:25:20.054011
348,196,purchase,2025-11-28 17:25:20.054011
446,70,click,2025-09-21 17:25:20.054011
412,181,click,2025-12-06 17:25:20.054011
224,247,add_to_cart,2025-08-23 17:25:20.054011
153,158,add_to_cart,2025-12-02 17:25:20.054011
212,186,add_to_cart,2025-06-20 17:25:20.054011
92,231,purchase,2025-08-20 17:25:20.055010
409,73,click,2025-08-28 17:25:20.055010
331,55,add_to_cart,2025-09-12 17:25:20.055010
467,243,purchase,2025-09-08 17:25:20.055010
348,215,click,2025-10-31 17:25:20.055010
129,15,click,2025-10-16 17:25:20.055010
443,147,click,2025-08-08 17:25:20.055010
197,144,click,2025-07-06 17:25:20.055010
458,25,click,2025-11-12 17:25:20.055010
42,99,add_to_cart,2025-09-14 17:25:20.055010
366,179,purchase,2025-10-07 17:25:20.055010
418,174,add_to_cart,2025-10-12 17:25:20.055010
228,263,purchase,2025-07-06 17:25:20.055010
194,290,click,2025-06-23 17:25:20.055010
18,58,click,2025-10-30 17:25:20.055010
333,279,purchase,2025-12-05 17:25:20.055010
243,145,purchase,2025-08-23 17:25:20.055010
389,122,click,2025-08-06 17:25:20.055010
276,27,add_to_cart,2025-09-21 17:25:20.055010
450,66,click,2025-11-13 17:25:20.055010
127,101,click,2025-07-07 17:25:20.055010
75,94,purchase,2025-09-12 17:25:20.055010
62,67,add_to_cart,2025-10-03 17:25:20.055010
478,250,click,2025-07-06 17:25:20.055010
480,142,click,2025-11-18 17:25:20.055010
288,267,click,2025-11-23 17:25:20.055010
186,40,add_to_cart,2025-10-28 17:25:20.055010
178,215,click,2025-10-01 17:25:20.055010
166,131,purchase,2025-12-14 17:25:20.055010
183,1,add_to_cart,2025-09-30 17:25:20.055010
28,9,click,2025-09-07 17:25:20.055010
330,144,add_to_cart,2025-08-27 17:25:20.055010
470,138,click,2025-07-15 17:25:20.055010
247,297,click,2025-07-24 17:25:20.055010
337,179,click,2025-11-03 17:25:20.055010
22,278,purchase,2025-09-10 17:25:20.055010
427,144,click,2025-10-18 17:25:20.055010
467,190,add_to_cart,2025-08-17 17:25:20.055010
465,270,click,2025-10-11 17:25:20.055010
472,187,click,2025-10-03 17:25:20.055010
420,154,add_to_cart,2025-11-07 17:25:20.055010
96,172,add_to_cart,2025-11-20 17:25:20.055010
122,247,click,2025-07-19 17:25:20.055010
250,11,click,2025-11-24 17:25:20.055010
494,47,click,2025-09-19 17:25:20.055010
379,266,click,2025-11-17 17:25:20.055010
308,111,add_to_cart,2025-08-23 17:25:20.055010
420,279,click,2025-12-06 17:25:20.055010
412,292,add_to_cart,2025-08-28 17:25:20.055010
334,252,add_to_cart,2025-07-16 17:25:20.055010
442,76,click,2025-07-20 17:25:20.055010
420,175,click,2025-08-20 17:25:20.055010
326,109,click,2025-08-15 17:25:20.055010
137,14,click,2025-07-02 17:25:20.055010
277,181,add_to_cart,2025-10-11 17:25:20.055010
320,272,click,2025-08-04 17:25:20.055010
332,43,add_to_cart,2025-12-15 17:25:20.055010
61,102,click,2025-11-18 17:25:20.055010
250,113,click,2025-07-30 17:25:20.055010
478,193,click,2025-07-02 17:25:20.055010
95,9,add_to_cart,2025-08-14 17:25:20.055010
296,149,click,2025-07-23 17:25:20.055010
184,224,add_to_cart,2025-11-26 17:25:20.055010
260,110,click,2025-10-01 17:25:20.055010
287,84,click,2025-09-16 17:25:20.055010
155,43,click,2025-10-19 17:25:20.055010
186,66,click,2025-06-21 17:25:20.055010
409,109,add_to_cart,2025-06-30 17:25:20.055010
69,102,click,2025-09-09 17:25:20.055010
326,135,click,2025-07-23 17:25:20.055010
261,86,add_to_cart,2025-07-07 17:25:20.055010
115,84,click,2025-10-11 17:25:20.055010
347,227,click,2025-09-04 17:25:20.055010
8,260,add_to_cart,2025-10-12 17:25:20.055010
265,20,click,2025-08-12 17:25:20.055010
271,35,purchase,2025-09-02 17:25:20.055010
484,243,click,2025-11-19 17:25:20.055010
249,270,click,2025-11-16 17:25:20.055010
105,223,purchase,2025-09-21 17:25:20.055010
263,158,add_to_cart,2025-10-01 17:25:20.055010
224,285,click,2025-08-09 17:25:20.055010
328,36,click,2025-11-05 17:25:20.055010
495,298,click,2025-08-25 17:25:20.055010
371,29,click,2025-12-15 17:25:20.055010
271,255,add_to_cart,2025-08-05 17:25:20.055010
165,142,click,2025-06-23 17:25:20.055010
83,134,click,2025-08-05 17:25:20.055010
295,144,click,2025-10-06 17:25:20.055010
134,297,click,2025-09-23 17:25:20.055010
211,245,click,2025-11-20 17:25:20.055010
313,254,click,2025-10-28 17:25:20.055010
92,5,add_to_cart,2025-10-07 17:25:20.055010
337,266,click,2025-09-17 17:25:20.055010
490,239,click,2025-10-16 17:25:20.055010
403,250,purchase,2025-12-13 17:25:20.055010
127,291,add_to_cart,2025-07-02 17:25:20.055010
191,31,click,2025-09-29 17:25:20.055010
159,120,purchase,2025-06-22 17:25:20.055010
331,79,purchase,2025-12-02 17:25:20.055010
335,9,click,2025-11-26 17:25:20.055010
10,44,add_to_cart,2025-06-27 17:25:20.055010
107,222,click,2025-08-01 17:25:20.055010
87,144,click,2025-12-10 17:25:20.055010
67,120,click,2025-09-05 17:25:20.055010
62,53,click,2025-09-02 17:25:20.055010
387,65,click,2025-11-03 17:25:20.055010
146,176,add_to_cart,2025-10-13 17:25:20.055010
153,70,click,2025-09-10 17:25:20.055010
107,121,purchase,2025-11-02 17:25:20.055010
148,203,add_to_cart,2025-12-11 17:25:20.055010
186,289,add_to_cart,2025-07-28 17:25:20.055010
349,180,click,2025-08-18 17:25:20.055010
342,81,add_to_cart,2025-07-26 17:25:20.055010
178,55,click,2025-08-19 17:25:20.055010
377,179,add_to_cart,2025-07-07 17:25:20.055010
335,98,click,2025-09-17 17:25:20.055010
487,110,add_to_cart,2025-11-16 17:25:20.055010
266,153,click,2025-10-21 17:25:20.055010
149,125,add_to_cart,2025-08-14 17:25:20.055010
247,91,add_to_cart,2025-07-16 17:25:20.055010
254,294,add_to_cart,2025-10-09 17:25:20.055010
500,37,click,2025-08-13 17:25:20.055010
29,5,click,2025-10-30 17:25:20.055010
352,150,click,2025-11-18 17:25:20.055010
266,172,click,2025-11-09 17:25:20.055010
13,262,click,2025-10-03 17:25:20.055010
47,27,click,2025-10-04 17:25:20.055010
151,55,add_to_cart,2025-08-11 17:25:20.055010
50,249,click,2025-11-10 17:25:20.055010
215,273,purchase,2025-08-09 17:25:20.055010
479,259,click,2025-10-02 17:25:20.055010
132,266,add_to_cart,2025-07-16 17:25:20.055010
372,191,click,2025-10-02 17:25:20.055010
113,63,purchase,2025-11-05 17:25:20.055010
252,104,click,2025-10-08 17:25:20.055010
451,288,click,2025-10-20 17:25:20.055010
341,259,click,2025-12-13 17:25:20.055010
53,161,click,2025-08-02 17:25:20.055010
130,171,click,2025-10-29 17:25:20.055010
324,109,add_to_cart,2025-10-18 17:25:20.055010
193,140,click,2025-08-25 17:25:20.055010
79,93,add_to_cart,2025-11-10 17:25:20.055010
57,103,add_to_cart,2025-09-28 17:25:20.055010
97,226,purchase,2025-09-30 17:25:20.055010
198,160,click,2025-06-30 17:25:20.055010
135,195,click,2025-10-03 17:25:20.055010
147,145,click,2025-10-18 17:25:20.055010
172,242,click,2025-07-07 17:25:20.055010
63,132,click,2025-11-16 17:25:20.055010
65,93,click,2025-09-18 17:25:20.055010
295,273,click,2025-10-15 17:25:20.055010
211,192,add_to_cart,2025-10-07 17:25:20.055010
109,22,click,2025-10-22 17:25:20.055010
282,194,click,2025-09-06 17:25:20.055010
172,170,click,2025-09-07 17:25:20.055010
12,11,click,2025-09-11 17:25:20.055010
406,181,add_to_cart,2025-11-24 17:25:20.055010
333,232,add_to_cart,2025-08-19 17:25:20.055010
220,29,purchase,2025-09-10 17:25:20.055010
398,20,add_to_cart,2025-11-24 17:25:20.055010
342,5,click,2025-09-07 17:25:20.055010
286,34,click,2025-09-25 17:25:20.055010
172,140,purchase,2025-07-28 17:25:20.055010
468,28,add_to_cart,2025-11-23 17:25:20.055010
236,98,add_to_cart,2025-07-23 17:25:20.055010
475,262,add_to_cart,2025-10-03 17:25:20.055010
166,246,click,2025-10-11 17:25:20.055010
187,19,add_to_cart,2025-12-02 17:25:20.055010
170,12,click,2025-07-09 17:25:20.055010
52,25,click,2025-07-11 17:25:20.055010
319,13,click,2025-07-22 17:25:20.055010
189,76,click,2025-10-08 17:25:20.055010
120,259,click,2025-06-23 17:25:20.055010
105,24,click,2025-09-11 17:25:20.055010
162,8,click,2025-08-16 17:25:20.055010
295,228,click,2025-10-03 17:25:20.055010
41,123,click,2025-08-05 17:25:20.055010
377,90,add_to_cart,2025-07-02 17:25:20.055010
364,224,add_to_cart,2025-06-28 17:25:20.056010
165,224,click,2025-07-22 17:25:20.056010
321,257,add_to_cart,2025-10-02 17:25:20.056010
374,3,click,2025-07-02 17:25:20.056010
335,271,click,2025-09-05 17:25:20.056010
160,148,click,2025-10-18 17:25:20.056010
264,189,click,2025-09-13 17:25:20.056010
353,187,add_to_cart,2025-06-19 17:25:20.056010
18,188,click,2025-09-13 17:25:20.056010
173,124,click,2025-06-21 17:25:20.056010
477,37,click,2025-12-06 17:25:20.056010
352,149,purchase,2025-08-31 17:25:20.056010
33,106,click,2025-09-24 17:25:20.056010
261,103,purchase,2025-08-20 17:25:20.056010
210,232,purchase,2025-12-01 17:25:20.056010
496,146,add_to_cart,2025-10-17 17:25:20.056010
383,17,add_to_cart,2025-11-11 17:25:20.056010
330,159,click,2025-11-11 17:25:20.056010
382,282,click,2025-12-15 17:25:20.056010
164,278,purchase,2025-10-30 17:25:20.056010
481,125,click,2025-08-29 17:25:20.056010
407,173,click,2025-08-27 17:25:20.056010
424,163,click,2025-11-28 17:25:20.056010
5,203,add_to_cart,2025-11-20 17:25:20.056010
34,155,click,2025-10-17 17:25:20.056010
280,261,click,2025-07-23 17:25:20.056010
145,186,add_to_cart,2025-10-14 17:25:20.056010
351,57,click,2025-11-05 17:25:20.056010
71,217,click,2025-11-03 17:25:20.056010
465,208,click,2025-11-08 17:25:20.056010
348,202,click,2025-07-14 17:25:20.056010
230,74,click,2025-06-22 17:25:20.056010
125,85,click,2025-10-21 17:25:20.056010
278,120,add_to_cart,2025-06-22 17:25:20.056010
271,14,add_to_cart,2025-06-30 17:25:20.056010
357,129,click,2025-08-11 17:25:20.056010
15,282,purchase,2025-09-08 17:25:20.056010
242,49,click,2025-09-20 17:25:20.056010
498,242,click,2025-10-21 17:25:20.056010
153,53,add_to_cart,2025-08-21 17:25:20.056010
53,265,click,2025-10-15 17:25:20.056010
149,69,add_to_cart,2025-09-07 17:25:20.056010
358,40,click,2025-06-29 17:25:20.056010
450,184,click,2025-08-20 17:25:20.056010
219,133,add_to_cart,2025-07-13 17:25:20.056010
113,56,click,2025-11-09 17:25:20.056010
288,255,click,2025-11-26 17:25:20.056010
277,5,click,2025-11-11 17:25:20.056010
452,69,click,2025-10-06 17:25:20.056010
428,52,add_to_cart,2025-09-09 17:25:20.056010
83,98,add_to_cart,2025-12-10 17:25:20.056010
450,161,add_to_cart,2025-11-27 17:25:20.056010
218,271,click,2025-09-01 17:25:20.056010
226,65,click,2025-12-08 17:25:20.056010
270,243,add_to_cart,2025-06-23 17:25:20.056010
15,262,click,2025-11-30 17:25:20.056010
404,212,click,2025-08-21 17:25:20.056010
290,154,add_to_cart,2025-08-28 17:25:20.056010
420,234,click,2025-11-22 17:25:20.056010
339,140,add_to_cart,2025-07-16 17:25:20.056010
265,115,click,2025-07-28 17:25:20.056010
199,130,add_to_cart,2025-08-19 17:25:20.056010
158,178,click,2025-07-11 17:25:20.056010
333,95,purchase,2025-12-07 17:25:20.056010
475,101,click,2025-07-01 17:25:20.056010
447,196,purchase,2025-12-09 17:25:20.056010
492,290,click,2025-11-14 17:25:20.056010
419,208,add_to_cart,2025-10-17 17:25:20.056010
397,95,add_to_cart,2025-09-14 17:25:20.056010
207,103,click,2025-08-31 17:25:20.056010
174,8,click,2025-10-26 17:25:20.056010
184,136,purchase,2025-11-06 17:25:20.056010
265,98,click,2025-08-23 17:25:20.056010
493,261,add_to_cart,2025-09-28 17:25:20.056010
471,147,click,2025-12-05 17:25:20.056010
246,185,add_to_cart,2025-10-04 17:25:20.056010
36,232,click,2025-11-30 17:25:20.056010
373,101,add_to_cart,2025-11-21 17:25:20.056010
488,147,click,2025-07-09 17:25:20.056010
259,205,click,2025-07-31 17:25:20.056010
482,46,click,2025-09-23 17:25:20.056010
19,104,add_to_cart,2025-11-05 17:25:20.056010
412,222,click,2025-08-14 17:25:20.056010
23,118,click,2025-10-12 17:25:20.056010
104,5,add_to_cart,2025-07-09 17:25:20.056010
241,211,click,2025-09-03 17:25:20.056010
493,55,purchase,2025-09-12 17:25:20.056010
391,19,add_to_cart,2025-06-23 17:25:20.056010
361,88,click,2025-10-23 17:25:20.056010
204,247,click,2025-08-13 17:25:20.056010
253,117,add_to_cart,2025-10-02 17:25:20.056010
142,170,click,2025-08-16 17:25:20.056010
302,150,add_to_cart,2025-11-05 17:25:20.056010
143,295,click,2025-09-24 17:25:20.056010
451,208,click,2025-08-24 17:25:20.056010
271,283,click,2025-10-16 17:25:20.056010
307,174,purchase,2025-08-03 17:25:20.056010
472,127,add_to_cart,2025-09-05 17:25:20.056010
500,156,click,2025-10-24 17:25:20.056010
110,180,purchase,2025-09-10 17:25:20.056010
8,87,click,2025-09-07 17:25:20.056010
69,267,add_to_cart,2025-07-15 17:25:20.056010
190,82,add_to_cart,2025-10-16 17:25:20.056010
179,64,add_to_cart,2025-09-14 17:25:20.056010
63,119,click,2025-11-11 17:25:20.056010
68,163,click,2025-12-13 17:25:20.056010
206,293,add_to_cart,2025-08-28 17:25:20.056010
400,178,click,2025-10-13 17:25:20.056010
468,30,click,2025-07-30 17:25:20.056010
408,161,add_to_cart,2025-08-04 17:25:20.056010
6,3,add_to_cart,2025-08-08 17:25:20.056010
119,24,click,2025-11-06 17:25:20.056010
313,59,click,2025-08-11 17:25:20.056010
31,237,click,2025-09-01 17:25:20.056010
6,240,add_to_cart,2025-07-26 17:25:20.056010
483,160,add_to_cart,2025-09-08 17:25:20.056010
207,60,add_to_cart,2025-07-11 17:25:20.056010
157,240,add_to_cart,2025-12-10 17:25:20.056010
67,59,add_to_cart,2025-09-09 17:25:20.056010
459,53,click,2025-11-25 17:25:20.056010
387,64,click,2025-09-23 17:25:20.056010
412,121,add_to_cart,2025-09-08 17:25:20.056010
330,119,click,2025-08-01 17:25:20.056010
370,286,purchase,2025-10-25 17:25:20.056010
353,18,purchase,2025-11-09 17:25:20.056010
432,5,click,2025-12-07 17:25:20.056010
336,160,click,2025-08-15 17:25:20.056010
379,142,click,2025-07-25 17:25:20.056010
394,18,add_to_cart,2025-11-14 17:25:20.056010
289,68,add_to_cart,2025-09-05 17:25:20.056010
484,114,click,2025-08-26 17:25:20.056010
451,22,add_to_cart,2025-12-13 17:25:20.056010
453,20,add_to_cart,2025-07-27 17:25:20.056010
140,263,click,2025-11-25 17:25:20.056010
441,98,click,2025-10-05 17:25:20.056010
300,105,click,2025-08-22 17:25:20.056010
13,286,click,2025-06-24 17:25:20.056010
152,5,click,2025-11-25 17:25:20.056010
428,129,click,2025-11-04 17:25:20.056010
313,159,purchase,2025-09-11 17:25:20.056010
352,251,click,2025-07-24 17:25:20.056010
400,276,click,2025-11-06 17:25:20.056010
480,83,click,2025-10-19 17:25:20.056010
109,118,add_to_cart,2025-08-23 17:25:20.056010
485,29,add_to_cart,2025-08-06 17:25:20.056010
376,138,add_to_cart,2025-11-04 17:25:20.056010
356,157,add_to_cart,2025-09-20 17:25:20.056010
149,31,click,2025-10-20 17:25:20.056010
367,286,click,2025-11-10 17:25:20.056010
204,153,add_to_cart,2025-10-25 17:25:20.056010
307,58,click,2025-07-19 17:25:20.056010
21,87,add_to_cart,2025-09-18 17:25:20.056010
60,123,click,2025-12-06 17:25:20.056010
435,191,purchase,2025-07-17 17:25:20.056010
21,293,click,2025-07-06 17:25:20.056010
363,28,click,2025-08-24 17:25:20.056010
382,155,click,2025-09-29 17:25:20.056010
245,230,add_to_cart,2025-07-21 17:25:20.056010
390,37,click,2025-08-28 17:25:20.056010
73,6,click,2025-10-25 17:25:20.056010
449,225,click,2025-12-02 17:25:20.056010
76,33,click,2025-07-02 17:25:20.056010
186,89,click,2025-10-04 17:25:20.056010
78,40,click,2025-07-07 17:25:20.056010
390,169,purchase,2025-09-23 17:25:20.056010
65,298,add_to_cart,2025-10-10 17:25:20.056010
342,18,click,2025-08-26 17:25:20.056010
290,15,click,2025-09-04 17:25:20.056010
56,132,click,2025-12-04 17:25:20.056010
331,290,click,2025-11-04 17:25:20.056010
259,294,add_to_cart,2025-07-10 17:25:20.056010
426,209,click,2025-08-01 17:25:20.056010
190,279,purchase,2025-08-12 17:25:20.056010
6,276,click,2025-10-26 17:25:20.056010
6,277,click,2025-11-09 17:25:20.056010
191,76,purchase,2025-07-19 17:25:20.056010
148,298,click,2025-08-01 17:25:20.056010
405,112,click,2025-08-22 17:25:20.056010
258,266,click,2025-10-14 17:25:20.056010
218,72,click,2025-09-22 17:25:20.056010
479,21,click,2025-10-04 17:25:20.057010
90,188,purchase,2025-07-29 17:25:20.057010
312,121,purchase,2025-11-19 17:25:20.057010
352,141,add_to_cart,2025-08-22 17:25:20.057010
10,204,click,2025-10-30 17:25:20.057010
87,209,purchase,2025-10-04 17:25:20.057010
250,9,add_to_cart,2025-11-18 17:25:20.057010
326,185,click,2025-11-11 17:25:20.057010
151,296,click,2025-08-31 17:25:20.057010
476,201,add_to_cart,2025-07-03 17:25:20.057010
113,64,add_to_cart,2025-09-11 17:25:20.057010
30,25,click,2025-06-30 17:25:20.057010
128,156,click,2025-10-10 17:25:20.057010
78,221,purchase,2025-08-01 17:25:20.057010
421,292,click,2025-08-07 17:25:20.057010
55,139,click,2025-10-26 17:25:20.057010
480,21,purchase,2025-09-30 17:25:20.057010
305,154,click,2025-06-22 17:25:20.057010
34,68,purchase,2025-07-06 17:25:20.057010
105,41,add_to_cart,2025-11-30 17:25:20.057010
172,15,click,2025-07-01 17:25:20.057010
499,279,click,2025-10-08 17:25:20.057010
22,169,click,2025-12-08 17:25:20.057010
287,134,click,2025-07-08 17:25:20.057010
391,199,add_to_cart,2025-06-20 17:25:20.057010
105,238,click,2025-08-08 17:25:20.057010
149,112,add_to_cart,2025-07-03 17:25:20.057010
272,52,add_to_cart,2025-10-21 17:25:20.057010
276,137,click,2025-11-26 17:25:20.057010
299,255,purchase,2025-10-25 17:25:20.057010
172,115,add_to_cart,2025-08-01 17:25:20.057010
47,158,purchase,2025-10-12 17:25:20.057010
114,300,click,2025-10-11 17:25:20.057010
275,264,add_to_cart,2025-11-27 17:25:20.057010
304,99,click,2025-07-25 17:25:20.057010
480,121,purchase,2025-09-11 17:25:20.057010
207,90,click,2025-11-26 17:25:20.057010
453,30,click,2025-08-31 17:25:20.057010
395,230,click,2025-10-25 17:25:20.057010
463,139,click,2025-07-27 17:25:20.057010
413,254,click,2025-08-16 17:25:20.057010
242,31,click,2025-09-16 17:25:20.057010
301,162,purchase,2025-07-06 17:25:20.057010
196,156,click,2025-08-16 17:25:20.057010
497,117,click,2025-07-07 17:25:20.057010
164,191,purchase,2025-09-27 17:25:20.057010
176,176,click,2025-07-13 17:25:20.057010
343,5,purchase,2025-06-28 17:25:20.057010
271,12,click,2025-07-06 17:25:20.057010
110,59,click,2025-07-26 17:25:20.057010
172,299,click,2025-12-13 17:25:20.057010
451,250,purchase,2025-07-14 17:25:20.057010
352,93,purchase,2025-08-11 17:25:20.057010
202,111,add_to_cart,2025-08-23 17:25:20.057010
168,295,click,2025-12-12 17:25:20.057010
102,17,purchase,2025-07-19 17:25:20.057010
86,220,purchase,2025-10-08 17:25:20.057010
142,299,click,2025-09-02 17:25:20.057010
447,5,add_to_cart,2025-11-23 17:25:20.057010
337,129,purchase,2025-07-28 17:25:20.057010
213,112,click,2025-10-17 17:25:20.057010
51,24,click,2025-11-19 17:25:20.057010
112,29,purchase,2025-08-19 17:25:20.057010
463,132,click,2025-10-27 17:25:20.057010
442,44,purchase,2025-12-04 17:25:20.057010
271,207,click,2025-07-31 17:25:20.057010
65,216,click,2025-10-28 17:25:20.057010
344,244,click,2025-08-31 17:25:20.057010
183,31,add_to_cart,2025-11-11 17:25:20.057010
332,266,click,2025-07-03 17:25:20.057010
10,11,click,2025-08-18 17:25:20.057010
494,82,click,2025-11-26 17:25:20.057010
234,156,add_to_cart,2025-12-04 17:25:20.057010
298,166,purchase,2025-12-13 17:25:20.057010
244,208,add_to_cart,2025-12-14 17:25:20.057010
351,24,add_to_cart,2025-11-24 17:25:20.057010
267,295,click,2025-11-11 17:25:20.057010
118,179,click,2025-12-07 17:25:20.057010
144,50,click,2025-09-20 17:25:20.057010
381,7,add_to_cart,2025-11-29 17:25:20.057010
201,100,purchase,2025-07-27 17:25:20.057010
239,81,add_to_cart,2025-07-09 17:25:20.057010
334,241,purchase,2025-09-03 17:25:20.057010
403,181,add_to_cart,2025-11-10 17:25:20.057010
415,293,click,2025-07-08 17:25:20.057010
457,83,click,2025-10-13 17:25:20.057010
484,54,purchase,2025-07-28 17:25:20.057010
437,90,purchase,2025-07-07 17:25:20.057010
487,203,click,2025-08-05 17:25:20.057010
246,31,add_to_cart,2025-07-08 17:25:20.057010
346,193,click,2025-08-05 17:25:20.057010
8,100,click,2025-08-27 17:25:20.057010
152,89,purchase,2025-11-28 17:25:20.057010
392,123,purchase,2025-09-18 17:25:20.057010
211,47,click,2025-11-28 17:25:20.057010
367,146,click,2025-07-15 17:25:20.057010
432,3,add_to_cart,2025-09-23 17:25:20.057010
158,18,click,2025-11-26 17:25:20.057010
58,81,click,2025-09-04 17:25:20.057010
86,153,click,2025-09-03 17:25:20.057010
55,299,click,2025-08-13 17:25:20.057010
201,67,add_to_cart,2025-09-23 17:25:20.057010
122,89,click,2025-08-29 17:25:20.057010
446,135,click,2025-12-12 17:25:20.057010
108,202,purchase,2025-11-24 17:25:20.057010
304,179,purchase,2025-08-11 17:25:20.057010
132,79,click,2025-09-22 17:25:20.057010
421,85,click,2025-12-07 17:25:20.057010
392,21,click,2025-11-13 17:25:20.057010
385,165,click,2025-09-02 17:25:20.057010
476,28,click,2025-12-09 17:25:20.057010
198,237,click,2025-07-08 17:25:20.057010
47,288,purchase,2025-10-11 17:25:20.057010
228,185,purchase,2025-09-10 17:25:20.057010
245,155,add_to_cart,2025-11-11 17:25:20.057010
203,123,add_to_cart,2025-09-14 17:25:20.057010
261,87,add_to_cart,2025-07-09 17:25:20.057010
178,202,click,2025-12-15 17:25:20.057010
24,40,click,2025-08-21 17:25:20.057010
175,169,add_to_cart,2025-09-12 17:25:20.057010
274,70,add_to_cart,2025-06-19 17:25:20.057010
340,280,click,2025-11-11 17:25:20.057010
412,27,click,2025-11-06 17:25:20.057010
461,131,purchase,2025-06-27 17:25:20.057010
261,277,click,2025-11-07 17:25:20.057010
286,295,click,2025-11-26 17:25:20.057010
1,288,click,2025-09-10 17:25:20.057010
86,254,click,2025-08-07 17:25:20.057010
338,85,click,2025-10-24 17:25:20.057010
430,9,click,2025-07-29 17:25:20.057010
69,50,add_to_cart,2025-08-02 17:25:20.057010
31,1,click,2025-06-30 17:25:20.057010
198,4,add_to_cart,2025-08-27 17:25:20.057010
91,4,click,2025-08-16 17:25:20.057010
440,90,click,2025-07-30 17:25:20.057010
473,162,purchase,2025-11-20 17:25:20.057010
349,155,add_to_cart,2025-11-08 17:25:20.057010
383,15,add_to_cart,2025-08-05 17:25:20.057010
412,32,click,2025-11-14 17:25:20.057010
16,63,click,2025-08-26 17:25:20.057010
310,108,add_to_cart,2025-07-26 17:25:20.057010
437,14,click,2025-08-31 17:25:20.057010
396,23,add_to_cart,2025-10-25 17:25:20.057010
276,111,click,2025-08-25 17:25:20.057010
338,160,add_to_cart,2025-08-12 17:25:20.057010
162,41,add_to_cart,2025-11-18 17:25:20.057010
437,282,click,2025-07-22 17:25:20.057010
192,144,click,2025-10-23 17:25:20.057010
151,288,add_to_cart,2025-08-16 17:25:20.057010
365,153,add_to_cart,2025-09-26 17:25:20.057010
411,82,click,2025-12-01 17:25:20.057010
113,226,click,2025-12-03 17:25:20.057010
273,152,click,2025-11-23 17:25:20.057010
176,259,click,2025-09-27 17:25:20.057010
149,79,click,2025-11-21 17:25:20.057010
178,195,purchase,2025-07-09 17:25:20.057010
424,223,click,2025-07-20 17:25:20.057010
382,266,purchase,2025-08-09 17:25:20.057010
223,230,add_to_cart,2025-11-18 17:25:20.057010
259,150,click,2025-09-16 17:25:20.057010
273,136,click,2025-08-22 17:25:20.057010
189,123,purchase,2025-07-29 17:25:20.057010
306,110,click,2025-11-26 17:25:20.057010
378,143,click,2025-08-30 17:25:20.057010
90,70,purchase,2025-09-24 17:25:20.057010
343,54,click,2025-10-26 17:25:20.057010
262,40,click,2025-07-15 17:25:20.057010
156,197,click,2025-09-22 17:25:20.057010
200,27,add_to_cart,2025-09-06 17:25:20.057010
55,299,click,2025-06-28 17:25:20.057010
254,180,click,2025-06-21 17:25:20.057010
442,46,click,2025-07-13 17:25:20.057010
173,142,add_to_cart,2025-07-15 17:25:20.057010
200,98,add_to_cart,2025-09-30 17:25:20.057010
403,126,click,2025-11-21 17:25:20.057010
102,58,add_to_cart,2025-08-23 17:25:20.057010
285,177,click,2025-11-15 17:25:20.057010
151,207,click,2025-07-23 17:25:20.057010
111,285,purchase,2025-07-01 17:25:20.058010
416,154,click,2025-09-20 17:25:20.058010
266,27,purchase,2025-10-10 17:25:20.058010
91,163,add_to_cart,2025-12-05 17:25:20.058010
177,250,click,2025-07-14 17:25:20.058010
449,188,add_to_cart,2025-07-04 17:25:20.058010
231,90,click,2025-07-29 17:25:20.058010
29,131,click,2025-07-13 17:25:20.058010
443,298,add_to_cart,2025-12-10 17:25:20.058010
301,13,purchase,2025-10-07 17:25:20.058010
195,29,click,2025-06-27 17:25:20.058010
307,265,purchase,2025-09-18 17:25:20.058010
239,32,purchase,2025-10-30 17:25:20.058010
357,150,click,2025-11-10 17:25:20.058010
479,86,purchase,2025-09-25 17:25:20.058010
384,58,click,2025-11-02 17:25:20.058010
267,57,click,2025-07-18 17:25:20.058010
214,25,purchase,2025-07-18 17:25:20.058010
82,190,click,2025-09-20 17:25:20.058010
128,76,add_to_cart,2025-11-11 17:25:20.058010
483,225,click,2025-09-14 17:25:20.058010
262,183,click,2025-10-16 17:25:20.058010
67,154,add_to_cart,2025-07-03 17:25:20.058010
62,269,click,2025-06-19 17:25:20.058010
133,278,click,2025-12-14 17:25:20.058010
137,23,purchase,2025-07-22 17:25:20.058010
28,14,purchase,2025-08-27 17:25:20.058010
211,94,click,2025-09-10 17:25:20.058010
476,52,click,2025-11-23 17:25:20.058010
475,41,click,2025-11-20 17:25:20.058010
205,164,purchase,2025-11-16 17:25:20.058010
253,6,click,2025-11-27 17:25:20.058010
38,138,click,2025-07-02 17:25:20.058010
43,99,purchase,2025-09-17 17:25:20.058010
117,224,click,2025-09-01 17:25:20.058010
405,30,click,2025-11-18 17:25:20.058010
475,225,click,2025-08-11 17:25:20.058010
190,261,purchase,2025-10-16 17:25:20.058010
46,247,click,2025-06-23 17:25:20.058010
454,79,click,2025-09-12 17:25:20.058010
166,185,purchase,2025-09-11 17:25:20.058010
305,299,add_to_cart,2025-07-28 17:25:20.058010
203,180,click,2025-09-21 17:25:20.058010
495,77,click,2025-08-15 17:25:20.058010
233,262,click,2025-07-30 17:25:20.058010
245,229,click,2025-09-10 17:25:20.058010
209,2,click,2025-07-01 17:25:20.058010
248,17,click,2025-08-30 17:25:20.058010
295,12,add_to_cart,2025-06-20 17:25:20.058010
327,182,click,2025-10-07 17:25:20.058010
383,7,click,2025-07-11 17:25:20.058010
158,246,click,2025-08-11 17:25:20.058010
405,157,purchase,2025-07-11 17:25:20.058010
1,174,click,2025-12-09 17:25:20.058010
217,181,add_to_cart,2025-10-10 17:25:20.058010
416,281,click,2025-07-31 17:25:20.058010
249,237,add_to_cart,2025-10-16 17:25:20.058010
392,157,click,2025-08-17 17:25:20.058010
69,251,click,2025-09-05 17:25:20.058010
30,221,add_to_cart,2025-11-09 17:25:20.058010
115,223,click,2025-12-01 17:25:20.058010
8,211,click,2025-10-27 17:25:20.058010
369,134,click,2025-12-12 17:25:20.058010
275,259,click,2025-09-06 17:25:20.058010
492,35,add_to_cart,2025-06-29 17:25:20.058010
315,183,click,2025-12-06 17:25:20.058010
439,161,click,2025-08-15 17:25:20.058010
414,93,click,2025-07-19 17:25:20.058010
335,197,click,2025-08-11 17:25:20.058010
36,206,click,2025-07-10 17:25:20.058010
311,18,click,2025-10-01 17:25:20.058010
44,234,click,2025-11-18 17:25:20.058010
155,66,purchase,2025-09-09 17:25:20.058010
77,244,click,2025-11-27 17:25:20.058010
78,276,purchase,2025-09-29 17:25:20.058010
101,199,add_to_cart,2025-10-30 17:25:20.058010
438,18,click,2025-08-23 17:25:20.058010
432,72,click,2025-07-17 17:25:20.058010
30,155,click,2025-08-24 17:25:20.058010
39,170,click,2025-12-05 17:25:20.058010
239,282,add_to_cart,2025-09-30 17:25:20.058010
13,151,add_to_cart,2025-10-03 17:25:20.058010
122,261,click,2025-09-16 17:25:20.058010
144,80,click,2025-10-23 17:25:20.058010
172,106,add_to_cart,2025-10-18 17:25:20.058010
455,11,click,2025-11-14 17:25:20.058010
368,208,purchase,2025-07-23 17:25:20.058010
247,130,click,2025-08-06 17:25:20.058010
247,171,click,2025-09-25 17:25:20.058010
411,33,purchase,2025-06-20 17:25:20.058010
45,24,click,2025-06-24 17:25:20.058010
253,197,add_to_cart,2025-10-23 17:25:20.058010
375,46,click,2025-07-16 17:25:20.058010
291,274,purchase,2025-08-12 17:25:20.058010
207,231,purchase,2025-07-31 17:25:20.058010
412,133,click,2025-08-03 17:25:20.058010
483,264,click,2025-08-12 17:25:20.058010
7,85,add_to_cart,2025-09-10 17:25:20.058010
446,5,purchase,2025-11-27 17:25:20.058010
242,269,add_to_cart,2025-08-03 17:25:20.058010
110,221,purchase,2025-11-01 17:25:20.058010
114,194,click,2025-09-02 17:25:20.058010
307,69,purchase,2025-11-08 17:25:20.058010
302,288,click,2025-08-03 17:25:20.058010
276,176,click,2025-06-25 17:25:20.058010
96,239,click,2025-10-10 17:25:20.058010
294,179,add_to_cart,2025-10-02 17:25:20.058010
189,256,click,2025-12-08 17:25:20.058010
360,211,purchase,2025-09-17 17:25:20.058010
288,227,purchase,2025-09-05 17:25:20.058010
154,72,add_to_cart,2025-12-13 17:25:20.058010
58,65,click,2025-09-14 17:25:20.058010
423,166,click,2025-12-04 17:25:20.058010
404,214,click,2025-09-25 17:25:20.058010
338,17,add_to_cart,2025-06-28 17:25:20.058010
50,173,click,2025-08-03 17:25:20.058010
207,129,add_to_cart,2025-09-13 17:25:20.058010
52,3,click,2025-10-29 17:25:20.058010
342,248,add_to_cart,2025-11-01 17:25:20.058010
371,70,click,2025-11-21 17:25:20.058010
150,52,add_to_cart,2025-12-12 17:25:20.058010
53,259,click,2025-08-06 17:25:20.058010
213,239,click,2025-06-21 17:25:20.058010
66,94,purchase,2025-08-12 17:25:20.058010
232,47,click,2025-09-01 17:25:20.058010
373,75,purchase,2025-07-13 17:25:20.058010
299,91,click,2025-08-28 17:25:20.058010
338,86,click,2025-07-04 17:25:20.058010
151,6,click,2025-08-08 17:25:20.058010
205,230,purchase,2025-10-04 17:25:20.058010
320,43,purchase,2025-10-16 17:25:20.058010
255,198,click,2025-08-13 17:25:20.058010
489,182,click,2025-10-26 17:25:20.058010
137,169,add_to_cart,2025-11-15 17:25:20.058010
369,203,purchase,2025-09-22 17:25:20.058010
135,194,add_to_cart,2025-11-03 17:25:20.058010
425,31,purchase,2025-11-18 17:25:20.058010
54,102,click,2025-07-02 17:25:20.058010
65,64,add_to_cart,2025-07-25 17:25:20.058010
2,91,add_to_cart,2025-10-10 17:25:20.058010
132,250,click,2025-10-09 17:25:20.058010
334,183,add_to_cart,2025-11-10 17:25:20.058010
32,280,purchase,2025-08-11 17:25:20.058010
356,205,purchase,2025-11-16 17:25:20.058010
386,89,click,2025-09-14 17:25:20.058010
360,293,click,2025-11-23 17:25:20.058010
498,285,click,2025-06-24 17:25:20.058010
243,159,click,2025-12-05 17:25:20.058010
192,130,purchase,2025-08-18 17:25:20.058010
142,248,click,2025-11-27 17:25:20.058010
148,140,add_to_cart,2025-10-05 17:25:20.058010
89,189,click,2025-11-03 17:25:20.058010
490,91,click,2025-10-02 17:25:20.058010
49,56,click,2025-08-13 17:25:20.058010
136,226,click,2025-08-01 17:25:20.058010
476,165,click,2025-11-21 17:25:20.058010
191,36,add_to_cart,2025-11-15 17:25:20.058010
430,29,add_to_cart,2025-07-28 17:25:20.058010
149,80,click,2025-10-12 17:25:20.058010
87,169,click,2025-07-11 17:25:20.058010
416,33,add_to_cart,2025-11-17 17:25:20.058010
8,93,add_to_cart,2025-09-12 17:25:20.058010
223,112,click,2025-11-28 17:25:20.058010
357,209,click,2025-08-07 17:25:20.058010
16,194,click,2025-11-11 17:25:20.058010
296,264,click,2025-08-06 17:25:20.058010
106,247,click,2025-11-05 17:25:20.058010
283,118,click,2025-09-28 17:25:20.058010
104,228,purchase,2025-08-24 17:25:20.058010
361,9,click,2025-09-17 17:25:20.058010
146,199,add_to_cart,2025-11-16 17:25:20.058010
35,277,click,2025-09-20 17:25:20.058010
113,129,purchase,2025-12-05 17:25:20.058010
308,62,add_to_cart,2025-11-13 17:25:20.058010
399,2,purchase,2025-11-08 17:25:20.058010
447,172,add_to_cart,2025-12-11 17:25:20.058010
53,245,add_to_cart,2025-09-08 17:25:20.058010
347,88,click,2025-10-26 17:25:20.058010
81,83,click,2025-10-12 17:25:20.058010
104,5,purchase,2025-10-19 17:25:20.059010
322,39,add_to_cart,2025-06-23 17:25:20.059010
369,75,click,2025-07-04 17:25:20.059010
242,101,purchase,2025-08-03 17:25:20.059010
31,141,click,2025-10-17 17:25:20.059010
317,93,click,2025-10-18 17:25:20.059010
192,119,add_to_cart,2025-07-31 17:25:20.059010
357,288,click,2025-11-13 17:25:20.059010
361,109,click,2025-06-20 17:25:20.059010
233,43,click,2025-08-15 17:25:20.059010
98,136,purchase,2025-09-29 17:25:20.059010
34,217,purchase,2025-07-05 17:25:20.059010
243,156,click,2025-08-27 17:25:20.059010
439,39,click,2025-11-08 17:25:20.059010
59,282,click,2025-10-22 17:25:20.059010
259,26,purchase,2025-07-11 17:25:20.059010
17,32,purchase,2025-11-20 17:25:20.059010
78,46,click,2025-09-12 17:25:20.059010
206,156,add_to_cart,2025-11-04 17:25:20.059010
302,244,add_to_cart,2025-06-24 17:25:20.059010
166,35,click,2025-07-22 17:25:20.059010
291,278,click,2025-09-03 17:25:20.059010
385,242,click,2025-09-30 17:25:20.059010
112,259,click,2025-09-20 17:25:20.059010
413,46,click,2025-09-27 17:25:20.059010
388,237,click,2025-07-16 17:25:20.059010
317,8,click,2025-08-13 17:25:20.059010
353,260,click,2025-08-13 17:25:20.059010
145,271,add_to_cart,2025-09-22 17:25:20.059010
156,44,purchase,2025-11-28 17:25:20.059010
178,238,purchase,2025-12-07 17:25:20.059010
346,167,add_to_cart,2025-08-27 17:25:20.059010
136,76,add_to_cart,2025-09-03 17:25:20.059010
418,157,click,2025-11-29 17:25:20.059010
315,201,click,2025-09-13 17:25:20.059010
18,234,click,2025-08-06 17:25:20.059010
351,232,click,2025-10-22 17:25:20.059010
443,212,add_to_cart,2025-10-23 17:25:20.059010
155,154,click,2025-07-13 17:25:20.059010
272,213,add_to_cart,2025-09-02 17:25:20.059010
266,87,click,2025-07-01 17:25:20.059010
360,18,click,2025-12-07 17:25:20.059010
332,191,purchase,2025-07-05 17:25:20.059010
406,54,click,2025-08-02 17:25:20.059010
16,216,click,2025-08-16 17:25:20.059010
12,42,click,2025-10-28 17:25:20.059010
75,230,click,2025-10-07 17:25:20.059010
212,230,add_to_cart,2025-06-29 17:25:20.059010
179,182,add_to_cart,2025-12-14 17:25:20.059010
129,141,click,2025-07-10 17:25:20.059010
283,288,purchase,2025-10-01 17:25:20.059010
195,82,add_to_cart,2025-11-27 17:25:20.059010
268,167,click,2025-08-17 17:25:20.059010
30,54,click,2025-09-06 17:25:20.059010
9,73,add_to_cart,2025-09-06 17:25:20.059010
309,213,add_to_cart,2025-10-12 17:25:20.059010
445,171,click,2025-10-15 17:25:20.059010
310,270,click,2025-09-09 17:25:20.059010
165,219,click,2025-11-30 17:25:20.059010
193,136,click,2025-09-02 17:25:20.059010
426,35,click,2025-08-03 17:25:20.059010
305,146,purchase,2025-09-30 17:25:20.059010
260,183,add_to_cart,2025-07-29 17:25:20.059010
192,78,add_to_cart,2025-09-15 17:25:20.059010
79,253,click,2025-08-05 17:25:20.059010
179,236,click,2025-09-15 17:25:20.059010
91,77,click,2025-10-30 17:25:20.059010
456,73,click,2025-12-05 17:25:20.059010
444,27,click,2025-07-07 17:25:20.059010
215,38,click,2025-10-26 17:25:20.059010
79,254,click,2025-12-11 17:25:20.059010
475,86,purchase,2025-10-29 17:25:20.059010
415,31,add_to_cart,2025-11-15 17:25:20.059010
103,205,click,2025-07-01 17:25:20.059010
111,193,add_to_cart,2025-08-03 17:25:20.059010
456,230,add_to_cart,2025-09-08 17:25:20.059010
478,181,click,2025-09-22 17:25:20.059010
314,245,click,2025-11-06 17:25:20.059010
247,40,add_to_cart,2025-07-27 17:25:20.059010
234,157,click,2025-12-06 17:25:20.059010
82,168,add_to_cart,2025-09-25 17:25:20.059010
132,158,click,2025-10-28 17:25:20.059010
495,130,click,2025-07-24 17:25:20.059010
235,82,click,2025-08-18 17:25:20.059010
278,156,add_to_cart,2025-06-20 17:25:20.059010
387,175,purchase,2025-07-11 17:25:20.059010
335,288,click,2025-10-22 17:25:20.059010
99,88,click,2025-11-12 17:25:20.059010
431,102,click,2025-11-13 17:25:20.059010
38,248,purchase,2025-08-05 17:25:20.059010
161,206,add_to_cart,2025-09-03 17:25:20.059010
462,89,click,2025-11-04 17:25:20.059010
432,288,purchase,2025-08-07 17:25:20.059010
449,96,add_to_cart,2025-07-03 17:25:20.059010
117,159,click,2025-12-03 17:25:20.059010
241,114,click,2025-08-02 17:25:20.059010
26,24,click,2025-10-16 17:25:20.059010
136,163,add_to_cart,2025-07-11 17:25:20.059010
50,286,click,2025-10-27 17:25:20.059010
464,55,purchase,2025-10-08 17:25:20.059010
294,64,add_to_cart,2025-11-08 17:25:20.059010
394,33,add_to_cart,2025-09-12 17:25:20.059010
298,46,click,2025-12-14 17:25:20.059010
293,219,purchase,2025-10-20 17:25:20.059010
154,289,click,2025-12-09 17:25:20.059010
220,196,purchase,2025-07-31 17:25:20.059010
140,253,click,2025-11-17 17:25:20.059010
468,286,purchase,2025-07-07 17:25:20.059010
49,236,add_to_cart,2025-09-09 17:25:20.059010
142,79,purchase,2025-06-26 17:25:20.059010
46,92,click,2025-08-11 17:25:20.059010
163,96,click,2025-09-07 17:25:20.059010
285,228,click,2025-10-06 17:25:20.059010
268,286,click,2025-09-29 17:25:20.059010
116,235,click,2025-09-23 17:25:20.059010
82,102,purchase,2025-11-13 17:25:20.059010
44,252,add_to_cart,2025-09-12 17:25:20.059010
194,140,click,2025-09-10 17:25:20.059010
258,143,purchase,2025-09-17 17:25:20.059010
443,240,add_to_cart,2025-08-12 17:25:20.059010
273,266,purchase,2025-06-20 17:25:20.059010
394,61,purchase,2025-07-03 17:25:20.059010
274,23,add_to_cart,2025-12-04 17:25:20.059010
278,11,click,2025-11-26 17:25:20.059010
83,16,purchase,2025-10-11 17:25:20.059010
58,49,click,2025-11-28 17:25:20.059010
53,170,add_to_cart,2025-06-29 17:25:20.059010
1,119,add_to_cart,2025-08-19 17:25:20.059010
216,42,click,2025-12-10 17:25:20.059010
317,10,add_to_cart,2025-10-11 17:25:20.059010
228,49,click,2025-10-08 17:25:20.059010
473,265,click,2025-08-11 17:25:20.059010
484,207,click,2025-08-13 17:25:20.059010
254,167,purchase,2025-09-05 17:25:20.059010
159,2,click,2025-08-16 17:25:20.059010
287,68,purchase,2025-07-19 17:25:20.059010
66,210,add_to_cart,2025-07-19 17:25:20.059010
403,139,add_to_cart,2025-10-12 17:25:20.059010
309,37,add_to_cart,2025-06-22 17:25:20.059010
460,218,click,2025-09-30 17:25:20.059010
458,278,click,2025-07-29 17:25:20.059010
95,180,click,2025-07-28 17:25:20.059010
493,5,click,2025-08-23 17:25:20.059010
253,130,click,2025-08-15 17:25:20.059010
150,133,click,2025-10-18 17:25:20.059010
23,99,add_to_cart,2025-08-15 17:25:20.059010
244,160,click,2025-07-30 17:25:20.059010
215,236,add_to_cart,2025-08-24 17:25:20.059010
399,147,click,2025-09-25 17:25:20.059010
410,115,purchase,2025-12-15 17:25:20.059010
131,4,click,2025-10-09 17:25:20.059010
343,87,purchase,2025-12-07 17:25:20.059010
148,46,click,2025-12-13 17:25:20.059010
381,83,click,2025-12-07 17:25:20.059010
109,154,click,2025-09-25 17:25:20.059010
40,282,click,2025-10-08 17:25:20.059010
121,288,purchase,2025-11-24 17:25:20.059010
295,111,click,2025-09-06 17:25:20.059010
120,117,click,2025-08-20 17:25:20.059010
456,97,add_to_cart,2025-07-18 17:25:20.059010
18,282,click,2025-09-27 17:25:20.059010
169,189,click,2025-08-05 17:25:20.059010
198,88,click,2025-11-07 17:25:20.059010
411,87,click,2025-12-13 17:25:20.059010
484,26,click,2025-11-20 17:25:20.059010
143,31,add_to_cart,2025-12-08 17:25:20.059010
37,126,click,2025-10-25 17:25:20.059010
186,198,add_to_cart,2025-08-04 17:25:20.059010
261,31,add_to_cart,2025-08-12 17:25:20.059010
231,232,add_to_cart,2025-07-14 17:25:20.059010
254,45,click,2025-08-17 17:25:20.059010
329,189,click,2025-07-19 17:25:20.059010
391,52,click,2025-10-21 17:25:20.059010
297,52,purchase,2025-11-03 17:25:20.059010
468,79,add_to_cart,2025-11-19 17:25:20.059010
10,49,click,2025-11-01 17:25:20.059010
446,230,purchase,2025-10-31 17:25:20.059010
410,44,click,2025-08-25 17:25:20.059010
324,292,add_to_cart,2025-11-13 17:25:20.060010
230,247,add_to_cart,2025-08-11 17:25:20.060010
24,219,purchase,2025-09-12 17:25:20.060010
78,22,purchase,2025-11-18 17:25:20.060010
425,130,click,2025-09-13 17:25:20.060010
193,7,click,2025-09-09 17:25:20.060010
401,272,click,2025-08-29 17:25:20.060010
109,44,purchase,2025-09-26 17:25:20.060010
280,240,add_to_cart,2025-06-20 17:25:20.060010
411,65,click,2025-11-11 17:25:20.060010
263,246,click,2025-07-05 17:25:20.060010
329,73,click,2025-12-10 17:25:20.060010
363,71,click,2025-08-10 17:25:20.060010
355,197,click,2025-07-18 17:25:20.060010
378,189,add_to_cart,2025-12-02 17:25:20.060010
268,158,click,2025-10-21 17:25:20.060010
341,25,add_to_cart,2025-09-28 17:25:20.060010
259,71,click,2025-07-16 17:25:20.060010
335,223,purchase,2025-07-21 17:25:20.060010
85,160,add_to_cart,2025-07-23 17:25:20.060010
10,75,click,2025-08-14 17:25:20.060010
289,138,add_to_cart,2025-07-24 17:25:20.060010
302,41,click,2025-07-27 17:25:20.060010
59,16,purchase,2025-11-20 17:25:20.060010
308,189,add_to_cart,2025-07-09 17:25:20.060010
262,28,add_to_cart,2025-09-14 17:25:20.060010
386,163,click,2025-10-06 17:25:20.060010
285,55,click,2025-10-20 17:25:20.060010
119,274,click,2025-12-04 17:25:20.060010
168,102,click,2025-12-13 17:25:20.060010
353,42,add_to_cart,2025-07-09 17:25:20.060010
189,263,click,2025-09-10 17:25:20.060010
452,171,click,2025-07-26 17:25:20.060010
251,208,click,2025-08-01 17:25:20.060010
324,49,purchase,2025-10-28 17:25:20.060010
413,60,purchase,2025-06-27 17:25:20.060010
229,6,click,2025-09-26 17:25:20.060010
190,148,click,2025-07-13 17:25:20.060010
316,287,click,2025-06-26 17:25:20.060010
124,211,click,2025-12-03 17:25:20.060010
84,150,purchase,2025-10-30 17:25:20.060010
297,85,add_to_cart,2025-11-25 17:25:20.060010
215,160,purchase,2025-10-27 17:25:20.060010
237,47,purchase,2025-06-24 17:25:20.060010
466,162,add_to_cart,2025-08-24 17:25:20.060010
113,155,add_to_cart,2025-12-11 17:25:20.060010
217,230,purchase,2025-12-09 17:25:20.060010
321,300,add_to_cart,2025-07-03 17:25:20.060010
246,158,click,2025-11-09 17:25:20.060010
448,161,add_to_cart,2025-09-24 17:25:20.060010
335,247,click,2025-07-09 17:25:20.060010
319,56,purchase,2025-06-28 17:25:20.060010
482,151,click,2025-10-10 17:25:20.060010
432,299,click,2025-09-04 17:25:20.060010
404,54,click,2025-09-08 17:25:20.060010
374,223,purchase,2025-11-19 17:25:20.060010
37,254,purchase,2025-10-26 17:25:20.060010
64,68,add_to_cart,2025-06-23 17:25:20.060010
219,53,click,2025-10-05 17:25:20.060010
342,245,click,2025-09-13 17:25:20.060010
499,40,click,2025-10-29 17:25:20.060010
389,138,purchase,2025-12-06 17:25:20.060010
34,266,purchase,2025-09-13 17:25:20.060010
39,138,purchase,2025-08-01 17:25:20.060010
67,292,add_to_cart,2025-09-21 17:25:20.060010
209,210,purchase,2025-09-12 17:25:20.060010
318,172,click,2025-10-31 17:25:20.060010
344,185,click,2025-07-31 17:25:20.060010
152,299,purchase,2025-11-10 17:25:20.060010
387,240,click,2025-12-06 17:25:20.060010
365,211,add_to_cart,2025-08-14 17:25:20.060010
199,151,add_to_cart,2025-11-19 17:25:20.060010
89,124,click,2025-09-28 17:25:20.060010
248,49,click,2025-07-22 17:25:20.060010
323,124,click,2025-07-30 17:25:20.060010
79,68,add_to_cart,2025-11-14 17:25:20.060010
477,231,click,2025-07-21 17:25:20.060010
434,9,click,2025-10-31 17:25:20.060010
285,266,add_to_cart,2025-10-17 17:25:20.060010
330,125,click,2025-10-09 17:25:20.060010
32,112,click,2025-11-29 17:25:20.060010
87,54,click,2025-10-12 17:25:20.060010
39,89,click,2025-11-27 17:25:20.060010
393,95,add_to_cart,2025-12-11 17:25:20.060010
101,250,purchase,2025-09-25 17:25:20.060010
244,166,click,2025-10-22 17:25:20.060010
232,227,purchase,2025-09-01 17:25:20.060010
398,136,click,2025-12-12 17:25:20.060010
68,65,add_to_cart,2025-06-19 17:25:20.060010
192,5,purchase,2025-11-27 17:25:20.060010
404,120,click,2025-07-10 17:25:20.060010
28,219,click,2025-08-07 17:25:20.060010
270,43,click,2025-10-10 17:25:20.060010
428,188,add_to_cart,2025-11-17 17:25:20.060010
226,26,click,2025-08-02 17:25:20.060010
77,267,click,2025-08-18 17:25:20.060010
223,162,click,2025-08-05 17:25:20.060010
481,233,click,2025-10-13 17:25:20.060010
372,130,add_to_cart,2025-11-19 17:25:20.060010
167,21,add_to_cart,2025-11-13 17:25:20.060010
284,128,add_to_cart,2025-10-19 17:25:20.060010
192,76,click,2025-10-15 17:25:20.060010
89,73,click,2025-09-25 17:25:20.060010
32,233,click,2025-11-20 17:25:20.060010
137,106,add_to_cart,2025-12-02 17:25:20.060010
156,9,click,2025-11-14 17:25:20.060010
250,119,purchase,2025-11-05 17:25:20.060010
95,50,click,2025-07-27 17:25:20.060010
17,10,purchase,2025-10-29 17:25:20.060010
117,113,add_to_cart,2025-06-23 17:25:20.060010
471,266,add_to_cart,2025-09-16 17:25:20.060010
333,78,click,2025-11-08 17:25:20.060010
311,36,click,2025-08-03 17:25:20.060010
10,202,add_to_cart,2025-11-13 17:25:20.060010
80,118,add_to_cart,2025-08-31 17:25:20.060010
134,190,click,2025-09-10 17:25:20.060010
432,242,click,2025-11-22 17:25:20.060010
203,293,add_to_cart,2025-11-20 17:25:20.060010
116,169,purchase,2025-10-27 17:25:20.060010
451,230,click,2025-06-29 17:25:20.060010
220,48,click,2025-09-12 17:25:20.060010
253,150,purchase,2025-08-13 17:25:20.060010
169,208,add_to_cart,2025-07-28 17:25:20.060010
335,61,click,2025-07-10 17:25:20.060010
316,117,click,2025-11-23 17:25:20.060010
205,239,add_to_cart,2025-07-04 17:25:20.060010
298,48,click,2025-08-29 17:25:20.060010
372,245,click,2025-10-18 17:25:20.060010
248,293,add_to_cart,2025-11-30 17:25:20.060010
365,5,click,2025-11-07 17:25:20.060010
465,100,click,2025-09-25 17:25:20.060010
71,205,click,2025-09-16 17:25:20.060010
156,180,add_to_cart,2025-12-07 17:25:20.060010
102,17,click,2025-09-15 17:25:20.060010
13,90,click,2025-11-24 17:25:20.060010
465,108,click,2025-10-02 17:25:20.060010
271,190,click,2025-10-23 17:25:20.060010
292,180,add_to_cart,2025-07-19 17:25:20.060010
220,249,purchase,2025-12-02 17:25:20.060010
15,251,add_to_cart,2025-09-28 17:25:20.060010
238,20,click,2025-06-21 17:25:20.060010
117,97,click,2025-08-05 17:25:20.060010
331,222,click,2025-08-30 17:25:20.060010
56,144,click,2025-09-13 17:25:20.060010
351,7,click,2025-07-24 17:25:20.060010
132,268,click,2025-12-15 17:25:20.060010
483,296,purchase,2025-07-27 17:25:20.060010
226,1,purchase,2025-10-22 17:25:20.060010
308,58,add_to_cart,2025-11-29 17:25:20.060010
475,264,click,2025-12-07 17:25:20.060010
394,90,add_to_cart,2025-08-10 17:25:20.060010
222,75,click,2025-09-08 17:25:20.060010
173,261,click,2025-09-12 17:25:20.060010
340,282,click,2025-12-04 17:25:20.060010
285,243,click,2025-08-16 17:25:20.060010
309,119,click,2025-08-29 17:25:20.060010
157,47,click,2025-10-11 17:25:20.060010
151,168,click,2025-07-26 17:25:20.060010
185,27,purchase,2025-07-07 17:25:20.060010
178,296,click,2025-11-09 17:25:20.060010
21,1,click,2025-10-24 17:25:20.060010
112,174,click,2025-06-30 17:25:20.060010
171,167,click,2025-08-14 17:25:20.060010
138,18,add_to_cart,2025-09-29 17:25:20.060010
233,91,click,2025-12-12 17:25:20.060010
332,202,click,2025-08-02 17:25:20.060010
30,21,add_to_cart,2025-09-20 17:25:20.060010
381,156,add_to_cart,2025-10-06 17:25:20.060010
307,14,click,2025-11-29 17:25:20.060010
161,20,click,2025-07-19 17:25:20.060010
402,244,purchase,2025-09-05 17:25:20.060010
78,173,add_to_cart,2025-08-02 17:25:20.060010
278,122,purchase,2025-11-24 17:25:20.060010
320,184,purchase,2025-11-06 17:25:20.060010
21,68,add_to_cart,2025-07-19 17:25:20.060010
385,293,click,2025-09-03 17:25:20.060010
497,159,add_to_cart,2025-08-05 17:25:20.060010
363,49,add_to_cart,2025-12-07 17:25:20.060010
372,181,click,2025-10-17 17:25:20.061010
380,295,add_to_cart,2025-11-26 17:25:20.061010
143,141,add_to_cart,2025-09-21 17:25:20.061010
36,18,click,2025-08-15 17:25:20.061010
303,140,click,2025-11-12 17:25:20.061010
438,72,click,2025-07-05 17:25:20.061010
214,242,purchase,2025-09-15 17:25:20.061010
32,261,purchase,2025-08-13 17:25:20.061010
186,263,click,2025-08-11 17:25:20.061010
174,143,click,2025-10-06 17:25:20.061010
54,195,click,2025-07-03 17:25:20.061010
161,146,click,2025-11-14 17:25:20.061010
250,294,click,2025-06-25 17:25:20.061010
489,26,click,2025-08-29 17:25:20.061010
251,59,click,2025-09-12 17:25:20.061010
423,52,click,2025-11-21 17:25:20.061010
279,149,add_to_cart,2025-10-13 17:25:20.061010
171,107,purchase,2025-07-08 17:25:20.061010
183,59,click,2025-10-30 17:25:20.061010
2,258,click,2025-10-08 17:25:20.061010
194,281,purchase,2025-08-12 17:25:20.061010
166,19,purchase,2025-11-17 17:25:20.061010
247,166,click,2025-07-10 17:25:20.061010
499,25,click,2025-11-20 17:25:20.061010
413,4,click,2025-10-14 17:25:20.061010
244,3,click,2025-09-22 17:25:20.061010
110,27,click,2025-06-22 17:25:20.061010
380,219,click,2025-10-18 17:25:20.061010
323,44,add_to_cart,2025-10-30 17:25:20.061010
487,212,click,2025-11-24 17:25:20.061010
71,52,add_to_cart,2025-08-29 17:25:20.061010
164,153,click,2025-06-25 17:25:20.061010
285,202,click,2025-07-09 17:25:20.061010
375,11,add_to_cart,2025-09-09 17:25:20.061010
421,68,add_to_cart,2025-09-16 17:25:20.061010
113,227,click,2025-07-04 17:25:20.061010
228,121,click,2025-10-10 17:25:20.061010
471,15,click,2025-06-19 17:25:20.061010
301,57,click,2025-06-28 17:25:20.061010
16,64,click,2025-08-29 17:25:20.061010
496,230,click,2025-11-12 17:25:20.061010
31,11,click,2025-10-06 17:25:20.061010
162,121,click,2025-06-26 17:25:20.061010
306,224,add_to_cart,2025-06-30 17:25:20.061010
193,225,click,2025-08-19 17:25:20.061010
210,125,click,2025-06-19 17:25:20.061010
378,148,add_to_cart,2025-10-11 17:25:20.061010
446,228,add_to_cart,2025-12-04 17:25:20.061010
232,30,click,2025-12-01 17:25:20.061010
427,10,click,2025-08-12 17:25:20.061010
184,54,add_to_cart,2025-11-30 17:25:20.061010
15,186,purchase,2025-12-13 17:25:20.061010
432,207,click,2025-07-14 17:25:20.061010
305,255,add_to_cart,2025-07-18 17:25:20.061010
209,157,purchase,2025-07-08 17:25:20.061010
172,129,click,2025-10-29 17:25:20.061010
266,58,click,2025-09-16 17:25:20.061010
20,195,add_to_cart,2025-07-14 17:25:20.061010
70,76,click,2025-10-30 17:25:20.061010
8,89,click,2025-07-10 17:25:20.061010
429,81,click,2025-07-06 17:25:20.061010
34,186,click,2025-07-05 17:25:20.061010
224,268,click,2025-07-17 17:25:20.061010
179,79,add_to_cart,2025-07-24 17:25:20.061010
246,145,purchase,2025-11-01 17:25:20.061010
490,129,click,2025-09-09 17:25:20.061010
260,14,click,2025-08-09 17:25:20.061010
108,119,add_to_cart,2025-11-26 17:25:20.061010
242,2,click,2025-09-14 17:25:20.061010
423,4,add_to_cart,2025-10-07 17:25:20.061010
468,244,add_to_cart,2025-06-21 17:25:20.061010
24,66,purchase,2025-10-24 17:25:20.061010
216,246,click,2025-08-29 17:25:20.061010
55,90,click,2025-07-03 17:25:20.061010
26,178,click,2025-06-19 17:25:20.061010
281,60,click,2025-09-14 17:25:20.061010
292,232,purchase,2025-08-30 17:25:20.061010
327,176,purchase,2025-10-03 17:25:20.061010
458,167,purchase,2025-11-21 17:25:20.061010
186,198,click,2025-11-17 17:25:20.061010
495,60,add_to_cart,2025-08-23 17:25:20.061010
12,83,click,2025-11-11 17:25:20.061010
129,74,purchase,2025-10-30 17:25:20.061010
372,26,click,2025-07-09 17:25:20.061010
434,243,click,2025-08-11 17:25:20.061010
409,116,add_to_cart,2025-10-31 17:25:20.061010
208,180,add_to_cart,2025-11-10 17:25:20.061010
133,262,add_to_cart,2025-10-06 17:25:20.061010
339,114,click,2025-07-31 17:25:20.061010
196,266,purchase,2025-10-31 17:25:20.061010
262,38,add_to_cart,2025-09-09 17:25:20.061010
282,77,add_to_cart,2025-09-10 17:25:20.061010
369,102,click,2025-11-20 17:25:20.061010
103,12,add_to_cart,2025-06-23 17:25:20.061010
120,49,click,2025-06-23 17:25:20.061010
183,254,click,2025-12-03 17:25:20.061010
423,249,click,2025-07-11 17:25:20.061010
9,72,add_to_cart,2025-08-13 17:25:20.061010
45,197,click,2025-12-09 17:25:20.061010
244,253,click,2025-10-21 17:25:20.061010
270,299,add_to_cart,2025-11-16 17:25:20.061010
112,222,click,2025-10-22 17:25:20.061010
55,60,click,2025-07-08 17:25:20.061010
393,157,purchase,2025-06-29 17:25:20.061010
15,202,click,2025-12-10 17:25:20.061010
37,267,click,2025-12-08 17:25:20.061010
178,35,click,2025-10-04 17:25:20.061010
127,255,click,2025-08-10 17:25:20.061010
117,23,click,2025-10-02 17:25:20.061010
340,165,purchase,2025-10-07 17:25:20.061010
72,28,add_to_cart,2025-11-06 17:25:20.061010
352,53,click,2025-09-27 17:25:20.061010
111,284,click,2025-11-29 17:25:20.061010
149,298,click,2025-09-19 17:25:20.061010
185,85,click,2025-08-03 17:25:20.061010
105,124,purchase,2025-11-06 17:25:20.061010
147,207,click,2025-09-03 17:25:20.061010
221,165,add_to_cart,2025-10-19 17:25:20.061010
314,47,add_to_cart,2025-09-16 17:25:20.061010
351,156,add_to_cart,2025-10-23 17:25:20.061010
374,266,click,2025-12-07 17:25:20.061010
6,279,click,2025-10-26 17:25:20.061010
260,5,click,2025-07-31 17:25:20.061010
299,82,add_to_cart,2025-10-28 17:25:20.061010
349,119,click,2025-07-11 17:25:20.061010
42,262,click,2025-12-07 17:25:20.061010
259,125,add_to_cart,2025-06-25 17:25:20.061010
385,215,click,2025-08-16 17:25:20.061010
492,28,click,2025-08-12 17:25:20.061010
439,269,click,2025-11-20 17:25:20.061010
271,25,click,2025-07-07 17:25:20.061010
47,7,purchase,2025-08-10 17:25:20.061010
85,194,click,2025-11-19 17:25:20.061010
174,80,click,2025-09-23 17:25:20.061010
58,36,purchase,2025-07-14 17:25:20.061010
479,258,click,2025-06-30 17:25:20.061010
199,113,click,2025-09-24 17:25:20.061010
209,294,click,2025-11-28 17:25:20.061010
248,202,purchase,2025-10-27 17:25:20.061010
211,14,add_to_cart,2025-11-03 17:25:20.061010
39,155,click,2025-11-05 17:25:20.061010
252,85,click,2025-09-03 17:25:20.061010
131,140,purchase,2025-11-28 17:25:20.061010
414,97,click,2025-09-07 17:25:20.061010
291,185,click,2025-10-24 17:25:20.061010
250,189,add_to_cart,2025-09-27 17:25:20.061010
441,82,add_to_cart,2025-10-24 17:25:20.061010
413,300,purchase,2025-12-03 17:25:20.061010
434,180,add_to_cart,2025-11-20 17:25:20.061010
446,105,purchase,2025-08-26 17:25:20.061010
52,210,add_to_cart,2025-09-17 17:25:20.061010
374,249,click,2025-10-21 17:25:20.061010
14,72,click,2025-09-22 17:25:20.061010
419,161,purchase,2025-06-21 17:25:20.061010
156,133,click,2025-07-20 17:25:20.061010
442,240,add_to_cart,2025-12-08 17:25:20.061010
30,78,add_to_cart,2025-06-21 17:25:20.061010
90,58,click,2025-08-08 17:25:20.061010
391,125,click,2025-10-05 17:25:20.061010
167,11,click,2025-10-07 17:25:20.061010
351,27,click,2025-12-10 17:25:20.061010
69,207,add_to_cart,2025-11-24 17:25:20.061010
163,222,click,2025-06-25 17:25:20.061010
242,250,purchase,2025-09-12 17:25:20.061010
495,208,click,2025-07-06 17:25:20.061010
383,109,add_to_cart,2025-10-15 17:25:20.061010
52,296,click,2025-10-08 17:25:20.061010
142,61,click,2025-09-21 17:25:20.061010
63,122,click,2025-10-20 17:25:20.061010
292,239,click,2025-08-26 17:25:20.061010
91,106,add_to_cart,2025-07-16 17:25:20.061010
152,279,purchase,2025-10-04 17:25:20.061010
424,36,click,2025-07-16 17:25:20.061010
157,38,click,2025-09-14 17:25:20.061010
309,72,add_to_cart,2025-08-20 17:25:20.061010
365,56,purchase,2025-07-08 17:25:20.061010
150,167,click,2025-08-31 17:25:20.061010
328,221,click,2025-12-08 17:25:20.061010
271,76,click,2025-09-03 17:25:20.062010
369,210,click,2025-08-18 17:25:20.062010
69,211,click,2025-07-28 17:25:20.062010
116,228,click,2025-10-16 17:25:20.062010
192,225,click,2025-08-02 17:25:20.062010
4,254,click,2025-08-21 17:25:20.062010
75,156,click,2025-08-24 17:25:20.062010
402,149,click,2025-09-02 17:25:20.062010
298,279,click,2025-11-19 17:25:20.062010
241,231,click,2025-10-23 17:25:20.062010
30,190,click,2025-08-07 17:25:20.062010
143,225,click,2025-11-13 17:25:20.062010
326,65,add_to_cart,2025-07-13 17:25:20.062010
183,108,click,2025-06-19 17:25:20.062010
437,80,add_to_cart,2025-11-17 17:25:20.062010
16,133,click,2025-09-14 17:25:20.062010
111,174,click,2025-10-04 17:25:20.062010
360,64,add_to_cart,2025-10-16 17:25:20.062010
201,210,click,2025-07-19 17:25:20.062010
107,297,click,2025-10-20 17:25:20.062010
379,98,click,2025-11-01 17:25:20.062010
162,172,click,2025-09-26 17:25:20.062010
283,89,click,2025-11-16 17:25:20.062010
269,226,add_to_cart,2025-07-27 17:25:20.062010
484,143,click,2025-09-27 17:25:20.062010
155,196,purchase,2025-06-23 17:25:20.062010
73,179,click,2025-07-23 17:25:20.062010
197,54,click,2025-07-09 17:25:20.062010
243,196,purchase,2025-08-28 17:25:20.062010
86,217,click,2025-07-03 17:25:20.062010
287,298,purchase,2025-08-22 17:25:20.062010
259,25,click,2025-10-24 17:25:20.062010
286,67,click,2025-07-26 17:25:20.062010
149,163,click,2025-07-04 17:25:20.062010
355,112,click,2025-08-16 17:25:20.062010
390,206,click,2025-10-28 17:25:20.062010
476,137,click,2025-11-13 17:25:20.062010
416,279,click,2025-12-03 17:25:20.062010
426,165,click,2025-07-22 17:25:20.062010
485,271,click,2025-09-22 17:25:20.062010
190,228,purchase,2025-10-21 17:25:20.062010
217,127,click,2025-11-09 17:25:20.062010
416,270,add_to_cart,2025-10-19 17:25:20.062010
355,248,click,2025-12-07 17:25:20.062010
86,36,click,2025-08-06 17:25:20.062010
216,155,click,2025-10-06 17:25:20.062010
423,145,add_to_cart,2025-07-28 17:25:20.062010
320,260,purchase,2025-09-03 17:25:20.062010
118,19,click,2025-10-14 17:25:20.062010
414,58,click,2025-10-16 17:25:20.062010
447,263,click,2025-07-05 17:25:20.062010
370,36,add_to_cart,2025-12-08 17:25:20.062010
480,211,click,2025-09-17 17:25:20.062010
415,148,add_to_cart,2025-11-19 17:25:20.062010
87,102,add_to_cart,2025-07-15 17:25:20.062010
40,76,purchase,2025-11-01 17:25:20.062010
161,68,click,2025-06-29 17:25:20.062010
191,66,add_to_cart,2025-12-02 17:25:20.062010
25,222,click,2025-09-01 17:25:20.062010
420,151,click,2025-10-05 17:25:20.062010
152,274,click,2025-08-18 17:25:20.062010
95,278,add_to_cart,2025-10-25 17:25:20.062010
442,68,click,2025-10-26 17:25:20.062010
423,235,add_to_cart,2025-08-08 17:25:20.062010
46,203,add_to_cart,2025-10-29 17:25:20.062010
461,233,add_to_cart,2025-06-22 17:25:20.062010
138,163,click,2025-10-10 17:25:20.062010
471,98,purchase,2025-09-27 17:25:20.062010
466,9,click,2025-08-01 17:25:20.062010
288,249,add_to_cart,2025-09-04 17:25:20.062010
353,227,click,2025-12-14 17:25:20.062010
164,241,add_to_cart,2025-10-02 17:25:20.062010
412,75,click,2025-06-28 17:25:20.062010
400,17,add_to_cart,2025-12-02 17:25:20.062010
16,51,click,2025-07-01 17:25:20.062010
18,228,add_to_cart,2025-10-18 17:25:20.062010
136,194,click,2025-10-30 17:25:20.062010
490,280,add_to_cart,2025-08-26 17:25:20.062010
464,238,click,2025-07-07 17:25:20.062010
247,271,add_to_cart,2025-08-11 17:25:20.062010
248,157,click,2025-08-10 17:25:20.062010
331,254,click,2025-07-05 17:25:20.062010
198,118,add_to_cart,2025-11-13 17:25:20.062010
1,50,add_to_cart,2025-09-04 17:25:20.062010
190,278,add_to_cart,2025-11-28 17:25:20.062010
381,52,purchase,2025-07-19 17:25:20.062010
460,181,click,2025-09-06 17:25:20.062010
294,31,click,2025-12-11 17:25:20.062010
476,246,click,2025-11-14 17:25:20.062010
45,90,click,2025-08-22 17:25:20.062010
442,31,click,2025-06-22 17:25:20.062010
337,102,add_to_cart,2025-07-05 17:25:20.062010
385,230,click,2025-10-04 17:25:20.062010
32,97,click,2025-12-02 17:25:20.062010
392,67,click,2025-10-13 17:25:20.062010
118,192,click,2025-11-14 17:25:20.062010
296,211,click,2025-08-01 17:25:20.062010
184,137,click,2025-08-29 17:25:20.062010
191,184,purchase,2025-10-29 17:25:20.062010
235,56,click,2025-10-25 17:25:20.062010
238,250,purchase,2025-08-29 17:25:20.062010
216,282,click,2025-08-01 17:25:20.062010
74,60,click,2025-08-30 17:25:20.062010
111,128,click,2025-11-14 17:25:20.062010
103,205,add_to_cart,2025-08-30 17:25:20.062010
359,214,purchase,2025-07-31 17:25:20.062010
74,127,click,2025-09-14 17:25:20.062010
420,72,click,2025-10-08 17:25:20.062010
473,216,click,2025-12-05 17:25:20.062010
252,90,click,2025-11-18 17:25:20.062010
114,233,add_to_cart,2025-09-19 17:25:20.062010
379,233,click,2025-07-07 17:25:20.062010
313,63,click,2025-09-01 17:25:20.062010
330,247,purchase,2025-11-06 17:25:20.062010
339,135,click,2025-08-22 17:25:20.062010
238,2,add_to_cart,2025-07-31 17:25:20.062010
173,161,add_to_cart,2025-11-20 17:25:20.062010
79,140,click,2025-11-03 17:25:20.062010
464,202,click,2025-06-27 17:25:20.062010
386,125,click,2025-10-06 17:25:20.062010
93,82,purchase,2025-08-26 17:25:20.062010
452,164,add_to_cart,2025-08-23 17:25:20.062010
50,240,click,2025-06-23 17:25:20.062010
285,213,add_to_cart,2025-09-28 17:25:20.062010
223,149,add_to_cart,2025-10-15 17:25:20.062010
81,72,click,2025-08-28 17:25:20.062010
266,103,click,2025-11-01 17:25:20.062010
155,183,add_to_cart,2025-08-08 17:25:20.062010
373,184,click,2025-09-13 17:25:20.062010
233,13,purchase,2025-10-30 17:25:20.062010
399,232,add_to_cart,2025-10-10 17:25:20.062010
316,150,click,2025-11-17 17:25:20.062010
236,263,purchase,2025-11-21 17:25:20.062010
159,24,click,2025-08-28 17:25:20.062010
405,189,purchase,2025-12-12 17:25:20.062010
316,133,click,2025-06-24 17:25:20.062010
251,50,add_to_cart,2025-10-08 17:25:20.062010
314,183,add_to_cart,2025-10-14 17:25:20.062010
425,26,click,2025-12-10 17:25:20.062010
430,138,click,2025-09-24 17:25:20.062010
301,11,click,2025-11-28 17:25:20.062010
380,296,click,2025-08-22 17:25:20.062010
282,102,click,2025-09-05 17:25:20.062010
102,11,purchase,2025-11-10 17:25:20.062010
51,112,add_to_cart,2025-10-01 17:25:20.062010
420,94,click,2025-09-19 17:25:20.062010
52,260,add_to_cart,2025-07-11 17:25:20.062010
209,258,click,2025-07-27 17:25:20.062010
307,167,purchase,2025-11-07 17:25:20.062010
131,209,click,2025-08-08 17:25:20.062010
270,45,click,2025-08-16 17:25:20.062010
433,205,click,2025-11-12 17:25:20.062010
205,42,purchase,2025-10-19 17:25:20.062010
489,285,click,2025-08-21 17:25:20.062010
219,100,click,2025-09-07 17:25:20.062010
257,272,click,2025-08-22 17:25:20.062010
185,6,click,2025-07-06 17:25:20.062010
145,42,click,2025-11-12 17:25:20.062010
496,253,add_to_cart,2025-08-13 17:25:20.062010
178,76,click,2025-09-05 17:25:20.062010
482,42,click,2025-08-02 17:25:20.062010
14,268,click,2025-11-03 17:25:20.062010
246,217,click,2025-10-14 17:25:20.062010
187,64,click,2025-08-23 17:25:20.062010
337,179,click,2025-09-13 17:25:20.062010
259,29,click,2025-08-27 17:25:20.062010
354,275,click,2025-11-26 17:25:20.062010
40,216,click,2025-06-19 17:25:20.062010
89,54,click,2025-09-23 17:25:20.062010
125,80,click,2025-09-23 17:25:20.062010
450,194,add_to_cart,2025-10-31 17:25:20.062010
418,200,add_to_cart,2025-09-20 17:25:20.062010
474,13,click,2025-08-06 17:25:20.062010
351,222,click,2025-10-15 17:25:20.062010
9,193,click,2025-08-11 17:25:20.062010
350,240,purchase,2025-07-31 17:25:20.062010
84,270,click,2025-07-01 17:25:20.062010
21,298,click,2025-08-05 17:25:20.062010
477,99,click,2025-09-11 17:25:20.062010
281,220,click,2025-07-23 17:25:20.062010
358,104,click,2025-10-16 17:25:20.062010
378,65,add_to_cart,2025-10-14 17:25:20.063010
172,145,click,2025-09-18 17:25:20.063010
25,38,click,2025-12-11 17:25:20.063010
393,28,purchase,2025-09-08 17:25:20.063010
103,289,click,2025-11-25 17:25:20.063010
190,237,click,2025-09-07 17:25:20.063010
236,126,click,2025-11-27 17:25:20.063010
410,85,click,2025-07-18 17:25:20.063010
313,237,add_to_cart,2025-10-08 17:25:20.063010
37,246,click,2025-07-08 17:25:20.063010
272,266,add_to_cart,2025-08-06 17:25:20.063010
293,249,add_to_cart,2025-11-11 17:25:20.063010
332,292,click,2025-10-18 17:25:20.063010
152,205,click,2025-11-04 17:25:20.063010
282,228,click,2025-08-11 17:25:20.063010
20,240,purchase,2025-09-06 17:25:20.063010
137,73,click,2025-09-21 17:25:20.063010
471,159,click,2025-10-28 17:25:20.063010
359,212,purchase,2025-11-05 17:25:20.063010
29,136,click,2025-09-30 17:25:20.063010
31,283,click,2025-09-02 17:25:20.063010
19,164,click,2025-10-28 17:25:20.063010
148,137,click,2025-10-06 17:25:20.063010
471,171,click,2025-09-23 17:25:20.063010
491,152,add_to_cart,2025-06-25 17:25:20.063010
283,165,click,2025-10-13 17:25:20.063010
350,297,click,2025-06-21 17:25:20.063010
341,104,click,2025-06-28 17:25:20.063010
300,222,add_to_cart,2025-07-14 17:25:20.063010
163,282,add_to_cart,2025-11-12 17:25:20.063010
113,129,click,2025-09-05 17:25:20.063010
455,220,click,2025-09-06 17:25:20.063010
150,173,add_to_cart,2025-07-14 17:25:20.063010
330,96,click,2025-12-09 17:25:20.063010
255,52,click,2025-08-15 17:25:20.063010
87,94,click,2025-11-23 17:25:20.063010
399,64,click,2025-08-11 17:25:20.063010
350,21,click,2025-08-08 17:25:20.063010
98,106,add_to_cart,2025-07-05 17:25:20.063010
397,200,click,2025-10-19 17:25:20.063010
132,281,click,2025-12-05 17:25:20.063010
466,282,click,2025-12-09 17:25:20.063010
312,100,click,2025-10-11 17:25:20.063010
407,27,click,2025-08-28 17:25:20.063010
97,245,click,2025-11-15 17:25:20.063010
98,63,click,2025-10-31 17:25:20.063010
290,38,click,2025-10-07 17:25:20.063010
356,127,click,2025-10-24 17:25:20.063010
227,71,purchase,2025-09-14 17:25:20.063010
145,134,click,2025-10-09 17:25:20.063010
156,253,add_to_cart,2025-10-31 17:25:20.063010
270,13,click,2025-11-09 17:25:20.063010
162,174,click,2025-10-01 17:25:20.063010
112,90,click,2025-07-14 17:25:20.063010
331,289,click,2025-11-21 17:25:20.063010
185,207,click,2025-12-04 17:25:20.063010
205,62,click,2025-11-29 17:25:20.063010
97,39,click,2025-06-21 17:25:20.063010
377,60,click,2025-08-10 17:25:20.063010
55,105,add_to_cart,2025-09-12 17:25:20.063010
450,239,click,2025-08-19 17:25:20.063010
482,127,click,2025-12-07 17:25:20.063010
117,83,add_to_cart,2025-08-20 17:25:20.063010
93,220,click,2025-11-17 17:25:20.063010
293,105,add_to_cart,2025-08-21 17:25:20.063010
452,74,purchase,2025-08-10 17:25:20.063010
204,135,click,2025-07-16 17:25:20.063010
282,62,click,2025-07-26 17:25:20.063010
189,1,purchase,2025-08-01 17:25:20.063010
476,79,click,2025-07-28 17:25:20.063010
323,65,click,2025-10-30 17:25:20.063010
84,183,click,2025-06-27 17:25:20.063010
458,66,click,2025-08-07 17:25:20.063010
180,208,purchase,2025-08-16 17:25:20.063010
274,54,click,2025-07-23 17:25:20.063010
181,221,click,2025-07-31 17:25:20.063010
447,236,click,2025-07-05 17:25:20.063010
181,100,click,2025-08-14 17:25:20.063010
283,103,click,2025-12-13 17:25:20.063010
287,182,purchase,2025-07-21 17:25:20.063010
475,108,purchase,2025-07-23 17:25:20.063010
106,12,click,2025-06-22 17:25:20.063010
129,86,click,2025-07-04 17:25:20.063010
262,288,click,2025-11-26 17:25:20.063010
11,214,click,2025-10-03 17:25:20.063010
162,44,click,2025-11-24 17:25:20.063010
487,78,add_to_cart,2025-07-20 17:25:20.063010
468,55,click,2025-09-27 17:25:20.063010
447,272,add_to_cart,2025-07-06 17:25:20.063010
181,71,click,2025-09-07 17:25:20.063010
213,68,purchase,2025-08-09 17:25:20.063010
469,180,click,2025-08-14 17:25:20.063010
274,174,add_to_cart,2025-07-29 17:25:20.063010
21,169,add_to_cart,2025-12-03 17:25:20.063010
275,261,purchase,2025-12-08 17:25:20.063010
260,125,add_to_cart,2025-08-23 17:25:20.063010
333,131,add_to_cart,2025-07-10 17:25:20.063010
466,234,click,2025-12-11 17:25:20.063010
116,154,click,2025-08-10 17:25:20.063010
413,125,click,2025-06-27 17:25:20.063010
25,100,click,2025-10-26 17:25:20.063010
440,53,add_to_cart,2025-09-07 17:25:20.063010
333,128,click,2025-07-16 17:25:20.063010
254,14,click,2025-06-26 17:25:20.063010
447,5,click,2025-12-03 17:25:20.063010
411,250,click,2025-07-06 17:25:20.063010
444,27,click,2025-11-14 17:25:20.063010
211,125,click,2025-07-19 17:25:20.063010
305,29,click,2025-08-04 17:25:20.063010
321,3,click,2025-10-28 17:25:20.063010
422,228,click,2025-12-05 17:25:20.063010
339,137,purchase,2025-10-06 17:25:20.063010
436,257,purchase,2025-07-26 17:25:20.063010
257,240,click,2025-10-09 17:25:20.063010
168,279,click,2025-07-01 17:25:20.063010
337,160,click,2025-07-07 17:25:20.063010
21,6,purchase,2025-08-31 17:25:20.063010
86,143,click,2025-09-03 17:25:20.063010
15,181,add_to_cart,2025-07-11 17:25:20.063010
50,30,purchase,2025-11-27 17:25:20.063010
487,253,purchase,2025-09-06 17:25:20.063010
304,40,add_to_cart,2025-08-24 17:25:20.063010
487,187,add_to_cart,2025-10-15 17:25:20.063010
416,227,purchase,2025-07-03 17:25:20.063010
305,220,purchase,2025-11-16 17:25:20.063010
196,43,click,2025-11-14 17:25:20.063010
364,144,purchase,2025-09-24 17:25:20.063010
301,278,add_to_cart,2025-08-22 17:25:20.063010
288,174,click,2025-07-16 17:25:20.063010
388,247,click,2025-09-06 17:25:20.063010
245,173,add_to_cart,2025-08-29 17:25:20.063010
449,41,click,2025-09-20 17:25:20.063010
353,50,add_to_cart,2025-12-04 17:25:20.063010
455,180,click,2025-12-07 17:25:20.063010
201,159,purchase,2025-08-13 17:25:20.063010
193,37,click,2025-07-04 17:25:20.063010
336,27,click,2025-11-29 17:25:20.063010
146,256,purchase,2025-07-06 17:25:20.063010
310,278,click,2025-08-25 17:25:20.063010
127,249,add_to_cart,2025-09-02 17:25:20.063010
175,181,click,2025-08-17 17:25:20.063010
134,17,purchase,2025-10-17 17:25:20.063010
66,125,click,2025-12-12 17:25:20.063010
393,212,click,2025-06-30 17:25:20.063010
452,237,purchase,2025-08-07 17:25:20.063010
365,299,click,2025-08-01 17:25:20.063010
279,200,purchase,2025-12-05 17:25:20.063010
246,181,add_to_cart,2025-10-16 17:25:20.063010
363,130,click,2025-09-14 17:25:20.063010
237,121,click,2025-08-26 17:25:20.063010
171,187,click,2025-09-09 17:25:20.063010
51,227,click,2025-11-25 17:25:20.063010
328,162,click,2025-11-21 17:25:20.063010
359,112,click,2025-10-15 17:25:20.063010
153,134,purchase,2025-09-23 17:25:20.063010
80,186,click,2025-11-22 17:25:20.063010
419,175,click,2025-06-30 17:25:20.063010
145,261,click,2025-10-11 17:25:20.063010
274,269,click,2025-12-07 17:25:20.063010
155,282,add_to_cart,2025-08-02 17:25:20.063010
399,224,click,2025-08-12 17:25:20.063010
337,252,purchase,2025-09-11 17:25:20.063010
363,64,add_to_cart,2025-10-19 17:25:20.064326
325,124,click,2025-10-06 17:25:20.064326
336,70,add_to_cart,2025-11-08 17:25:20.064326
143,238,add_to_cart,2025-07-21 17:25:20.064326
298,75,add_to_cart,2025-10-30 17:25:20.064326
494,10,click,2025-09-28 17:25:20.064326
34,268,click,2025-11-18 17:25:20.064326
304,88,click,2025-11-24 17:25:20.064326
467,50,click,2025-08-25 17:25:20.064326
392,143,click,2025-06-20 17:25:20.064326
239,59,add_to_cart,2025-11-22 17:25:20.064326
138,211,click,2025-10-04 17:25:20.064326
254,72,click,2025-10-16 17:25:20.064326
5,244,click,2025-12-14 17:25:20.064326
372,239,click,2025-08-29 17:25:20.064326
176,190,click,2025-09-18 17:25:20.064326
373,50,add_to_cart,2025-12-12 17:25:20.064326
410,205,purchase,2025-10-19 17:25:20.064326
214,54,click,2025-08-11 17:25:20.064326
364,224,click,2025-12-03 17:25:20.064326
23,156,add_to_cart,2025-07-14 17:25:20.064326
318,51,click,2025-11-16 17:25:20.064326
13,241,click,2025-08-28 17:25:20.064326
393,161,click,2025-09-04 17:25:20.064326
241,129,click,2025-08-16 17:25:20.064326
276,85,add_to_cart,2025-10-15 17:25:20.064326
92,69,purchase,2025-12-05 17:25:20.064326
108,55,click,2025-09-20 17:25:20.064326
441,85,click,2025-06-22 17:25:20.064326
229,80,click,2025-11-29 17:25:20.064326
152,220,click,2025-07-26 17:25:20.064326
108,110,purchase,2025-07-14 17:25:20.064326
289,253,click,2025-08-21 17:25:20.064326
404,164,click,2025-07-31 17:25:20.064326
444,103,click,2025-07-13 17:25:20.064326
176,113,click,2025-08-08 17:25:20.064326
320,252,click,2025-11-11 17:25:20.064326
286,152,click,2025-07-26 17:25:20.064326
364,251,add_to_cart,2025-07-08 17:25:20.064326
329,88,click,2025-10-22 17:25:20.064326
365,100,add_to_cart,2025-10-02 17:25:20.064326
241,120,purchase,2025-10-25 17:25:20.064326
145,204,purchase,2025-11-27 17:25:20.064326
356,149,click,2025-07-02 17:25:20.064326
14,201,add_to_cart,2025-12-06 17:25:20.064326
275,295,add_to_cart,2025-10-11 17:25:20.064326
71,3,click,2025-12-09 17:25:20.064326
315,68,add_to_cart,2025-09-17 17:25:20.064326
195,154,click,2025-07-01 17:25:20.064326
353,182,add_to_cart,2025-07-22 17:25:20.064326
300,13,click,2025-08-19 17:25:20.064326
416,189,add_to_cart,2025-08-10 17:25:20.064326
367,20,click,2025-12-05 17:25:20.064326
11,283,click,2025-10-25 17:25:20.064326
106,10,click,2025-09-07 17:25:20.064326
258,188,click,2025-07-29 17:25:20.064326
474,19,purchase,2025-10-04 17:25:20.064326
381,143,click,2025-07-18 17:25:20.064326
196,103,click,2025-11-06 17:25:20.064326
145,241,add_to_cart,2025-10-27 17:25:20.064326
465,152,click,2025-10-13 17:25:20.064326
220,272,click,2025-07-22 17:25:20.064326
350,188,click,2025-11-28 17:25:20.064326
424,210,add_to_cart,2025-07-14 17:25:20.064326
471,177,purchase,2025-09-10 17:25:20.064326
174,194,add_to_cart,2025-09-14 17:25:20.064326
216,177,purchase,2025-10-04 17:25:20.064326
93,66,click,2025-11-02 17:25:20.064326
260,2,purchase,2025-10-19 17:25:20.064326
422,271,click,2025-10-15 17:25:20.064326
63,60,click,2025-06-21 17:25:20.064326
29,43,click,2025-09-16 17:25:20.064326
275,93,click,2025-10-24 17:25:20.064326
347,226,add_to_cart,2025-09-04 17:25:20.064326
285,286,click,2025-10-16 17:25:20.064326
484,63,add_to_cart,2025-10-27 17:25:20.064326
419,280,click,2025-10-23 17:25:20.064326
372,14,click,2025-11-04 17:25:20.064326
70,28,click,2025-12-08 17:25:20.064326
379,142,click,2025-07-27 17:25:20.064326
279,108,purchase,2025-12-03 17:25:20.064326
231,290,add_to_cart,2025-09-28 17:25:20.064326
302,78,click,2025-09-05 17:25:20.064326
255,247,click,2025-06-27 17:25:20.064326
172,12,click,2025-11-03 17:25:20.064326
432,184,click,2025-07-23 17:25:20.064326
180,296,add_to_cart,2025-07-05 17:25:20.064326
264,240,click,2025-07-10 17:25:20.064326
183,263,click,2025-08-06 17:25:20.064326
322,73,add_to_cart,2025-09-30 17:25:20.064326
205,68,click,2025-11-07 17:25:20.064326
424,287,add_to_cart,2025-09-13 17:25:20.064326
249,220,add_to_cart,2025-11-27 17:25:20.064326
213,47,click,2025-10-12 17:25:20.064326
159,58,add_to_cart,2025-11-06 17:25:20.064326
500,24,add_to_cart,2025-09-11 17:25:20.064326
432,290,click,2025-10-01 17:25:20.064326
100,24,click,2025-08-21 17:25:20.064326
317,64,click,2025-08-25 17:25:20.064326
112,255,purchase,2025-11-16 17:25:20.064326
308,148,click,2025-07-13 17:25:20.064326
166,116,click,2025-06-22 17:25:20.064326
475,98,click,2025-09-14 17:25:20.064326
36,239,click,2025-06-30 17:25:20.064326
112,283,click,2025-09-21 17:25:20.064326
87,300,click,2025-08-29 17:25:20.064326
183,93,click,2025-10-28 17:25:20.064326
85,65,add_to_cart,2025-07-12 17:25:20.064326
269,174,purchase,2025-08-09 17:25:20.064326
165,235,click,2025-11-15 17:25:20.064326
303,167,purchase,2025-11-19 17:25:20.064326
90,237,click,2025-11-11 17:25:20.064326
488,7,add_to_cart,2025-12-08 17:25:20.064326
455,43,click,2025-11-06 17:25:20.064326
238,276,click,2025-08-04 17:25:20.064326
487,153,click,2025-07-26 17:25:20.064326
22,43,click,2025-11-25 17:25:20.064326
167,213,add_to_cart,2025-07-04 17:25:20.064326
215,201,click,2025-10-23 17:25:20.064326
58,155,click,2025-07-12 17:25:20.064326
30,220,purchase,2025-09-18 17:25:20.064326
402,153,add_to_cart,2025-09-16 17:25:20.065342
106,36,click,2025-09-01 17:25:20.065342
402,226,click,2025-09-20 17:25:20.065342
494,121,purchase,2025-11-27 17:25:20.065342
330,9,click,2025-09-15 17:25:20.065342
167,181,add_to_cart,2025-11-12 17:25:20.065342
350,21,add_to_cart,2025-10-19 17:25:20.065342
154,272,click,2025-07-28 17:25:20.065342
327,194,purchase,2025-12-12 17:25:20.065342
7,26,click,2025-07-30 17:25:20.065342
197,285,add_to_cart,2025-06-21 17:25:20.065342
321,98,click,2025-11-25 17:25:20.065342
46,219,add_to_cart,2025-10-17 17:25:20.065342
18,273,purchase,2025-07-20 17:25:20.065342
397,288,click,2025-06-28 17:25:20.065342
153,66,add_to_cart,2025-11-01 17:25:20.065342
488,111,click,2025-11-04 17:25:20.065342
264,212,add_to_cart,2025-07-15 17:25:20.065342
74,171,add_to_cart,2025-07-10 17:25:20.065342
416,59,purchase,2025-06-22 17:25:20.065342
145,30,purchase,2025-08-11 17:25:20.065342
102,267,click,2025-12-13 17:25:20.065342
335,154,click,2025-11-07 17:25:20.065342
335,2,purchase,2025-10-29 17:25:20.065342
121,169,add_to_cart,2025-07-20 17:25:20.065342
176,214,click,2025-11-28 17:25:20.065342
63,251,click,2025-09-01 17:25:20.065342
296,31,click,2025-07-06 17:25:20.065342
499,183,add_to_cart,2025-11-14 17:25:20.065342
84,189,add_to_cart,2025-08-16 17:25:20.065342
15,213,click,2025-07-30 17:25:20.065342
355,127,click,2025-09-04 17:25:20.065342
134,292,add_to_cart,2025-09-13 17:25:20.065342
478,296,purchase,2025-07-03 17:25:20.065342
121,23,click,2025-10-31 17:25:20.065342
319,18,purchase,2025-08-12 17:25:20.065342
392,79,click,2025-08-13 17:25:20.065342
479,34,purchase,2025-07-21 17:25:20.065342
128,107,add_to_cart,2025-09-03 17:25:20.065342
368,199,purchase,2025-11-20 17:25:20.065342
367,191,add_to_cart,2025-07-30 17:25:20.065342
288,232,click,2025-09-04 17:25:20.065342
301,62,purchase,2025-09-13 17:25:20.065342
378,42,add_to_cart,2025-11-09 17:25:20.065342
180,24,click,2025-08-04 17:25:20.065342
463,163,click,2025-06-24 17:25:20.065342
82,183,click,2025-08-24 17:25:20.065342
13,95,add_to_cart,2025-10-30 17:25:20.065342
24,83,add_to_cart,2025-07-15 17:25:20.065342
168,93,click,2025-11-21 17:25:20.065342
270,278,click,2025-07-05 17:25:20.065342
476,105,click,2025-11-25 17:25:20.065342
459,85,click,2025-11-03 17:25:20.065342
70,61,click,2025-11-23 17:25:20.065342
318,208,purchase,2025-10-12 17:25:20.065342
376,158,purchase,2025-10-16 17:25:20.065342
89,69,click,2025-10-03 17:25:20.065342
189,262,click,2025-09-18 17:25:20.065342
257,234,click,2025-09-21 17:25:20.065342
217,139,click,2025-09-02 17:25:20.065342
450,280,purchase,2025-10-13 17:25:20.065342
382,231,click,2025-07-08 17:25:20.065342
32,51,click,2025-08-21 17:25:20.065342
141,239,add_to_cart,2025-06-23 17:25:20.065342
161,19,click,2025-11-07 17:25:20.065342
32,178,click,2025-07-29 17:25:20.065342
312,209,click,2025-07-30 17:25:20.065342
152,131,click,2025-10-29 17:25:20.065342
347,231,click,2025-08-02 17:25:20.065342
260,92,purchase,2025-10-26 17:25:20.065342
216,31,add_to_cart,2025-08-02 17:25:20.065342
279,249,purchase,2025-09-06 17:25:20.065342
285,124,add_to_cart,2025-08-10 17:25:20.065342
98,136,add_to_cart,2025-08-30 17:25:20.065342
405,273,click,2025-09-22 17:25:20.065342
30,100,add_to_cart,2025-10-09 17:25:20.065342
90,219,click,2025-08-24 17:25:20.065342
148,104,click,2025-10-06 17:25:20.065342
144,97,add_to_cart,2025-09-09 17:25:20.065342
67,203,add_to_cart,2025-08-29 17:25:20.065342
433,21,click,2025-07-05 17:25:20.065342
357,198,click,2025-09-06 17:25:20.065342
58,112,click,2025-11-16 17:25:20.065342
488,149,add_to_cart,2025-09-17 17:25:20.065342
428,243,purchase,2025-07-29 17:25:20.065342
281,183,add_to_cart,2025-10-02 17:25:20.065342
279,284,add_to_cart,2025-11-17 17:25:20.065342
236,300,click,2025-12-13 17:25:20.065342
443,89,click,2025-10-15 17:25:20.065342
385,222,add_to_cart,2025-12-05 17:25:20.065342
353,248,click,2025-10-04 17:25:20.065342
399,177,click,2025-08-20 17:25:20.065342
128,118,add_to_cart,2025-10-05 17:25:20.065342
337,174,purchase,2025-10-05 17:25:20.065342
482,219,click,2025-11-04 17:25:20.065342
209,218,purchase,2025-08-04 17:25:20.065342
436,77,click,2025-10-22 17:25:20.065342
186,88,click,2025-12-10 17:25:20.065342
169,78,click,2025-11-25 17:25:20.065342
172,201,purchase,2025-06-27 17:25:20.065342
260,64,click,2025-08-21 17:25:20.065342
205,4,add_to_cart,2025-06-23 17:25:20.065342
452,83,click,2025-09-20 17:25:20.065342
135,193,click,2025-07-05 17:25:20.065342
46,6,click,2025-08-13 17:25:20.065342
9,193,click,2025-06-26 17:25:20.065342
471,217,click,2025-08-07 17:25:20.065342
161,22,click,2025-12-04 17:25:20.065342
289,145,add_to_cart,2025-09-23 17:25:20.065342
340,285,add_to_cart,2025-11-27 17:25:20.065342
388,145,click,2025-11-23 17:25:20.065342
321,2,click,2025-08-14 17:25:20.065342
106,288,click,2025-08-05 17:25:20.065342
290,225,click,2025-10-26 17:25:20.065342
475,214,add_to_cart,2025-07-22 17:25:20.065342
341,166,click,2025-12-04 17:25:20.065342
88,141,purchase,2025-09-15 17:25:20.065342
463,64,purchase,2025-07-04 17:25:20.065342
483,212,click,2025-11-12 17:25:20.065342
192,289,add_to_cart,2025-09-27 17:25:20.065342
153,98,click,2025-10-14 17:25:20.065342
311,166,click,2025-08-21 17:25:20.065342
137,126,purchase,2025-08-06 17:25:20.065342
273,157,add_to_cart,2025-08-27 17:25:20.065342
149,250,click,2025-10-23 17:25:20.065342
188,61,add_to_cart,2025-12-10 17:25:20.065342
141,32,add_to_cart,2025-08-03 17:25:20.065342
131,274,purchase,2025-11-12 17:25:20.065342
452,21,click,2025-10-09 17:25:20.065342
4,12,add_to_cart,2025-07-26 17:25:20.065342
491,244,purchase,2025-12-03 17:25:20.065342
476,103,click,2025-11-09 17:25:20.065342
263,276,click,2025-07-03 17:25:20.065342
26,7,click,2025-07-10 17:25:20.065342
459,130,click,2025-08-28 17:25:20.065342
24,299,click,2025-10-17 17:25:20.065342
491,97,purchase,2025-12-03 17:25:20.065342
266,277,add_to_cart,2025-07-20 17:25:20.065342
229,285,click,2025-09-12 17:25:20.065342
269,288,add_to_cart,2025-06-27 17:25:20.065342
125,173,add_to_cart,2025-11-18 17:25:20.065342
172,205,click,2025-08-09 17:25:20.065342
234,103,click,2025-07-31 17:25:20.065342
295,113,click,2025-12-08 17:25:20.065342
403,131,click,2025-10-10 17:25:20.065342
435,39,click,2025-08-18 17:25:20.065342
275,8,click,2025-10-10 17:25:20.065342
76,46,add_to_cart,2025-07-14 17:25:20.065342
308,194,click,2025-11-28 17:25:20.065342
214,6,click,2025-11-11 17:25:20.065342
431,58,purchase,2025-08-13 17:25:20.065342
485,169,add_to_cart,2025-11-02 17:25:20.065342
376,122,add_to_cart,2025-09-09 17:25:20.065342
158,249,click,2025-08-02 17:25:20.065342
302,207,add_to_cart,2025-08-11 17:25:20.065342
204,115,click,2025-09-22 17:25:20.065342
477,239,add_to_cart,2025-06-25 17:25:20.065342
149,54,click,2025-11-03 17:25:20.065342
75,76,click,2025-10-31 17:25:20.065342
380,169,purchase,2025-11-06 17:25:20.065342
229,48,click,2025-10-21 17:25:20.065342
304,224,click,2025-07-14 17:25:20.065342
62,70,click,2025-07-21 17:25:20.065342
58,155,click,2025-10-20 17:25:20.065342
274,47,click,2025-12-04 17:25:20.065342
108,279,add_to_cart,2025-11-23 17:25:20.065342
187,202,click,2025-12-04 17:25:20.065342
475,142,click,2025-08-21 17:25:20.065342
229,126,add_to_cart,2025-08-30 17:25:20.065342
48,153,add_to_cart,2025-06-27 17:25:20.065342
319,65,purchase,2025-11-07 17:25:20.065342
268,96,click,2025-11-04 17:25:20.065342
215,181,click,2025-10-29 17:25:20.065342
290,178,click,2025-09-16 17:25:20.065342
254,129,purchase,2025-09-19 17:25:20.065342
445,39,click,2025-10-10 17:25:20.065342
358,300,purchase,2025-11-11 17:25:20.065342
87,133,purchase,2025-09-10 17:25:20.065342
181,109,click,2025-11-09 17:25:20.066346
25,72,click,2025-07-01 17:25:20.066346
446,208,click,2025-11-30 17:25:20.066346
388,65,click,2025-06-23 17:25:20.066346
222,241,add_to_cart,2025-11-28 17:25:20.066346
478,79,click,2025-07-23 17:25:20.066346
397,88,click,2025-07-27 17:25:20.066346
426,178,click,2025-08-11 17:25:20.066346
49,262,click,2025-10-01 17:25:20.066346
334,66,click,2025-11-04 17:25:20.066346
440,105,click,2025-12-14 17:25:20.066346
175,98,click,2025-10-24 17:25:20.066346
392,96,add_to_cart,2025-10-17 17:25:20.066346
311,46,add_to_cart,2025-11-11 17:25:20.066346
472,31,purchase,2025-07-08 17:25:20.066346
274,204,purchase,2025-11-05 17:25:20.066346
35,148,click,2025-09-18 17:25:20.066346
217,132,add_to_cart,2025-12-12 17:25:20.066346
209,186,click,2025-11-25 17:25:20.066346
160,189,click,2025-08-26 17:25:20.066346
408,127,click,2025-08-06 17:25:20.066346
7,297,click,2025-09-12 17:25:20.066346
269,87,add_to_cart,2025-10-21 17:25:20.066346
126,121,click,2025-12-12 17:25:20.066346
475,135,click,2025-08-06 17:25:20.066346
368,199,click,2025-12-13 17:25:20.066346
325,171,purchase,2025-10-22 17:25:20.066346
356,260,click,2025-09-24 17:25:20.066346
90,124,click,2025-09-05 17:25:20.066346
42,242,purchase,2025-11-14 17:25:20.066346
365,71,click,2025-08-14 17:25:20.066346
159,59,purchase,2025-10-19 17:25:20.066346
202,109,purchase,2025-07-07 17:25:20.066346
366,41,click,2025-12-06 17:25:20.066346
282,286,add_to_cart,2025-11-14 17:25:20.066346
470,146,purchase,2025-12-11 17:25:20.066346
332,286,click,2025-07-12 17:25:20.066346
288,52,click,2025-08-03 17:25:20.066346
91,176,purchase,2025-07-26 17:25:20.066346
481,279,click,2025-12-14 17:25:20.066346
125,165,click,2025-12-06 17:25:20.066346
126,252,purchase,2025-07-30 17:25:20.066346
52,103,click,2025-10-24 17:25:20.066346
404,53,add_to_cart,2025-10-21 17:25:20.066346
103,255,click,2025-11-06 17:25:20.066346
361,173,add_to_cart,2025-10-01 17:25:20.066346
424,251,click,2025-09-15 17:25:20.066346
187,177,click,2025-08-24 17:25:20.066346
205,49,click,2025-09-25 17:25:20.066346
14,111,click,2025-07-14 17:25:20.066346
428,210,click,2025-08-07 17:25:20.066346
104,248,click,2025-07-02 17:25:20.066346
117,175,purchase,2025-11-24 17:25:20.066346
470,107,click,2025-07-03 17:25:20.066346
466,153,click,2025-11-30 17:25:20.066346
304,155,click,2025-08-14 17:25:20.066346
93,140,purchase,2025-10-08 17:25:20.066346
427,151,add_to_cart,2025-08-10 17:25:20.066346
144,273,add_to_cart,2025-09-21 17:25:20.066346
110,44,click,2025-11-29 17:25:20.066346
163,71,click,2025-10-02 17:25:20.066346
53,125,click,2025-06-27 17:25:20.066346
418,152,add_to_cart,2025-11-02 17:25:20.066346
3,220,click,2025-11-05 17:25:20.066346
68,215,add_to_cart,2025-09-03 17:25:20.066346
246,144,click,2025-12-13 17:25:20.066346
389,107,click,2025-09-16 17:25:20.066346
138,281,click,2025-08-29 17:25:20.066346
308,64,click,2025-12-03 17:25:20.066346
413,284,click,2025-06-20 17:25:20.066346
352,265,click,2025-07-23 17:25:20.066346
287,6,click,2025-11-06 17:25:20.066346
66,168,add_to_cart,2025-09-10 17:25:20.066346
460,173,click,2025-08-18 17:25:20.066346
347,119,click,2025-07-31 17:25:20.066346
325,226,click,2025-06-30 17:25:20.066346
421,174,click,2025-11-02 17:25:20.066346
155,129,click,2025-09-14 17:25:20.066346
87,187,click,2025-08-02 17:25:20.066346
33,63,click,2025-07-05 17:25:20.066346
68,274,click,2025-07-27 17:25:20.066346
187,86,add_to_cart,2025-11-17 17:25:20.066346
192,210,click,2025-08-03 17:25:20.066346
213,193,click,2025-06-29 17:25:20.066346
88,238,click,2025-11-16 17:25:20.066346
428,20,click,2025-10-30 17:25:20.066346
351,182,click,2025-07-07 17:25:20.066346
108,48,click,2025-08-18 17:25:20.066346
240,228,click,2025-07-25 17:25:20.066346
216,54,add_to_cart,2025-10-03 17:25:20.066346
177,102,click,2025-11-17 17:25:20.066346
53,89,add_to_cart,2025-08-17 17:25:20.066346
330,144,add_to_cart,2025-12-01 17:25:20.066346
49,148,add_to_cart,2025-10-26 17:25:20.066346
369,230,purchase,2025-10-21 17:25:20.066346
114,250,click,2025-06-29 17:25:20.066346
450,225,click,2025-07-21 17:25:20.066346
95,161,add_to_cart,2025-06-24 17:25:20.066346
447,168,click,2025-10-13 17:25:20.066346
25,110,purchase,2025-08-21 17:25:20.066346
132,261,click,2025-09-14 17:25:20.066346
179,173,click,2025-12-14 17:25:20.066346
395,297,click,2025-08-28 17:25:20.066346
145,243,click,2025-11-14 17:25:20.066346
364,209,click,2025-08-27 17:25:20.066346
450,243,purchase,2025-10-23 17:25:20.066346
198,254,click,2025-11-04 17:25:20.066346
457,82,click,2025-07-11 17:25:20.066346
325,31,click,2025-12-07 17:25:20.066346
84,4,click,2025-11-27 17:25:20.066346
157,194,click,2025-08-04 17:25:20.066346
85,56,click,2025-09-09 17:25:20.066346
457,261,click,2025-12-15 17:25:20.066346
476,81,purchase,2025-07-28 17:25:20.066346
253,54,add_to_cart,2025-12-10 17:25:20.066346
375,96,add_to_cart,2025-09-08 17:25:20.066346
72,257,click,2025-07-12 17:25:20.066346
223,204,click,2025-10-03 17:25:20.066346
276,211,add_to_cart,2025-11-15 17:25:20.066346
283,126,add_to_cart,2025-10-05 17:25:20.066346
264,7,click,2025-06-30 17:25:20.066346
246,125,click,2025-08-10 17:25:20.066346
341,271,click,2025-11-07 17:25:20.066346
61,108,click,2025-10-20 17:25:20.066346
412,260,add_to_cart,2025-08-13 17:25:20.066346
471,70,click,2025-07-13 17:25:20.066346
454,38,click,2025-11-15 17:25:20.066346
259,175,add_to_cart,2025-12-03 17:25:20.066346
453,188,click,2025-10-06 17:25:20.066346
457,227,add_to_cart,2025-10-26 17:25:20.066346
7,258,purchase,2025-10-12 17:25:20.066346
188,197,click,2025-11-01 17:25:20.066346
4,8,click,2025-08-25 17:25:20.066346
231,51,click,2025-10-24 17:25:20.066346
133,222,click,2025-11-20 17:25:20.066346
395,19,add_to_cart,2025-08-28 17:25:20.067375
125,247,add_to_cart,2025-07-25 17:25:20.067375
15,31,add_to_cart,2025-12-04 17:25:20.067375
448,80,add_to_cart,2025-11-30 17:25:20.067375
482,22,click,2025-09-16 17:25:20.067375
13,289,add_to_cart,2025-10-25 17:25:20.067375
118,242,add_to_cart,2025-09-24 17:25:20.067375
240,214,click,2025-10-01 17:25:20.067375
263,200,purchase,2025-08-28 17:25:20.067375
360,165,click,2025-07-17 17:25:20.067375
6,140,add_to_cart,2025-08-24 17:25:20.067375
440,285,add_to_cart,2025-10-19 17:25:20.067375
320,13,click,2025-07-02 17:25:20.067375
231,26,click,2025-12-15 17:25:20.067375
434,22,click,2025-09-17 17:25:20.067375
30,76,click,2025-09-19 17:25:20.067375
22,92,click,2025-10-29 17:25:20.067375
409,266,click,2025-10-15 17:25:20.067375
156,48,click,2025-08-06 17:25:20.067375
118,170,click,2025-10-08 17:25:20.067375
340,245,click,2025-10-08 17:25:20.067375
423,228,click,2025-10-25 17:25:20.067375
451,187,add_to_cart,2025-08-31 17:25:20.067375
389,168,add_to_cart,2025-10-31 17:25:20.067375
193,203,click,2025-07-24 17:25:20.067375
399,6,click,2025-09-22 17:25:20.067375
346,132,purchase,2025-11-16 17:25:20.067375
195,245,click,2025-06-22 17:25:20.067375
168,91,add_to_cart,2025-06-20 17:25:20.067375
377,126,click,2025-11-13 17:25:20.067375
489,242,click,2025-08-29 17:25:20.067375
239,249,add_to_cart,2025-10-19 17:25:20.067375
362,7,purchase,2025-09-01 17:25:20.067375
482,88,purchase,2025-09-14 17:25:20.067375
244,86,add_to_cart,2025-07-02 17:25:20.067375
69,145,click,2025-11-09 17:25:20.067375
95,198,click,2025-12-01 17:25:20.067375
499,164,click,2025-09-14 17:25:20.067375
77,145,click,2025-12-06 17:25:20.067375
171,1,purchase,2025-11-26 17:25:20.067375
1,120,click,2025-08-16 17:25:20.067375
406,67,click,2025-08-01 17:25:20.067375
62,49,click,2025-11-26 17:25:20.067375
207,287,click,2025-10-13 17:25:20.067375
154,24,click,2025-09-22 17:25:20.067375
274,211,click,2025-08-18 17:25:20.067375
48,293,click,2025-08-03 17:25:20.067375
137,63,add_to_cart,2025-09-05 17:25:20.067375
1,56,click,2025-10-13 17:25:20.067375
235,18,click,2025-10-29 17:25:20.067375
393,77,add_to_cart,2025-10-30 17:25:20.067375
256,260,add_to_cart,2025-10-10 17:25:20.067375
407,121,click,2025-06-26 17:25:20.067375
107,184,click,2025-11-29 17:25:20.067375
173,48,add_to_cart,2025-06-20 17:25:20.067375
130,147,click,2025-06-28 17:25:20.067375
398,282,click,2025-09-01 17:25:20.067375
294,294,click,2025-08-12 17:25:20.067375
40,80,add_to_cart,2025-07-28 17:25:20.067375
447,236,add_to_cart,2025-10-01 17:25:20.067375
338,229,purchase,2025-11-19 17:25:20.067375
16,284,click,2025-09-17 17:25:20.067375
127,61,click,2025-10-30 17:25:20.067375
373,220,add_to_cart,2025-08-23 17:25:20.067375
349,89,click,2025-11-06 17:25:20.067375
492,264,click,2025-10-08 17:25:20.067375
203,228,click,2025-07-09 17:25:20.067375
134,103,click,2025-09-07 17:25:20.067375
259,88,add_to_cart,2025-11-01 17:25:20.067375
14,23,click,2025-09-05 17:25:20.067375
66,293,click,2025-09-27 17:25:20.067375
480,267,click,2025-10-03 17:25:20.067375
351,17,add_to_cart,2025-08-14 17:25:20.067375
459,285,purchase,2025-11-09 17:25:20.067375
342,162,purchase,2025-07-26 17:25:20.067375
195,78,click,2025-10-02 17:25:20.067375
114,122,purchase,2025-12-07 17:25:20.067375
159,112,click,2025-09-25 17:25:20.067375
161,239,click,2025-10-22 17:25:20.067375
254,210,click,2025-08-01 17:25:20.067375
472,2,click,2025-10-13 17:25:20.067375
385,203,add_to_cart,2025-11-05 17:25:20.067375
428,287,add_to_cart,2025-12-01 17:25:20.067375
15,117,add_to_cart,2025-11-10 17:25:20.067375
37,300,purchase,2025-07-05 17:25:20.067375
155,114,click,2025-10-12 17:25:20.067375
486,74,click,2025-07-13 17:25:20.067375
432,241,add_to_cart,2025-11-13 17:25:20.067375
27,54,purchase,2025-10-12 17:25:20.067375
492,159,purchase,2025-08-15 17:25:20.067375
12,109,click,2025-08-04 17:25:20.067375
67,280,add_to_cart,2025-08-11 17:25:20.067375
30,153,add_to_cart,2025-10-02 17:25:20.067375
96,163,click,2025-06-23 17:25:20.067375
215,57,add_to_cart,2025-09-16 17:25:20.067375
194,214,click,2025-10-03 17:25:20.067375
135,28,click,2025-07-13 17:25:20.067375
290,204,purchase,2025-11-30 17:25:20.067375
32,33,add_to_cart,2025-08-31 17:25:20.067375
373,122,click,2025-11-20 17:25:20.067375
39,16,add_to_cart,2025-06-21 17:25:20.067375
352,154,click,2025-10-23 17:25:20.067375
427,218,click,2025-09-15 17:25:20.067375
427,105,click,2025-07-28 17:25:20.067375
206,77,add_to_cart,2025-11-11 17:25:20.067375
387,87,purchase,2025-11-17 17:25:20.067375
430,31,click,2025-07-10 17:25:20.067375
416,100,purchase,2025-12-04 17:25:20.067375
43,155,add_to_cart,2025-10-08 17:25:20.067375
484,292,click,2025-11-14 17:25:20.067375
337,106,add_to_cart,2025-12-06 17:25:20.067375
496,230,add_to_cart,2025-08-05 17:25:20.067375
259,3,click,2025-11-19 17:25:20.067375
249,222,click,2025-07-02 17:25:20.067375
74,121,click,2025-11-25 17:25:20.067375
373,160,purchase,2025-11-30 17:25:20.067375
319,271,purchase,2025-11-17 17:25:20.067375
367,194,click,2025-09-05 17:25:20.067375
296,218,purchase,2025-08-13 17:25:20.067375
274,191,click,2025-10-06 17:25:20.067375
323,252,click,2025-09-24 17:25:20.067375
359,226,add_to_cart,2025-12-02 17:25:20.067375
190,1,click,2025-11-05 17:25:20.067375
138,133,click,2025-08-26 17:25:20.067375
436,90,click,2025-10-03 17:25:20.067375
457,6,click,2025-06-30 17:25:20.067375
302,244,add_to_cart,2025-06-27 17:25:20.067375
311,133,click,2025-10-04 17:25:20.067375
430,116,add_to_cart,2025-11-30 17:25:20.067375
331,73,add_to_cart,2025-08-12 17:25:20.067375
444,156,click,2025-08-26 17:25:20.067375
353,211,add_to_cart,2025-11-22 17:25:20.067375
484,69,purchase,2025-11-25 17:25:20.067375
282,300,click,2025-08-19 17:25:20.067375
411,144,click,2025-07-02 17:25:20.067375
166,199,add_to_cart,2025-08-22 17:25:20.067375
278,206,click,2025-10-06 17:25:20.067375
26,201,click,2025-08-03 17:25:20.067375
470,239,click,2025-07-13 17:25:20.067375
453,68,click,2025-06-20 17:25:20.067375
419,171,click,2025-07-06 17:25:20.067375
450,297,click,2025-12-06 17:25:20.067375
483,70,click,2025-07-03 17:25:20.067375
73,287,click,2025-11-14 17:25:20.067375
115,17,add_to_cart,2025-10-15 17:25:20.067375
51,137,add_to_cart,2025-09-09 17:25:20.067375
369,219,click,2025-09-19 17:25:20.067375
402,6,click,2025-08-18 17:25:20.067375
171,198,add_to_cart,2025-08-22 17:25:20.067375
268,132,click,2025-10-27 17:25:20.067375
3,184,purchase,2025-11-05 17:25:20.067375
210,18,click,2025-10-30 17:25:20.067375
376,213,click,2025-12-14 17:25:20.067375
486,48,click,2025-06-29 17:25:20.067375
391,29,add_to_cart,2025-12-12 17:25:20.067375
481,153,click,2025-12-15 17:25:20.067375
390,238,add_to_cart,2025-07-19 17:25:20.067375
338,265,click,2025-12-05 17:25:20.067375
301,199,click,2025-08-26 17:25:20.067375
383,14,click,2025-12-05 17:25:20.067375
342,276,click,2025-08-29 17:25:20.067375
115,10,click,2025-12-02 17:25:20.067375
167,139,click,2025-09-16 17:25:20.067375
435,167,click,2025-09-20 17:25:20.067375
265,147,click,2025-10-04 17:25:20.067375
227,245,add_to_cart,2025-10-18 17:25:20.067375
151,70,add_to_cart,2025-07-23 17:25:20.067375
268,104,click,2025-10-16 17:25:20.067375
116,229,click,2025-11-22 17:25:20.067375
88,138,click,2025-11-19 17:25:20.067375
318,36,click,2025-11-11 17:25:20.067375
242,118,click,2025-11-24 17:25:20.067375
360,255,click,2025-12-05 17:25:20.067375
329,20,purchase,2025-08-14 17:25:20.068371
333,298,add_to_cart,2025-08-14 17:25:20.068371
40,21,click,2025-09-02 17:25:20.068371
182,256,add_to_cart,2025-09-09 17:25:20.068371
490,248,click,2025-10-01 17:25:20.068371
209,166,click,2025-08-06 17:25:20.068371
391,255,add_to_cart,2025-08-27 17:25:20.068371
273,78,click,2025-10-12 17:25:20.068371
119,280,add_to_cart,2025-07-23 17:25:20.068371
382,282,click,2025-10-18 17:25:20.068371
434,34,add_to_cart,2025-11-23 17:25:20.068371
24,99,click,2025-09-09 17:25:20.068371
258,143,add_to_cart,2025-12-12 17:25:20.068371
483,55,click,2025-08-29 17:25:20.068371
92,3,click,2025-11-06 17:25:20.068371
467,219,purchase,2025-09-01 17:25:20.068371
161,211,add_to_cart,2025-07-01 17:25:20.068371
149,149,add_to_cart,2025-06-20 17:25:20.068371
117,232,click,2025-08-01 17:25:20.068371
458,88,click,2025-07-18 17:25:20.068371
53,211,click,2025-07-28 17:25:20.068371
302,223,click,2025-12-15 17:25:20.068371
45,296,add_to_cart,2025-10-01 17:25:20.068371
265,148,add_to_cart,2025-07-31 17:25:20.068371
486,207,purchase,2025-07-14 17:25:20.068371
262,227,click,2025-07-22 17:25:20.068371
307,184,click,2025-09-03 17:25:20.068371
234,41,add_to_cart,2025-11-24 17:25:20.068371
375,182,add_to_cart,2025-09-18 17:25:20.068371
35,44,purchase,2025-12-05 17:25:20.068371
338,210,add_to_cart,2025-10-02 17:25:20.068371
437,250,purchase,2025-09-17 17:25:20.068371
403,84,click,2025-11-30 17:25:20.068371
197,139,add_to_cart,2025-08-10 17:25:20.068371
25,231,click,2025-07-12 17:25:20.068371
395,12,add_to_cart,2025-07-11 17:25:20.068371
202,273,add_to_cart,2025-07-30 17:25:20.068371
273,90,click,2025-10-20 17:25:20.068371
36,25,click,2025-10-12 17:25:20.068371
474,26,click,2025-12-10 17:25:20.068371
223,153,click,2025-09-30 17:25:20.068371
352,60,click,2025-09-16 17:25:20.068371
277,60,click,2025-11-11 17:25:20.068371
18,283,click,2025-08-10 17:25:20.068371
188,171,click,2025-08-21 17:25:20.068371
402,76,click,2025-10-18 17:25:20.068371
257,276,click,2025-08-10 17:25:20.068371
142,208,click,2025-12-02 17:25:20.068371
136,155,add_to_cart,2025-06-28 17:25:20.068371
450,180,add_to_cart,2025-06-25 17:25:20.068371
307,82,purchase,2025-08-19 17:25:20.068371
79,10,click,2025-07-19 17:25:20.068371
444,243,purchase,2025-09-22 17:25:20.068371
418,178,click,2025-08-08 17:25:20.068371
292,286,click,2025-08-18 17:25:20.068371
62,257,click,2025-10-08 17:25:20.068371
129,4,click,2025-07-26 17:25:20.068371
499,215,click,2025-10-27 17:25:20.068371
341,30,add_to_cart,2025-07-06 17:25:20.068371
298,65,purchase,2025-09-19 17:25:20.068371
257,124,purchase,2025-11-20 17:25:20.068371
480,285,add_to_cart,2025-09-02 17:25:20.068371
212,153,add_to_cart,2025-08-13 17:25:20.068371
54,40,click,2025-09-21 17:25:20.068371
175,26,purchase,2025-11-19 17:25:20.068371
100,273,add_to_cart,2025-11-27 17:25:20.068371
39,159,click,2025-11-09 17:25:20.068371
414,189,add_to_cart,2025-11-10 17:25:20.068371
263,264,click,2025-07-01 17:25:20.068371
150,69,click,2025-10-14 17:25:20.068371
121,1,purchase,2025-11-07 17:25:20.068371
178,79,add_to_cart,2025-08-10 17:25:20.068371
301,228,purchase,2025-08-31 17:25:20.068371
330,46,purchase,2025-07-29 17:25:20.068371
120,108,click,2025-06-27 17:25:20.068371
72,124,click,2025-09-27 17:25:20.068371
219,148,click,2025-06-23 17:25:20.068371
394,252,purchase,2025-09-28 17:25:20.068371
398,2,click,2025-07-08 17:25:20.068371
302,222,add_to_cart,2025-11-14 17:25:20.068371
123,189,click,2025-07-19 17:25:20.068371
244,71,add_to_cart,2025-08-18 17:25:20.068371
374,97,click,2025-12-10 17:25:20.068371
75,232,click,2025-07-11 17:25:20.068371
6,30,click,2025-09-02 17:25:20.068371
21,30,click,2025-08-16 17:25:20.068371
190,215,click,2025-07-24 17:25:20.068371
225,173,add_to_cart,2025-12-14 17:25:20.068371
403,280,click,2025-09-27 17:25:20.068371
103,211,add_to_cart,2025-10-22 17:25:20.068371
344,125,purchase,2025-08-27 17:25:20.068371
466,80,add_to_cart,2025-12-04 17:25:20.068371
99,184,click,2025-08-29 17:25:20.068371
500,15,add_to_cart,2025-07-29 17:25:20.068371
318,11,click,2025-10-26 17:25:20.068371
363,89,click,2025-10-29 17:25:20.068371
485,3,click,2025-07-02 17:25:20.068371
83,24,click,2025-09-02 17:25:20.068371
181,89,add_to_cart,2025-10-07 17:25:20.068371
152,9,click,2025-08-19 17:25:20.068371
56,46,click,2025-09-02 17:25:20.068371
190,94,click,2025-09-17 17:25:20.068371
418,71,click,2025-12-15 17:25:20.068371
22,188,click,2025-07-25 17:25:20.068371
68,139,click,2025-10-31 17:25:20.068371
185,10,click,2025-10-14 17:25:20.068371
10,3,add_to_cart,2025-10-18 17:25:20.068371
66,19,add_to_cart,2025-10-30 17:25:20.068371
264,130,click,2025-11-30 17:25:20.068371
225,221,purchase,2025-10-31 17:25:20.068371
123,130,click,2025-09-27 17:25:20.068371
38,113,add_to_cart,2025-07-02 17:25:20.068371
491,138,click,2025-10-27 17:25:20.068371
123,43,add_to_cart,2025-10-28 17:25:20.068371
318,218,click,2025-07-15 17:25:20.068371
156,58,click,2025-07-08 17:25:20.068371
394,113,click,2025-08-31 17:25:20.068371
301,188,click,2025-11-26 17:25:20.068371
321,122,add_to_cart,2025-08-19 17:25:20.068371
482,85,add_to_cart,2025-09-30 17:25:20.068371
67,106,click,2025-10-05 17:25:20.068371
393,99,click,2025-06-30 17:25:20.068371
133,9,click,2025-08-12 17:25:20.068371
362,6,click,2025-12-05 17:25:20.068371
394,108,click,2025-10-22 17:25:20.068371
140,152,click,2025-10-30 17:25:20.068371
82,237,add_to_cart,2025-08-11 17:25:20.068371
58,27,click,2025-09-29 17:25:20.068371
149,119,add_to_cart,2025-09-03 17:25:20.068371
405,211,add_to_cart,2025-10-27 17:25:20.068371
449,100,click,2025-09-10 17:25:20.068371
131,3,click,2025-08-21 17:25:20.068371
69,294,purchase,2025-09-02 17:25:20.068371
345,17,click,2025-11-23 17:25:20.068371
250,106,click,2025-10-16 17:25:20.068371
320,230,purchase,2025-12-09 17:25:20.068371
177,177,click,2025-12-01 17:25:20.068371
72,84,add_to_cart,2025-09-28 17:25:20.068371
17,263,click,2025-12-07 17:25:20.068371
329,196,add_to_cart,2025-07-04 17:25:20.068371
160,249,add_to_cart,2025-10-18 17:25:20.068371
70,149,click,2025-07-13 17:25:20.068371
113,206,add_to_cart,2025-08-30 17:25:20.068371
232,81,add_to_cart,2025-08-04 17:25:20.068371
21,189,click,2025-07-31 17:25:20.068371
135,206,purchase,2025-12-01 17:25:20.068371
263,269,click,2025-08-20 17:25:20.068371
111,290,purchase,2025-09-19 17:25:20.068371
487,300,click,2025-12-12 17:25:20.068371
246,255,click,2025-08-24 17:25:20.068371
283,8,click,2025-10-19 17:25:20.068371
8,114,click,2025-07-26 17:25:20.068371
457,5,purchase,2025-07-04 17:25:20.068371
284,73,click,2025-12-14 17:25:20.068371
207,121,click,2025-06-24 17:25:20.068371
194,234,click,2025-09-03 17:25:20.068371
455,66,click,2025-08-14 17:25:20.068371
47,230,click,2025-07-13 17:25:20.068371
466,31,click,2025-10-08 17:25:20.068371
342,297,purchase,2025-10-06 17:25:20.068371
242,51,click,2025-10-09 17:25:20.068371
10,147,add_to_cart,2025-07-22 17:25:20.068371
370,95,add_to_cart,2025-12-08 17:25:20.068371
289,38,click,2025-11-15 17:25:20.068371
391,198,purchase,2025-12-02 17:25:20.068371
131,241,click,2025-11-17 17:25:20.068371
270,173,click,2025-08-01 17:25:20.068371
428,256,click,2025-09-06 17:25:20.068371
302,41,click,2025-10-07 17:25:20.068371
61,129,click,2025-09-15 17:25:20.068371
164,54,add_to_cart,2025-11-01 17:25:20.068371
13,86,purchase,2025-10-03 17:25:20.068371
272,212,add_to_cart,2025-10-23 17:25:20.068371
208,269,click,2025-11-01 17:25:20.068371
246,296,add_to_cart,2025-12-13 17:25:20.068371
133,21,purchase,2025-10-01 17:25:20.068371
244,215,click,2025-11-10 17:25:20.068371
473,189,click,2025-07-30 17:25:20.068371
294,161,click,2025-08-04 17:25:20.069369
486,201,click,2025-08-21 17:25:20.069369
434,29,add_to_cart,2025-11-05 17:25:20.069369
38,244,add_to_cart,2025-10-05 17:25:20.069369
359,183,click,2025-06-30 17:25:20.069369
56,32,add_to_cart,2025-08-31 17:25:20.069369
319,267,add_to_cart,2025-08-01 17:25:20.069369
376,36,add_to_cart,2025-09-23 17:25:20.069369
48,93,click,2025-09-03 17:25:20.069369
105,159,click,2025-07-31 17:25:20.069369
474,180,click,2025-11-05 17:25:20.069369
59,218,add_to_cart,2025-07-14 17:25:20.069369
77,227,add_to_cart,2025-12-12 17:25:20.069369
428,212,click,2025-12-06 17:25:20.069369
499,163,click,2025-10-28 17:25:20.069369
218,158,add_to_cart,2025-07-22 17:25:20.069369
383,110,click,2025-10-03 17:25:20.069369
55,55,click,2025-06-21 17:25:20.069369
55,214,click,2025-10-29 17:25:20.069369
129,15,click,2025-08-14 17:25:20.069369
392,153,click,2025-07-18 17:25:20.069369
383,20,click,2025-09-07 17:25:20.069369
388,52,add_to_cart,2025-08-01 17:25:20.069369
85,84,purchase,2025-11-27 17:25:20.069369
214,224,click,2025-08-12 17:25:20.069369
115,129,click,2025-06-20 17:25:20.069369
437,16,click,2025-12-05 17:25:20.069369
314,274,click,2025-12-13 17:25:20.069369
293,77,add_to_cart,2025-07-24 17:25:20.069369
49,300,click,2025-08-23 17:25:20.069369
67,92,click,2025-10-04 17:25:20.069369
275,270,add_to_cart,2025-11-16 17:25:20.069369
129,52,add_to_cart,2025-09-27 17:25:20.069369
29,121,click,2025-12-08 17:25:20.069369
343,50,click,2025-06-30 17:25:20.069369
33,273,click,2025-07-15 17:25:20.069369
119,120,click,2025-12-11 17:25:20.069369
180,95,click,2025-10-08 17:25:20.069369
425,149,add_to_cart,2025-07-17 17:25:20.069369
151,289,click,2025-09-29 17:25:20.069369
133,257,add_to_cart,2025-08-13 17:25:20.069369
327,184,add_to_cart,2025-10-08 17:25:20.069369
185,260,click,2025-07-05 17:25:20.069369
134,150,click,2025-07-24 17:25:20.069369
177,205,add_to_cart,2025-10-06 17:25:20.069369
22,172,click,2025-06-25 17:25:20.069369
241,222,click,2025-09-28 17:25:20.069369
77,168,click,2025-10-07 17:25:20.069369
204,244,add_to_cart,2025-11-14 17:25:20.069369
4,218,click,2025-10-17 17:25:20.069369
328,56,click,2025-08-10 17:25:20.069369
448,63,purchase,2025-08-11 17:25:20.069369
165,103,add_to_cart,2025-06-29 17:25:20.069369
415,167,add_to_cart,2025-11-06 17:25:20.069369
421,7,add_to_cart,2025-11-19 17:25:20.069369
128,142,click,2025-09-03 17:25:20.069369
45,125,purchase,2025-12-11 17:25:20.069369
218,90,click,2025-08-11 17:25:20.069369
235,216,add_to_cart,2025-10-25 17:25:20.069369
136,123,click,2025-10-02 17:25:20.069369
168,186,purchase,2025-09-18 17:25:20.069369
481,153,add_to_cart,2025-08-10 17:25:20.069369
237,249,click,2025-10-11 17:25:20.069369
93,114,purchase,2025-08-03 17:25:20.069369
5,96,purchase,2025-07-03 17:25:20.069369
156,198,click,2025-06-20 17:25:20.069369
245,3,click,2025-08-11 17:25:20.069369
360,149,add_to_cart,2025-08-24 17:25:20.069369
81,111,purchase,2025-12-15 17:25:20.069369
247,20,click,2025-10-01 17:25:20.069369
343,203,click,2025-06-22 17:25:20.069369
493,182,add_to_cart,2025-11-26 17:25:20.069369
137,227,click,2025-09-08 17:25:20.069369
386,292,click,2025-11-04 17:25:20.069369
63,76,click,2025-07-25 17:25:20.069369
480,223,click,2025-11-13 17:25:20.069369
307,36,purchase,2025-09-18 17:25:20.069369
116,300,click,2025-09-24 17:25:20.069369
113,90,click,2025-11-30 17:25:20.069369
31,29,click,2025-07-25 17:25:20.069369
7,176,click,2025-06-23 17:25:20.069369
414,220,add_to_cart,2025-09-18 17:25:20.069369
442,136,click,2025-10-22 17:25:20.069369
3,175,add_to_cart,2025-07-13 17:25:20.069369
307,126,purchase,2025-07-18 17:25:20.069369
243,171,click,2025-11-16 17:25:20.069369
56,266,purchase,2025-09-11 17:25:20.069369
